2026-09-10 07:53:33.646 +02:00 [WRN] No instantiatable types implementing `IEntityTypeConfiguration` were found while scanning assembly 'Payroll.Infrastructure, Version=1.0.0.0, Culture=neutral, PublicKeyToken=null'.
2026-09-10 07:53:36.056 +02:00 [WRN] The WebRootPath was not found: D:\repos\payrollsa\Backend\src\Payroll.Api\wwwroot. Static files may be unavailable.
2026-09-10 07:53:36.344 +02:00 [WRN] The WebRootPath was not found: D:\repos\payrollsa\Backend\src\Payroll.Api\wwwroot. Static files may be unavailable.
2026-09-10 07:53:36.470 +02:00 [INF] Starting Hangfire Server using job storage: 'In-Memory Storage'
2026-09-10 07:53:36.473 +02:00 [INF] Using the following options for Hangfire Server:
    Worker count: 20
    Listening queues: 'default'
    Shutdown timeout: 00:00:15
    Schedule polling interval: 00:00:15
2026-09-10 07:53:36.503 +02:00 [INF] Server desktop-3ro9ejj:14884:c9fbe47d successfully announced in 6,7598 ms
2026-09-10 07:53:36.510 +02:00 [INF] Server desktop-3ro9ejj:14884:c9fbe47d is starting the registered dispatchers: ServerWatchdog, ServerJobCancellationWatcher, Worker, DelayedJobScheduler, RecurringJobScheduler...
2026-09-10 07:53:36.560 +02:00 [INF] Server desktop-3ro9ejj:14884:c9fbe47d all the dispatchers started
2026-09-10 07:54:07.685 +02:00 [WRN] Failed to determine the https port for redirect.
2026-09-10 07:54:08.359 +02:00 [INF] HTTP OPTIONS /api/dashboard/summary responded 204 in 687.6884 ms
2026-09-10 07:54:08.359 +02:00 [INF] HTTP OPTIONS /api/dashboard/summary responded 204 in 692.8866 ms
2026-09-10 07:54:09.428 +02:00 [INF] HTTP GET /api/dashboard/summary responded 401 in 1035.3634 ms
2026-09-10 07:54:09.479 +02:00 [INF] HTTP GET /api/dashboard/summary responded 401 in 34.5663 ms
2026-09-10 07:54:12.461 +02:00 [INF] HTTP OPTIONS /api/auth/login responded 204 in 8.6363 ms
2026-09-10 07:54:12.616 +02:00 [WRN] You do not have a valid license key for the Lucky Penny software MediatR. This is allowed for development and testing scenarios. If you are running in production you are required to have a licensed version. Please visit https://luckypennysoftware.com to obtain a valid license.
2026-09-10 07:54:13.748 +02:00 [ERR] Could not persist audit log for /api/auth/login
Microsoft.EntityFrameworkCore.DbUpdateConcurrencyException: The database operation was expected to affect 1 row(s), but actually affected 0 row(s); data may have been modified or deleted since entities were loaded. See https://go.microsoft.com/fwlink/?LinkId=527962 for information on understanding and handling optimistic concurrency exceptions.
   at Microsoft.EntityFrameworkCore.Update.AffectedCountModificationCommandBatch.ThrowAggregateUpdateConcurrencyExceptionAsync(RelationalDataReader reader, Int32 commandIndex, Int32 expectedRowsAffected, Int32 rowsAffected, CancellationToken cancellationToken)
   at Microsoft.EntityFrameworkCore.Update.AffectedCountModificationCommandBatch.ConsumeResultSetWithRowsAffectedOnlyAsync(Int32 commandIndex, RelationalDataReader reader, CancellationToken cancellationToken)
   at Microsoft.EntityFrameworkCore.Update.AffectedCountModificationCommandBatch.ConsumeAsync(RelationalDataReader reader, CancellationToken cancellationToken)
   at Microsoft.EntityFrameworkCore.Update.ReaderModificationCommandBatch.ExecuteAsync(IRelationalConnection connection, CancellationToken cancellationToken)
   at Microsoft.EntityFrameworkCore.Update.ReaderModificationCommandBatch.ExecuteAsync(IRelationalConnection connection, CancellationToken cancellationToken)
   at Microsoft.EntityFrameworkCore.Update.Internal.BatchExecutor.ExecuteAsync(IEnumerable`1 commandBatches, IRelationalConnection connection, CancellationToken cancellationToken)
   at Microsoft.EntityFrameworkCore.Update.Internal.BatchExecutor.ExecuteAsync(IEnumerable`1 commandBatches, IRelationalConnection connection, CancellationToken cancellationToken)
   at Microsoft.EntityFrameworkCore.Update.Internal.BatchExecutor.ExecuteAsync(IEnumerable`1 commandBatches, IRelationalConnection connection, CancellationToken cancellationToken)
   at Microsoft.EntityFrameworkCore.Storage.RelationalDatabase.SaveChangesAsync(IList`1 entries, CancellationToken cancellationToken)
   at Microsoft.EntityFrameworkCore.ChangeTracking.Internal.StateManager.SaveChangesAsync(IList`1 entriesToSave, CancellationToken cancellationToken)
   at Microsoft.EntityFrameworkCore.ChangeTracking.Internal.StateManager.SaveChangesAsync(StateManager stateManager, Boolean acceptAllChangesOnSuccess, CancellationToken cancellationToken)
   at Microsoft.EntityFrameworkCore.DbContext.SaveChangesAsync(Boolean acceptAllChangesOnSuccess, CancellationToken cancellationToken)
   at Payroll.Api.Middleware.AuditMiddleware.InvokeAsync(HttpContext context, AppDbContext db) in D:\repos\payrollsa\Backend\src\Payroll.Api\Middleware\AuditMiddleware.cs:line 47
2026-09-10 07:54:13.808 +02:00 [INF] HTTP POST /api/auth/login responded 200 in 1338.0320 ms
2026-09-10 07:54:13.848 +02:00 [INF] HTTP OPTIONS /api/dashboard/summary responded 204 in 9.2798 ms
2026-09-10 07:54:13.851 +02:00 [INF] HTTP OPTIONS /api/dashboard/summary responded 204 in 8.5441 ms
2026-09-10 07:54:14.654 +02:00 [INF] HTTP GET /api/dashboard/summary responded 200 in 793.3940 ms
2026-09-10 07:54:14.806 +02:00 [INF] HTTP GET /api/dashboard/summary responded 200 in 291.5836 ms
2026-09-10 07:54:21.912 +02:00 [INF] HTTP OPTIONS /api/employees responded 204 in 8.8984 ms
2026-09-10 07:54:22.066 +02:00 [INF] HTTP GET /api/employees responded 200 in 143.4055 ms
2026-09-10 07:54:26.440 +02:00 [INF] HTTP GET /api/employees responded 200 in 11.7587 ms
2026-09-10 07:54:28.543 +02:00 [INF] HTTP OPTIONS /api/payroll/periods responded 204 in 9.0625 ms
2026-09-10 07:54:28.679 +02:00 [INF] HTTP GET /api/payroll/periods responded 200 in 123.9928 ms
2026-09-10 07:54:30.786 +02:00 [INF] HTTP OPTIONS /api/leave responded 204 in 10.4048 ms
2026-09-10 07:54:30.947 +02:00 [INF] HTTP GET /api/leave responded 200 in 139.9197 ms
2026-09-10 07:54:34.580 +02:00 [INF] HTTP OPTIONS /api/payslips/periods responded 204 in 5.1032 ms
2026-09-10 07:54:34.676 +02:00 [INF] HTTP GET /api/payslips/periods responded 200 in 85.1423 ms
2026-09-10 07:54:40.385 +02:00 [INF] HTTP OPTIONS /api/payroll/periods responded 204 in 5.2455 ms
2026-09-10 07:54:40.401 +02:00 [INF] HTTP GET /api/payroll/periods responded 200 in 8.6548 ms
2026-09-10 07:54:41.523 +02:00 [INF] HTTP OPTIONS /api/payroll/c10315d7-c3f3-4db4-b42c-bcd5beca2afe responded 204 in 5.6405 ms
2026-09-10 07:54:41.672 +02:00 [INF] HTTP GET /api/payroll/c10315d7-c3f3-4db4-b42c-bcd5beca2afe responded 200 in 141.2350 ms
2026-09-10 07:54:41.678 +02:00 [INF] HTTP OPTIONS /api/payroll/c10315d7-c3f3-4db4-b42c-bcd5beca2afe/lines responded 204 in 159.4436 ms
2026-09-10 07:54:41.825 +02:00 [WRN] Compiling a query which loads related collections for more than one collection navigation, either via 'Include' or through projection, but no 'QuerySplittingBehavior' has been configured. By default, Entity Framework will use 'QuerySplittingBehavior.SingleQuery', which can potentially result in slow query performance. See https://go.microsoft.com/fwlink/?linkid=2134277 for more information. To identify the query that's triggering this warning call 'ConfigureWarnings(w => w.Throw(RelationalEventId.MultipleCollectionIncludeWarning))'.
2026-09-10 07:54:42.673 +02:00 [INF] HTTP GET /api/payroll/c10315d7-c3f3-4db4-b42c-bcd5beca2afe/lines responded 200 in 981.4890 ms
2026-09-10 07:54:55.653 +02:00 [INF] HTTP OPTIONS /api/companies/6266b913-2edc-4388-9585-0fd6464bf4eb responded 204 in 5.9593 ms
2026-09-10 07:54:55.880 +02:00 [INF] HTTP GET /api/companies/6266b913-2edc-4388-9585-0fd6464bf4eb responded 200 in 220.7932 ms
2026-09-10 07:55:08.509 +02:00 [INF] HTTP OPTIONS /api/payslips/periods responded 204 in 8.1005 ms
2026-09-10 07:55:08.539 +02:00 [INF] HTTP GET /api/payslips/periods responded 200 in 21.3544 ms
2026-09-10 07:55:09.582 +02:00 [INF] HTTP OPTIONS /api/payslips/period/c10315d7-c3f3-4db4-b42c-bcd5beca2afe responded 204 in 7.0644 ms
2026-09-10 07:55:09.692 +02:00 [INF] HTTP GET /api/payslips/period/c10315d7-c3f3-4db4-b42c-bcd5beca2afe responded 200 in 101.3421 ms
2026-09-10 07:55:11.060 +02:00 [INF] HTTP OPTIONS /api/payslips/13dae4e0-34c5-45f8-b4ea-ed86710b2263/detail responded 204 in 6.6490 ms
2026-09-10 07:55:11.152 +02:00 [WRN] Compiling a query which loads related collections for more than one collection navigation, either via 'Include' or through projection, but no 'QuerySplittingBehavior' has been configured. By default, Entity Framework will use 'QuerySplittingBehavior.SingleQuery', which can potentially result in slow query performance. See https://go.microsoft.com/fwlink/?linkid=2134277 for more information. To identify the query that's triggering this warning call 'ConfigureWarnings(w => w.Throw(RelationalEventId.MultipleCollectionIncludeWarning))'.
2026-09-10 07:55:11.304 +02:00 [INF] HTTP GET /api/payslips/13dae4e0-34c5-45f8-b4ea-ed86710b2263/detail responded 200 in 234.0191 ms
2026-09-10 07:55:16.262 +02:00 [INF] HTTP OPTIONS /api/payslips/period/c10315d7-c3f3-4db4-b42c-bcd5beca2afe responded 204 in 5.5753 ms
2026-09-10 07:55:16.280 +02:00 [INF] HTTP GET /api/payslips/period/c10315d7-c3f3-4db4-b42c-bcd5beca2afe responded 200 in 11.8838 ms
2026-09-10 07:55:19.398 +02:00 [INF] HTTP OPTIONS /api/payslips/f154ebdc-39c6-4c79-89ee-a15cbf7b8d03/detail responded 204 in 5.5268 ms
2026-09-10 07:55:19.416 +02:00 [INF] HTTP GET /api/payslips/f154ebdc-39c6-4c79-89ee-a15cbf7b8d03/detail responded 200 in 12.7342 ms
2026-09-10 07:55:25.258 +02:00 [INF] HTTP OPTIONS /api/companies/6266b913-2edc-4388-9585-0fd6464bf4eb responded 204 in 6.2335 ms
2026-09-10 07:55:25.278 +02:00 [INF] HTTP GET /api/companies/6266b913-2edc-4388-9585-0fd6464bf4eb responded 200 in 11.4546 ms
2026-09-10 07:55:29.400 +02:00 [INF] HTTP OPTIONS /api/payslips/periods responded 204 in 7.2701 ms
2026-09-10 07:55:29.419 +02:00 [INF] HTTP GET /api/payslips/periods responded 200 in 13.6594 ms
2026-09-10 07:55:30.523 +02:00 [INF] HTTP OPTIONS /api/payslips/period/c10315d7-c3f3-4db4-b42c-bcd5beca2afe responded 204 in 7.5175 ms
2026-09-10 07:55:30.540 +02:00 [INF] HTTP GET /api/payslips/period/c10315d7-c3f3-4db4-b42c-bcd5beca2afe responded 200 in 11.1348 ms
2026-09-10 07:55:31.654 +02:00 [INF] HTTP OPTIONS /api/payslips/13dae4e0-34c5-45f8-b4ea-ed86710b2263/detail responded 204 in 5.7616 ms
2026-09-10 07:55:31.674 +02:00 [INF] HTTP GET /api/payslips/13dae4e0-34c5-45f8-b4ea-ed86710b2263/detail responded 200 in 14.0964 ms
2026-09-10 07:55:36.109 +02:00 [INF] HTTP OPTIONS /api/payslips/period/c10315d7-c3f3-4db4-b42c-bcd5beca2afe responded 204 in 7.8759 ms
2026-09-10 07:55:36.126 +02:00 [INF] HTTP GET /api/payslips/period/c10315d7-c3f3-4db4-b42c-bcd5beca2afe responded 200 in 10.7970 ms
2026-09-10 07:55:40.469 +02:00 [INF] HTTP OPTIONS /api/payslips/periods responded 204 in 7.1744 ms
2026-09-10 07:55:40.484 +02:00 [INF] HTTP GET /api/payslips/periods responded 200 in 7.7351 ms
2026-09-10 07:55:45.266 +02:00 [INF] HTTP OPTIONS /api/payroll/periods responded 204 in 5.1408 ms
2026-09-10 07:55:45.281 +02:00 [INF] HTTP GET /api/payroll/periods responded 200 in 9.0537 ms
2026-09-10 07:55:47.805 +02:00 [INF] HTTP OPTIONS /api/payroll/generate responded 204 in 5.3954 ms
2026-09-10 07:55:47.885 +02:00 [INF] HTTP POST /api/payroll/generate responded 400 in 75.6455 ms
2026-09-10 07:55:58.809 +02:00 [INF] HTTP OPTIONS /api/tax/year responded 204 in 6.7858 ms
2026-09-10 07:55:58.922 +02:00 [WRN] Compiling a query which loads related collections for more than one collection navigation, either via 'Include' or through projection, but no 'QuerySplittingBehavior' has been configured. By default, Entity Framework will use 'QuerySplittingBehavior.SingleQuery', which can potentially result in slow query performance. See https://go.microsoft.com/fwlink/?linkid=2134277 for more information. To identify the query that's triggering this warning call 'ConfigureWarnings(w => w.Throw(RelationalEventId.MultipleCollectionIncludeWarning))'.
2026-09-10 07:55:59.427 +02:00 [INF] HTTP GET /api/tax/year responded 200 in 607.2621 ms
2026-09-10 07:56:01.356 +02:00 [INF] HTTP OPTIONS /api/settings/leave-types responded 204 in 5.2585 ms
2026-09-10 07:56:01.436 +02:00 [INF] HTTP GET /api/settings/leave-types responded 200 in 74.0269 ms
2026-09-10 07:57:00.984 +02:00 [INF] HTTP OPTIONS /api/employees responded 204 in 5.6761 ms
2026-09-10 07:57:01.004 +02:00 [INF] HTTP GET /api/employees responded 200 in 12.9711 ms
2026-09-10 07:57:03.740 +02:00 [INF] HTTP OPTIONS /api/employee-deductions responded 204 in 5.0649 ms
2026-09-10 07:57:03.805 +02:00 [INF] HTTP GET /api/employee-deductions responded 200 in 59.1839 ms
2026-09-10 07:57:09.824 +02:00 [INF] HTTP OPTIONS /api/payslips/periods responded 204 in 7.5262 ms
2026-09-10 07:57:09.839 +02:00 [INF] HTTP GET /api/payslips/periods responded 200 in 8.8635 ms
2026-09-10 07:57:10.954 +02:00 [INF] HTTP OPTIONS /api/leave responded 204 in 7.0641 ms
2026-09-10 07:57:10.972 +02:00 [INF] HTTP GET /api/leave responded 200 in 11.7332 ms
2026-09-10 07:57:13.079 +02:00 [INF] HTTP OPTIONS /api/dashboard/summary responded 204 in 4.5357 ms
2026-09-10 07:57:13.108 +02:00 [INF] HTTP GET /api/dashboard/summary responded 200 in 21.9774 ms
2026-09-10 07:57:39.057 +02:00 [INF] HTTP OPTIONS /api/employees responded 204 in 8.6311 ms
2026-09-10 07:57:39.082 +02:00 [INF] HTTP GET /api/employees responded 200 in 15.6670 ms
2026-09-10 07:57:43.769 +02:00 [INF] HTTP GET /api/employees responded 200 in 6.7684 ms
2026-09-10 07:57:44.754 +02:00 [INF] HTTP OPTIONS /api/departments responded 204 in 5.9705 ms
2026-09-10 07:57:44.848 +02:00 [ERR] Failed executing DbCommand (7ms) [Parameters=[@companyId='?' (DbType = Guid)], CommandType='"Text"', CommandTimeout='30']
SELECT "d"."Id", "d"."CompanyId", "d"."Name", "d"."IsSystemDepartment", "d"."IsDefault"
FROM "Departments" AS "d"
WHERE "d"."CompanyId" = @companyId AND NOT ("d"."IsDeleted")
ORDER BY "d"."IsSystemDepartment" DESC, "d"."Name"
2026-09-10 07:57:44.866 +02:00 [ERR] An exception occurred while iterating over the results of a query for context type 'Payroll.Infrastructure.Persistence.AppDbContext'.
Microsoft.Data.Sqlite.SqliteException (0x80004005): SQLite Error 1: 'no such column: d.IsDefault'.
   at Microsoft.Data.Sqlite.SqliteCommand.PrepareAndEnumerateStatements()+MoveNext()
   at Microsoft.Data.Sqlite.SqliteCommand.GetStatements()+MoveNext()
   at Microsoft.Data.Sqlite.SqliteDataReader.NextResult()
   at Microsoft.Data.Sqlite.SqliteCommand.ExecuteReader(CommandBehavior behavior)
   at Microsoft.Data.Sqlite.SqliteCommand.ExecuteDbDataReaderAsync(CommandBehavior behavior, CancellationToken cancellationToken)
   at Microsoft.EntityFrameworkCore.Storage.RelationalCommand.ExecuteReaderAsync(RelationalCommandParameterObject parameterObject, CancellationToken cancellationToken)
   at Microsoft.EntityFrameworkCore.Storage.RelationalCommand.ExecuteReaderAsync(RelationalCommandParameterObject parameterObject, CancellationToken cancellationToken)
   at Microsoft.EntityFrameworkCore.Query.Internal.SingleQueryingEnumerable`1.AsyncEnumerator.InitializeReaderAsync(AsyncEnumerator enumerator, CancellationToken cancellationToken)
   at Microsoft.EntityFrameworkCore.Query.Internal.SingleQueryingEnumerable`1.AsyncEnumerator.MoveNextAsync()
Microsoft.Data.Sqlite.SqliteException (0x80004005): SQLite Error 1: 'no such column: d.IsDefault'.
   at Microsoft.Data.Sqlite.SqliteCommand.PrepareAndEnumerateStatements()+MoveNext()
   at Microsoft.Data.Sqlite.SqliteCommand.GetStatements()+MoveNext()
   at Microsoft.Data.Sqlite.SqliteDataReader.NextResult()
   at Microsoft.Data.Sqlite.SqliteCommand.ExecuteReader(CommandBehavior behavior)
   at Microsoft.Data.Sqlite.SqliteCommand.ExecuteDbDataReaderAsync(CommandBehavior behavior, CancellationToken cancellationToken)
   at Microsoft.EntityFrameworkCore.Storage.RelationalCommand.ExecuteReaderAsync(RelationalCommandParameterObject parameterObject, CancellationToken cancellationToken)
   at Microsoft.EntityFrameworkCore.Storage.RelationalCommand.ExecuteReaderAsync(RelationalCommandParameterObject parameterObject, CancellationToken cancellationToken)
   at Microsoft.EntityFrameworkCore.Query.Internal.SingleQueryingEnumerable`1.AsyncEnumerator.InitializeReaderAsync(AsyncEnumerator enumerator, CancellationToken cancellationToken)
   at Microsoft.EntityFrameworkCore.Query.Internal.SingleQueryingEnumerable`1.AsyncEnumerator.MoveNextAsync()
2026-09-10 07:57:44.883 +02:00 [ERR] Unhandled exception: SQLite Error 1: 'no such column: d.IsDefault'.
Microsoft.Data.Sqlite.SqliteException (0x80004005): SQLite Error 1: 'no such column: d.IsDefault'.
   at Microsoft.Data.Sqlite.SqliteCommand.PrepareAndEnumerateStatements()+MoveNext()
   at Microsoft.Data.Sqlite.SqliteCommand.GetStatements()+MoveNext()
   at Microsoft.Data.Sqlite.SqliteDataReader.NextResult()
   at Microsoft.Data.Sqlite.SqliteCommand.ExecuteReader(CommandBehavior behavior)
   at Microsoft.Data.Sqlite.SqliteCommand.ExecuteDbDataReaderAsync(CommandBehavior behavior, CancellationToken cancellationToken)
   at Microsoft.EntityFrameworkCore.Storage.RelationalCommand.ExecuteReaderAsync(RelationalCommandParameterObject parameterObject, CancellationToken cancellationToken)
   at Microsoft.EntityFrameworkCore.Storage.RelationalCommand.ExecuteReaderAsync(RelationalCommandParameterObject parameterObject, CancellationToken cancellationToken)
   at Microsoft.EntityFrameworkCore.Query.Internal.SingleQueryingEnumerable`1.AsyncEnumerator.InitializeReaderAsync(AsyncEnumerator enumerator, CancellationToken cancellationToken)
   at Microsoft.EntityFrameworkCore.Query.Internal.SingleQueryingEnumerable`1.AsyncEnumerator.MoveNextAsync()
   at Microsoft.EntityFrameworkCore.EntityFrameworkQueryableExtensions.ToListAsync[TSource](IQueryable`1 source, CancellationToken cancellationToken)
   at Microsoft.EntityFrameworkCore.EntityFrameworkQueryableExtensions.ToListAsync[TSource](IQueryable`1 source, CancellationToken cancellationToken)
   at Payroll.Application.Employees.GetDepartmentsHandler.Handle(GetDepartmentsQuery request, CancellationToken ct) in D:\repos\payrollsa\Backend\src\Payroll.Application\Employees\DepartmentOperations.cs:line 19
   at Payroll.Application.Common.Behaviours.LoggingBehaviour`2.Handle(TRequest request, RequestHandlerDelegate`1 next, CancellationToken ct) in D:\repos\payrollsa\Backend\src\Payroll.Application\Common\Behaviours\LoggingBehaviour.cs:line 14
   at Payroll.Application.Common.Behaviours.ValidationBehaviour`2.Handle(TRequest request, RequestHandlerDelegate`1 next, CancellationToken ct) in D:\repos\payrollsa\Backend\src\Payroll.Application\Common\Behaviours\ValidationBehaviour.cs:line 15
   at Payroll.Api.Controllers.DepartmentsController.GetAll(Guid companyId, CancellationToken ct) in D:\repos\payrollsa\Backend\src\Payroll.Api\Controllers\DepartmentsController.cs:line 15
   at Microsoft.AspNetCore.Mvc.Infrastructure.ActionMethodExecutor.TaskOfIActionResultExecutor.Execute(ActionContext actionContext, IActionResultTypeMapper mapper, ObjectMethodExecutor executor, Object controller, Object[] arguments)
   at Microsoft.AspNetCore.Mvc.Infrastructure.ControllerActionInvoker.<InvokeActionMethodAsync>g__Awaited|12_0(ControllerActionInvoker invoker, ValueTask`1 actionResultValueTask)
   at Microsoft.AspNetCore.Mvc.Infrastructure.ControllerActionInvoker.<InvokeNextActionFilterAsync>g__Awaited|10_0(ControllerActionInvoker invoker, Task lastTask, State next, Scope scope, Object state, Boolean isCompleted)
   at Microsoft.AspNetCore.Mvc.Infrastructure.ControllerActionInvoker.Rethrow(ActionExecutedContextSealed context)
   at Microsoft.AspNetCore.Mvc.Infrastructure.ControllerActionInvoker.Next(State& next, Scope& scope, Object& state, Boolean& isCompleted)
   at Microsoft.AspNetCore.Mvc.Infrastructure.ControllerActionInvoker.InvokeInnerFilterAsync()
--- End of stack trace from previous location ---
   at Microsoft.AspNetCore.Mvc.Infrastructure.ResourceInvoker.<InvokeFilterPipelineAsync>g__Awaited|20_0(ResourceInvoker invoker, Task lastTask, State next, Scope scope, Object state, Boolean isCompleted)
   at Microsoft.AspNetCore.Mvc.Infrastructure.ResourceInvoker.<InvokeAsync>g__Awaited|17_0(ResourceInvoker invoker, Task task, IDisposable scope)
   at Microsoft.AspNetCore.Mvc.Infrastructure.ResourceInvoker.<InvokeAsync>g__Awaited|17_0(ResourceInvoker invoker, Task task, IDisposable scope)
   at Swashbuckle.AspNetCore.SwaggerUI.SwaggerUIMiddleware.Invoke(HttpContext httpContext)
   at Swashbuckle.AspNetCore.Swagger.SwaggerMiddleware.Invoke(HttpContext httpContext, ISwaggerProvider swaggerProvider)
   at Microsoft.AspNetCore.Authorization.AuthorizationMiddleware.Invoke(HttpContext context)
   at Microsoft.AspNetCore.Authentication.AuthenticationMiddleware.Invoke(HttpContext context)
   at Payroll.Api.Middleware.AuditMiddleware.InvokeAsync(HttpContext context, AppDbContext db) in D:\repos\payrollsa\Backend\src\Payroll.Api\Middleware\AuditMiddleware.cs:line 16
   at Payroll.Api.Middleware.AuditMiddleware.InvokeAsync(HttpContext context, AppDbContext db) in D:\repos\payrollsa\Backend\src\Payroll.Api\Middleware\AuditMiddleware.cs:line 54
   at Payroll.Api.Middleware.ExceptionMiddleware.InvokeAsync(HttpContext context) in D:\repos\payrollsa\Backend\src\Payroll.Api\Middleware\ExceptionMiddleware.cs:line 14
2026-09-10 07:57:44.911 +02:00 [INF] HTTP OPTIONS /api/employees/61e21ece-bfa4-4341-8341-8e4d03cba815 responded 204 in 158.3815 ms
2026-09-10 07:57:44.926 +02:00 [ERR] HTTP GET /api/departments responded 500 in 160.0449 ms
2026-09-10 07:57:45.065 +02:00 [INF] HTTP GET /api/employees/61e21ece-bfa4-4341-8341-8e4d03cba815 responded 200 in 142.7929 ms
2026-09-10 07:57:47.853 +02:00 [INF] HTTP OPTIONS /api/employees responded 204 in 4.1896 ms
2026-09-10 07:57:47.866 +02:00 [INF] HTTP GET /api/employees responded 200 in 6.4316 ms
2026-09-10 07:58:00.818 +02:00 [INF] HTTP OPTIONS /api/employees responded 204 in 4.3655 ms
2026-09-10 07:58:00.830 +02:00 [INF] HTTP GET /api/employees responded 200 in 5.8134 ms
2026-09-10 07:58:49.694 +02:00 [INF] HTTP OPTIONS /api/departments responded 204 in 6.5084 ms
2026-09-10 07:58:49.719 +02:00 [ERR] Failed executing DbCommand (2ms) [Parameters=[@companyId='?' (DbType = Guid)], CommandType='"Text"', CommandTimeout='30']
SELECT "d"."Id", "d"."CompanyId", "d"."Name", "d"."IsSystemDepartment", "d"."IsDefault"
FROM "Departments" AS "d"
WHERE "d"."CompanyId" = @companyId AND NOT ("d"."IsDeleted")
ORDER BY "d"."IsSystemDepartment" DESC, "d"."Name"
2026-09-10 07:58:49.735 +02:00 [ERR] An exception occurred while iterating over the results of a query for context type 'Payroll.Infrastructure.Persistence.AppDbContext'.
Microsoft.Data.Sqlite.SqliteException (0x80004005): SQLite Error 1: 'no such column: d.IsDefault'.
   at Microsoft.Data.Sqlite.SqliteCommand.PrepareAndEnumerateStatements()+MoveNext()
   at Microsoft.Data.Sqlite.SqliteCommand.GetStatements()+MoveNext()
   at Microsoft.Data.Sqlite.SqliteDataReader.NextResult()
   at Microsoft.Data.Sqlite.SqliteCommand.ExecuteReader(CommandBehavior behavior)
   at Microsoft.Data.Sqlite.SqliteCommand.ExecuteDbDataReaderAsync(CommandBehavior behavior, CancellationToken cancellationToken)
   at Microsoft.EntityFrameworkCore.Storage.RelationalCommand.ExecuteReaderAsync(RelationalCommandParameterObject parameterObject, CancellationToken cancellationToken)
   at Microsoft.EntityFrameworkCore.Storage.RelationalCommand.ExecuteReaderAsync(RelationalCommandParameterObject parameterObject, CancellationToken cancellationToken)
   at Microsoft.EntityFrameworkCore.Query.Internal.SingleQueryingEnumerable`1.AsyncEnumerator.InitializeReaderAsync(AsyncEnumerator enumerator, CancellationToken cancellationToken)
   at Microsoft.EntityFrameworkCore.Query.Internal.SingleQueryingEnumerable`1.AsyncEnumerator.MoveNextAsync()
Microsoft.Data.Sqlite.SqliteException (0x80004005): SQLite Error 1: 'no such column: d.IsDefault'.
   at Microsoft.Data.Sqlite.SqliteCommand.PrepareAndEnumerateStatements()+MoveNext()
   at Microsoft.Data.Sqlite.SqliteCommand.GetStatements()+MoveNext()
   at Microsoft.Data.Sqlite.SqliteDataReader.NextResult()
   at Microsoft.Data.Sqlite.SqliteCommand.ExecuteReader(CommandBehavior behavior)
   at Microsoft.Data.Sqlite.SqliteCommand.ExecuteDbDataReaderAsync(CommandBehavior behavior, CancellationToken cancellationToken)
   at Microsoft.EntityFrameworkCore.Storage.RelationalCommand.ExecuteReaderAsync(RelationalCommandParameterObject parameterObject, CancellationToken cancellationToken)
   at Microsoft.EntityFrameworkCore.Storage.RelationalCommand.ExecuteReaderAsync(RelationalCommandParameterObject parameterObject, CancellationToken cancellationToken)
   at Microsoft.EntityFrameworkCore.Query.Internal.SingleQueryingEnumerable`1.AsyncEnumerator.InitializeReaderAsync(AsyncEnumerator enumerator, CancellationToken cancellationToken)
   at Microsoft.EntityFrameworkCore.Query.Internal.SingleQueryingEnumerable`1.AsyncEnumerator.MoveNextAsync()
2026-09-10 07:58:49.761 +02:00 [ERR] Unhandled exception: SQLite Error 1: 'no such column: d.IsDefault'.
Microsoft.Data.Sqlite.SqliteException (0x80004005): SQLite Error 1: 'no such column: d.IsDefault'.
   at Microsoft.Data.Sqlite.SqliteCommand.PrepareAndEnumerateStatements()+MoveNext()
   at Microsoft.Data.Sqlite.SqliteCommand.GetStatements()+MoveNext()
   at Microsoft.Data.Sqlite.SqliteDataReader.NextResult()
   at Microsoft.Data.Sqlite.SqliteCommand.ExecuteReader(CommandBehavior behavior)
   at Microsoft.Data.Sqlite.SqliteCommand.ExecuteDbDataReaderAsync(CommandBehavior behavior, CancellationToken cancellationToken)
   at Microsoft.EntityFrameworkCore.Storage.RelationalCommand.ExecuteReaderAsync(RelationalCommandParameterObject parameterObject, CancellationToken cancellationToken)
   at Microsoft.EntityFrameworkCore.Storage.RelationalCommand.ExecuteReaderAsync(RelationalCommandParameterObject parameterObject, CancellationToken cancellationToken)
   at Microsoft.EntityFrameworkCore.Query.Internal.SingleQueryingEnumerable`1.AsyncEnumerator.InitializeReaderAsync(AsyncEnumerator enumerator, CancellationToken cancellationToken)
   at Microsoft.EntityFrameworkCore.Query.Internal.SingleQueryingEnumerable`1.AsyncEnumerator.MoveNextAsync()
   at Microsoft.EntityFrameworkCore.EntityFrameworkQueryableExtensions.ToListAsync[TSource](IQueryable`1 source, CancellationToken cancellationToken)
   at Microsoft.EntityFrameworkCore.EntityFrameworkQueryableExtensions.ToListAsync[TSource](IQueryable`1 source, CancellationToken cancellationToken)
   at Payroll.Application.Employees.GetDepartmentsHandler.Handle(GetDepartmentsQuery request, CancellationToken ct) in D:\repos\payrollsa\Backend\src\Payroll.Application\Employees\DepartmentOperations.cs:line 19
   at Payroll.Application.Common.Behaviours.LoggingBehaviour`2.Handle(TRequest request, RequestHandlerDelegate`1 next, CancellationToken ct) in D:\repos\payrollsa\Backend\src\Payroll.Application\Common\Behaviours\LoggingBehaviour.cs:line 14
   at Payroll.Application.Common.Behaviours.ValidationBehaviour`2.Handle(TRequest request, RequestHandlerDelegate`1 next, CancellationToken ct) in D:\repos\payrollsa\Backend\src\Payroll.Application\Common\Behaviours\ValidationBehaviour.cs:line 15
   at Payroll.Api.Controllers.DepartmentsController.GetAll(Guid companyId, CancellationToken ct) in D:\repos\payrollsa\Backend\src\Payroll.Api\Controllers\DepartmentsController.cs:line 15
   at Microsoft.AspNetCore.Mvc.Infrastructure.ActionMethodExecutor.TaskOfIActionResultExecutor.Execute(ActionContext actionContext, IActionResultTypeMapper mapper, ObjectMethodExecutor executor, Object controller, Object[] arguments)
   at Microsoft.AspNetCore.Mvc.Infrastructure.ControllerActionInvoker.<InvokeActionMethodAsync>g__Awaited|12_0(ControllerActionInvoker invoker, ValueTask`1 actionResultValueTask)
   at Microsoft.AspNetCore.Mvc.Infrastructure.ControllerActionInvoker.<InvokeNextActionFilterAsync>g__Awaited|10_0(ControllerActionInvoker invoker, Task lastTask, State next, Scope scope, Object state, Boolean isCompleted)
   at Microsoft.AspNetCore.Mvc.Infrastructure.ControllerActionInvoker.Rethrow(ActionExecutedContextSealed context)
   at Microsoft.AspNetCore.Mvc.Infrastructure.ControllerActionInvoker.Next(State& next, Scope& scope, Object& state, Boolean& isCompleted)
   at Microsoft.AspNetCore.Mvc.Infrastructure.ControllerActionInvoker.InvokeInnerFilterAsync()
--- End of stack trace from previous location ---
   at Microsoft.AspNetCore.Mvc.Infrastructure.ResourceInvoker.<InvokeFilterPipelineAsync>g__Awaited|20_0(ResourceInvoker invoker, Task lastTask, State next, Scope scope, Object state, Boolean isCompleted)
   at Microsoft.AspNetCore.Mvc.Infrastructure.ResourceInvoker.<InvokeAsync>g__Awaited|17_0(ResourceInvoker invoker, Task task, IDisposable scope)
   at Microsoft.AspNetCore.Mvc.Infrastructure.ResourceInvoker.<InvokeAsync>g__Awaited|17_0(ResourceInvoker invoker, Task task, IDisposable scope)
   at Swashbuckle.AspNetCore.SwaggerUI.SwaggerUIMiddleware.Invoke(HttpContext httpContext)
   at Swashbuckle.AspNetCore.Swagger.SwaggerMiddleware.Invoke(HttpContext httpContext, ISwaggerProvider swaggerProvider)
   at Microsoft.AspNetCore.Authorization.AuthorizationMiddleware.Invoke(HttpContext context)
   at Microsoft.AspNetCore.Authentication.AuthenticationMiddleware.Invoke(HttpContext context)
   at Payroll.Api.Middleware.AuditMiddleware.InvokeAsync(HttpContext context, AppDbContext db) in D:\repos\payrollsa\Backend\src\Payroll.Api\Middleware\AuditMiddleware.cs:line 16
   at Payroll.Api.Middleware.AuditMiddleware.InvokeAsync(HttpContext context, AppDbContext db) in D:\repos\payrollsa\Backend\src\Payroll.Api\Middleware\AuditMiddleware.cs:line 54
   at Payroll.Api.Middleware.ExceptionMiddleware.InvokeAsync(HttpContext context) in D:\repos\payrollsa\Backend\src\Payroll.Api\Middleware\ExceptionMiddleware.cs:line 14
2026-09-10 07:58:49.800 +02:00 [ERR] HTTP GET /api/departments responded 500 in 91.9420 ms
2026-09-10 07:58:53.852 +02:00 [ERR] Failed executing DbCommand (0ms) [Parameters=[@companyId='?' (DbType = Guid)], CommandType='"Text"', CommandTimeout='30']
SELECT "d"."Id", "d"."CompanyId", "d"."Name", "d"."IsSystemDepartment", "d"."IsDefault"
FROM "Departments" AS "d"
WHERE "d"."CompanyId" = @companyId AND NOT ("d"."IsDeleted")
ORDER BY "d"."IsSystemDepartment" DESC, "d"."Name"
2026-09-10 07:58:53.861 +02:00 [ERR] An exception occurred while iterating over the results of a query for context type 'Payroll.Infrastructure.Persistence.AppDbContext'.
Microsoft.Data.Sqlite.SqliteException (0x80004005): SQLite Error 1: 'no such column: d.IsDefault'.
   at Microsoft.Data.Sqlite.SqliteCommand.PrepareAndEnumerateStatements()+MoveNext()
   at Microsoft.Data.Sqlite.SqliteCommand.GetStatements()+MoveNext()
   at Microsoft.Data.Sqlite.SqliteDataReader.NextResult()
   at Microsoft.Data.Sqlite.SqliteCommand.ExecuteReader(CommandBehavior behavior)
   at Microsoft.Data.Sqlite.SqliteCommand.ExecuteDbDataReaderAsync(CommandBehavior behavior, CancellationToken cancellationToken)
   at Microsoft.EntityFrameworkCore.Storage.RelationalCommand.ExecuteReaderAsync(RelationalCommandParameterObject parameterObject, CancellationToken cancellationToken)
   at Microsoft.EntityFrameworkCore.Storage.RelationalCommand.ExecuteReaderAsync(RelationalCommandParameterObject parameterObject, CancellationToken cancellationToken)
   at Microsoft.EntityFrameworkCore.Query.Internal.SingleQueryingEnumerable`1.AsyncEnumerator.InitializeReaderAsync(AsyncEnumerator enumerator, CancellationToken cancellationToken)
   at Microsoft.EntityFrameworkCore.Query.Internal.SingleQueryingEnumerable`1.AsyncEnumerator.MoveNextAsync()
Microsoft.Data.Sqlite.SqliteException (0x80004005): SQLite Error 1: 'no such column: d.IsDefault'.
   at Microsoft.Data.Sqlite.SqliteCommand.PrepareAndEnumerateStatements()+MoveNext()
   at Microsoft.Data.Sqlite.SqliteCommand.GetStatements()+MoveNext()
   at Microsoft.Data.Sqlite.SqliteDataReader.NextResult()
   at Microsoft.Data.Sqlite.SqliteCommand.ExecuteReader(CommandBehavior behavior)
   at Microsoft.Data.Sqlite.SqliteCommand.ExecuteDbDataReaderAsync(CommandBehavior behavior, CancellationToken cancellationToken)
   at Microsoft.EntityFrameworkCore.Storage.RelationalCommand.ExecuteReaderAsync(RelationalCommandParameterObject parameterObject, CancellationToken cancellationToken)
   at Microsoft.EntityFrameworkCore.Storage.RelationalCommand.ExecuteReaderAsync(RelationalCommandParameterObject parameterObject, CancellationToken cancellationToken)
   at Microsoft.EntityFrameworkCore.Query.Internal.SingleQueryingEnumerable`1.AsyncEnumerator.InitializeReaderAsync(AsyncEnumerator enumerator, CancellationToken cancellationToken)
   at Microsoft.EntityFrameworkCore.Query.Internal.SingleQueryingEnumerable`1.AsyncEnumerator.MoveNextAsync()
2026-09-10 07:58:53.882 +02:00 [ERR] Unhandled exception: SQLite Error 1: 'no such column: d.IsDefault'.
Microsoft.Data.Sqlite.SqliteException (0x80004005): SQLite Error 1: 'no such column: d.IsDefault'.
   at Microsoft.Data.Sqlite.SqliteCommand.PrepareAndEnumerateStatements()+MoveNext()
   at Microsoft.Data.Sqlite.SqliteCommand.GetStatements()+MoveNext()
   at Microsoft.Data.Sqlite.SqliteDataReader.NextResult()
   at Microsoft.Data.Sqlite.SqliteCommand.ExecuteReader(CommandBehavior behavior)
   at Microsoft.Data.Sqlite.SqliteCommand.ExecuteDbDataReaderAsync(CommandBehavior behavior, CancellationToken cancellationToken)
   at Microsoft.EntityFrameworkCore.Storage.RelationalCommand.ExecuteReaderAsync(RelationalCommandParameterObject parameterObject, CancellationToken cancellationToken)
   at Microsoft.EntityFrameworkCore.Storage.RelationalCommand.ExecuteReaderAsync(RelationalCommandParameterObject parameterObject, CancellationToken cancellationToken)
   at Microsoft.EntityFrameworkCore.Query.Internal.SingleQueryingEnumerable`1.AsyncEnumerator.InitializeReaderAsync(AsyncEnumerator enumerator, CancellationToken cancellationToken)
   at Microsoft.EntityFrameworkCore.Query.Internal.SingleQueryingEnumerable`1.AsyncEnumerator.MoveNextAsync()
   at Microsoft.EntityFrameworkCore.EntityFrameworkQueryableExtensions.ToListAsync[TSource](IQueryable`1 source, CancellationToken cancellationToken)
   at Microsoft.EntityFrameworkCore.EntityFrameworkQueryableExtensions.ToListAsync[TSource](IQueryable`1 source, CancellationToken cancellationToken)
   at Payroll.Application.Employees.GetDepartmentsHandler.Handle(GetDepartmentsQuery request, CancellationToken ct) in D:\repos\payrollsa\Backend\src\Payroll.Application\Employees\DepartmentOperations.cs:line 19
   at Payroll.Application.Common.Behaviours.LoggingBehaviour`2.Handle(TRequest request, RequestHandlerDelegate`1 next, CancellationToken ct) in D:\repos\payrollsa\Backend\src\Payroll.Application\Common\Behaviours\LoggingBehaviour.cs:line 14
   at Payroll.Application.Common.Behaviours.ValidationBehaviour`2.Handle(TRequest request, RequestHandlerDelegate`1 next, CancellationToken ct) in D:\repos\payrollsa\Backend\src\Payroll.Application\Common\Behaviours\ValidationBehaviour.cs:line 15
   at Payroll.Api.Controllers.DepartmentsController.GetAll(Guid companyId, CancellationToken ct) in D:\repos\payrollsa\Backend\src\Payroll.Api\Controllers\DepartmentsController.cs:line 15
   at Microsoft.AspNetCore.Mvc.Infrastructure.ActionMethodExecutor.TaskOfIActionResultExecutor.Execute(ActionContext actionContext, IActionResultTypeMapper mapper, ObjectMethodExecutor executor, Object controller, Object[] arguments)
   at Microsoft.AspNetCore.Mvc.Infrastructure.ControllerActionInvoker.<InvokeActionMethodAsync>g__Awaited|12_0(ControllerActionInvoker invoker, ValueTask`1 actionResultValueTask)
   at Microsoft.AspNetCore.Mvc.Infrastructure.ControllerActionInvoker.<InvokeNextActionFilterAsync>g__Awaited|10_0(ControllerActionInvoker invoker, Task lastTask, State next, Scope scope, Object state, Boolean isCompleted)
   at Microsoft.AspNetCore.Mvc.Infrastructure.ControllerActionInvoker.Rethrow(ActionExecutedContextSealed context)
   at Microsoft.AspNetCore.Mvc.Infrastructure.ControllerActionInvoker.Next(State& next, Scope& scope, Object& state, Boolean& isCompleted)
   at Microsoft.AspNetCore.Mvc.Infrastructure.ControllerActionInvoker.InvokeInnerFilterAsync()
--- End of stack trace from previous location ---
   at Microsoft.AspNetCore.Mvc.Infrastructure.ResourceInvoker.<InvokeFilterPipelineAsync>g__Awaited|20_0(ResourceInvoker invoker, Task lastTask, State next, Scope scope, Object state, Boolean isCompleted)
   at Microsoft.AspNetCore.Mvc.Infrastructure.ResourceInvoker.<InvokeAsync>g__Awaited|17_0(ResourceInvoker invoker, Task task, IDisposable scope)
   at Microsoft.AspNetCore.Mvc.Infrastructure.ResourceInvoker.<InvokeAsync>g__Awaited|17_0(ResourceInvoker invoker, Task task, IDisposable scope)
   at Swashbuckle.AspNetCore.SwaggerUI.SwaggerUIMiddleware.Invoke(HttpContext httpContext)
   at Swashbuckle.AspNetCore.Swagger.SwaggerMiddleware.Invoke(HttpContext httpContext, ISwaggerProvider swaggerProvider)
   at Microsoft.AspNetCore.Authorization.AuthorizationMiddleware.Invoke(HttpContext context)
   at Microsoft.AspNetCore.Authentication.AuthenticationMiddleware.Invoke(HttpContext context)
   at Payroll.Api.Middleware.AuditMiddleware.InvokeAsync(HttpContext context, AppDbContext db) in D:\repos\payrollsa\Backend\src\Payroll.Api\Middleware\AuditMiddleware.cs:line 16
   at Payroll.Api.Middleware.AuditMiddleware.InvokeAsync(HttpContext context, AppDbContext db) in D:\repos\payrollsa\Backend\src\Payroll.Api\Middleware\AuditMiddleware.cs:line 54
   at Payroll.Api.Middleware.ExceptionMiddleware.InvokeAsync(HttpContext context) in D:\repos\payrollsa\Backend\src\Payroll.Api\Middleware\ExceptionMiddleware.cs:line 14
2026-09-10 07:58:53.909 +02:00 [ERR] HTTP GET /api/departments responded 500 in 61.1986 ms
2026-09-10 07:58:59.550 +02:00 [INF] HTTP OPTIONS /api/departments responded 204 in 6.5970 ms
2026-09-10 07:58:59.563 +02:00 [ERR] Failed executing DbCommand (0ms) [Parameters=[@companyId='?' (DbType = Guid)], CommandType='"Text"', CommandTimeout='30']
SELECT "d"."Id", "d"."CompanyId", "d"."Name", "d"."IsSystemDepartment", "d"."IsDefault"
FROM "Departments" AS "d"
WHERE "d"."CompanyId" = @companyId AND NOT ("d"."IsDeleted")
ORDER BY "d"."IsSystemDepartment" DESC, "d"."Name"
2026-09-10 07:58:59.570 +02:00 [ERR] An exception occurred while iterating over the results of a query for context type 'Payroll.Infrastructure.Persistence.AppDbContext'.
Microsoft.Data.Sqlite.SqliteException (0x80004005): SQLite Error 1: 'no such column: d.IsDefault'.
   at Microsoft.Data.Sqlite.SqliteCommand.PrepareAndEnumerateStatements()+MoveNext()
   at Microsoft.Data.Sqlite.SqliteCommand.GetStatements()+MoveNext()
   at Microsoft.Data.Sqlite.SqliteDataReader.NextResult()
   at Microsoft.Data.Sqlite.SqliteCommand.ExecuteReader(CommandBehavior behavior)
   at Microsoft.Data.Sqlite.SqliteCommand.ExecuteDbDataReaderAsync(CommandBehavior behavior, CancellationToken cancellationToken)
   at Microsoft.EntityFrameworkCore.Storage.RelationalCommand.ExecuteReaderAsync(RelationalCommandParameterObject parameterObject, CancellationToken cancellationToken)
   at Microsoft.EntityFrameworkCore.Storage.RelationalCommand.ExecuteReaderAsync(RelationalCommandParameterObject parameterObject, CancellationToken cancellationToken)
   at Microsoft.EntityFrameworkCore.Query.Internal.SingleQueryingEnumerable`1.AsyncEnumerator.InitializeReaderAsync(AsyncEnumerator enumerator, CancellationToken cancellationToken)
   at Microsoft.EntityFrameworkCore.Query.Internal.SingleQueryingEnumerable`1.AsyncEnumerator.MoveNextAsync()
Microsoft.Data.Sqlite.SqliteException (0x80004005): SQLite Error 1: 'no such column: d.IsDefault'.
   at Microsoft.Data.Sqlite.SqliteCommand.PrepareAndEnumerateStatements()+MoveNext()
   at Microsoft.Data.Sqlite.SqliteCommand.GetStatements()+MoveNext()
   at Microsoft.Data.Sqlite.SqliteDataReader.NextResult()
   at Microsoft.Data.Sqlite.SqliteCommand.ExecuteReader(CommandBehavior behavior)
   at Microsoft.Data.Sqlite.SqliteCommand.ExecuteDbDataReaderAsync(CommandBehavior behavior, CancellationToken cancellationToken)
   at Microsoft.EntityFrameworkCore.Storage.RelationalCommand.ExecuteReaderAsync(RelationalCommandParameterObject parameterObject, CancellationToken cancellationToken)
   at Microsoft.EntityFrameworkCore.Storage.RelationalCommand.ExecuteReaderAsync(RelationalCommandParameterObject parameterObject, CancellationToken cancellationToken)
   at Microsoft.EntityFrameworkCore.Query.Internal.SingleQueryingEnumerable`1.AsyncEnumerator.InitializeReaderAsync(AsyncEnumerator enumerator, CancellationToken cancellationToken)
   at Microsoft.EntityFrameworkCore.Query.Internal.SingleQueryingEnumerable`1.AsyncEnumerator.MoveNextAsync()
2026-09-10 07:58:59.606 +02:00 [ERR] Unhandled exception: SQLite Error 1: 'no such column: d.IsDefault'.
Microsoft.Data.Sqlite.SqliteException (0x80004005): SQLite Error 1: 'no such column: d.IsDefault'.
   at Microsoft.Data.Sqlite.SqliteCommand.PrepareAndEnumerateStatements()+MoveNext()
   at Microsoft.Data.Sqlite.SqliteCommand.GetStatements()+MoveNext()
   at Microsoft.Data.Sqlite.SqliteDataReader.NextResult()
   at Microsoft.Data.Sqlite.SqliteCommand.ExecuteReader(CommandBehavior behavior)
   at Microsoft.Data.Sqlite.SqliteCommand.ExecuteDbDataReaderAsync(CommandBehavior behavior, CancellationToken cancellationToken)
   at Microsoft.EntityFrameworkCore.Storage.RelationalCommand.ExecuteReaderAsync(RelationalCommandParameterObject parameterObject, CancellationToken cancellationToken)
   at Microsoft.EntityFrameworkCore.Storage.RelationalCommand.ExecuteReaderAsync(RelationalCommandParameterObject parameterObject, CancellationToken cancellationToken)
   at Microsoft.EntityFrameworkCore.Query.Internal.SingleQueryingEnumerable`1.AsyncEnumerator.InitializeReaderAsync(AsyncEnumerator enumerator, CancellationToken cancellationToken)
   at Microsoft.EntityFrameworkCore.Query.Internal.SingleQueryingEnumerable`1.AsyncEnumerator.MoveNextAsync()
   at Microsoft.EntityFrameworkCore.EntityFrameworkQueryableExtensions.ToListAsync[TSource](IQueryable`1 source, CancellationToken cancellationToken)
   at Microsoft.EntityFrameworkCore.EntityFrameworkQueryableExtensions.ToListAsync[TSource](IQueryable`1 source, CancellationToken cancellationToken)
   at Payroll.Application.Employees.GetDepartmentsHandler.Handle(GetDepartmentsQuery request, CancellationToken ct) in D:\repos\payrollsa\Backend\src\Payroll.Application\Employees\DepartmentOperations.cs:line 19
   at Payroll.Application.Common.Behaviours.LoggingBehaviour`2.Handle(TRequest request, RequestHandlerDelegate`1 next, CancellationToken ct) in D:\repos\payrollsa\Backend\src\Payroll.Application\Common\Behaviours\LoggingBehaviour.cs:line 14
   at Payroll.Application.Common.Behaviours.ValidationBehaviour`2.Handle(TRequest request, RequestHandlerDelegate`1 next, CancellationToken ct) in D:\repos\payrollsa\Backend\src\Payroll.Application\Common\Behaviours\ValidationBehaviour.cs:line 15
   at Payroll.Api.Controllers.DepartmentsController.GetAll(Guid companyId, CancellationToken ct) in D:\repos\payrollsa\Backend\src\Payroll.Api\Controllers\DepartmentsController.cs:line 15
   at Microsoft.AspNetCore.Mvc.Infrastructure.ActionMethodExecutor.TaskOfIActionResultExecutor.Execute(ActionContext actionContext, IActionResultTypeMapper mapper, ObjectMethodExecutor executor, Object controller, Object[] arguments)
   at Microsoft.AspNetCore.Mvc.Infrastructure.ControllerActionInvoker.<InvokeActionMethodAsync>g__Awaited|12_0(ControllerActionInvoker invoker, ValueTask`1 actionResultValueTask)
   at Microsoft.AspNetCore.Mvc.Infrastructure.ControllerActionInvoker.<InvokeNextActionFilterAsync>g__Awaited|10_0(ControllerActionInvoker invoker, Task lastTask, State next, Scope scope, Object state, Boolean isCompleted)
   at Microsoft.AspNetCore.Mvc.Infrastructure.ControllerActionInvoker.Rethrow(ActionExecutedContextSealed context)
   at Microsoft.AspNetCore.Mvc.Infrastructure.ControllerActionInvoker.Next(State& next, Scope& scope, Object& state, Boolean& isCompleted)
   at Microsoft.AspNetCore.Mvc.Infrastructure.ControllerActionInvoker.InvokeInnerFilterAsync()
--- End of stack trace from previous location ---
   at Microsoft.AspNetCore.Mvc.Infrastructure.ResourceInvoker.<InvokeFilterPipelineAsync>g__Awaited|20_0(ResourceInvoker invoker, Task lastTask, State next, Scope scope, Object state, Boolean isCompleted)
   at Microsoft.AspNetCore.Mvc.Infrastructure.ResourceInvoker.<InvokeAsync>g__Awaited|17_0(ResourceInvoker invoker, Task task, IDisposable scope)
   at Microsoft.AspNetCore.Mvc.Infrastructure.ResourceInvoker.<InvokeAsync>g__Awaited|17_0(ResourceInvoker invoker, Task task, IDisposable scope)
   at Swashbuckle.AspNetCore.SwaggerUI.SwaggerUIMiddleware.Invoke(HttpContext httpContext)
   at Swashbuckle.AspNetCore.Swagger.SwaggerMiddleware.Invoke(HttpContext httpContext, ISwaggerProvider swaggerProvider)
   at Microsoft.AspNetCore.Authorization.AuthorizationMiddleware.Invoke(HttpContext context)
   at Microsoft.AspNetCore.Authentication.AuthenticationMiddleware.Invoke(HttpContext context)
   at Payroll.Api.Middleware.AuditMiddleware.InvokeAsync(HttpContext context, AppDbContext db) in D:\repos\payrollsa\Backend\src\Payroll.Api\Middleware\AuditMiddleware.cs:line 16
   at Payroll.Api.Middleware.AuditMiddleware.InvokeAsync(HttpContext context, AppDbContext db) in D:\repos\payrollsa\Backend\src\Payroll.Api\Middleware\AuditMiddleware.cs:line 54
   at Payroll.Api.Middleware.ExceptionMiddleware.InvokeAsync(HttpContext context) in D:\repos\payrollsa\Backend\src\Payroll.Api\Middleware\ExceptionMiddleware.cs:line 14
2026-09-10 07:58:59.652 +02:00 [ERR] HTTP GET /api/departments responded 500 in 91.8141 ms
2026-09-10 07:58:59.660 +02:00 [ERR] Failed executing DbCommand (1ms) [Parameters=[@companyId='?' (DbType = Guid)], CommandType='"Text"', CommandTimeout='30']
SELECT "d"."Id", "d"."CompanyId", "d"."Name", "d"."IsSystemDepartment", "d"."IsDefault"
FROM "Departments" AS "d"
WHERE "d"."CompanyId" = @companyId AND NOT ("d"."IsDeleted")
ORDER BY "d"."IsSystemDepartment" DESC, "d"."Name"
2026-09-10 07:58:59.700 +02:00 [ERR] An exception occurred while iterating over the results of a query for context type 'Payroll.Infrastructure.Persistence.AppDbContext'.
Microsoft.Data.Sqlite.SqliteException (0x80004005): SQLite Error 1: 'no such column: d.IsDefault'.
   at Microsoft.Data.Sqlite.SqliteCommand.PrepareAndEnumerateStatements()+MoveNext()
   at Microsoft.Data.Sqlite.SqliteCommand.GetStatements()+MoveNext()
   at Microsoft.Data.Sqlite.SqliteDataReader.NextResult()
   at Microsoft.Data.Sqlite.SqliteCommand.ExecuteReader(CommandBehavior behavior)
   at Microsoft.Data.Sqlite.SqliteCommand.ExecuteDbDataReaderAsync(CommandBehavior behavior, CancellationToken cancellationToken)
   at Microsoft.EntityFrameworkCore.Storage.RelationalCommand.ExecuteReaderAsync(RelationalCommandParameterObject parameterObject, CancellationToken cancellationToken)
   at Microsoft.EntityFrameworkCore.Storage.RelationalCommand.ExecuteReaderAsync(RelationalCommandParameterObject parameterObject, CancellationToken cancellationToken)
   at Microsoft.EntityFrameworkCore.Query.Internal.SingleQueryingEnumerable`1.AsyncEnumerator.InitializeReaderAsync(AsyncEnumerator enumerator, CancellationToken cancellationToken)
   at Microsoft.EntityFrameworkCore.Query.Internal.SingleQueryingEnumerable`1.AsyncEnumerator.MoveNextAsync()
Microsoft.Data.Sqlite.SqliteException (0x80004005): SQLite Error 1: 'no such column: d.IsDefault'.
   at Microsoft.Data.Sqlite.SqliteCommand.PrepareAndEnumerateStatements()+MoveNext()
   at Microsoft.Data.Sqlite.SqliteCommand.GetStatements()+MoveNext()
   at Microsoft.Data.Sqlite.SqliteDataReader.NextResult()
   at Microsoft.Data.Sqlite.SqliteCommand.ExecuteReader(CommandBehavior behavior)
   at Microsoft.Data.Sqlite.SqliteCommand.ExecuteDbDataReaderAsync(CommandBehavior behavior, CancellationToken cancellationToken)
   at Microsoft.EntityFrameworkCore.Storage.RelationalCommand.ExecuteReaderAsync(RelationalCommandParameterObject parameterObject, CancellationToken cancellationToken)
   at Microsoft.EntityFrameworkCore.Storage.RelationalCommand.ExecuteReaderAsync(RelationalCommandParameterObject parameterObject, CancellationToken cancellationToken)
   at Microsoft.EntityFrameworkCore.Query.Internal.SingleQueryingEnumerable`1.AsyncEnumerator.InitializeReaderAsync(AsyncEnumerator enumerator, CancellationToken cancellationToken)
   at Microsoft.EntityFrameworkCore.Query.Internal.SingleQueryingEnumerable`1.AsyncEnumerator.MoveNextAsync()
2026-09-10 07:58:59.736 +02:00 [ERR] Unhandled exception: SQLite Error 1: 'no such column: d.IsDefault'.
Microsoft.Data.Sqlite.SqliteException (0x80004005): SQLite Error 1: 'no such column: d.IsDefault'.
   at Microsoft.Data.Sqlite.SqliteCommand.PrepareAndEnumerateStatements()+MoveNext()
   at Microsoft.Data.Sqlite.SqliteCommand.GetStatements()+MoveNext()
   at Microsoft.Data.Sqlite.SqliteDataReader.NextResult()
   at Microsoft.Data.Sqlite.SqliteCommand.ExecuteReader(CommandBehavior behavior)
   at Microsoft.Data.Sqlite.SqliteCommand.ExecuteDbDataReaderAsync(CommandBehavior behavior, CancellationToken cancellationToken)
   at Microsoft.EntityFrameworkCore.Storage.RelationalCommand.ExecuteReaderAsync(RelationalCommandParameterObject parameterObject, CancellationToken cancellationToken)
   at Microsoft.EntityFrameworkCore.Storage.RelationalCommand.ExecuteReaderAsync(RelationalCommandParameterObject parameterObject, CancellationToken cancellationToken)
   at Microsoft.EntityFrameworkCore.Query.Internal.SingleQueryingEnumerable`1.AsyncEnumerator.InitializeReaderAsync(AsyncEnumerator enumerator, CancellationToken cancellationToken)
   at Microsoft.EntityFrameworkCore.Query.Internal.SingleQueryingEnumerable`1.AsyncEnumerator.MoveNextAsync()
   at Microsoft.EntityFrameworkCore.EntityFrameworkQueryableExtensions.ToListAsync[TSource](IQueryable`1 source, CancellationToken cancellationToken)
   at Microsoft.EntityFrameworkCore.EntityFrameworkQueryableExtensions.ToListAsync[TSource](IQueryable`1 source, CancellationToken cancellationToken)
   at Payroll.Application.Employees.GetDepartmentsHandler.Handle(GetDepartmentsQuery request, CancellationToken ct) in D:\repos\payrollsa\Backend\src\Payroll.Application\Employees\DepartmentOperations.cs:line 19
   at Payroll.Application.Common.Behaviours.LoggingBehaviour`2.Handle(TRequest request, RequestHandlerDelegate`1 next, CancellationToken ct) in D:\repos\payrollsa\Backend\src\Payroll.Application\Common\Behaviours\LoggingBehaviour.cs:line 14
   at Payroll.Application.Common.Behaviours.ValidationBehaviour`2.Handle(TRequest request, RequestHandlerDelegate`1 next, CancellationToken ct) in D:\repos\payrollsa\Backend\src\Payroll.Application\Common\Behaviours\ValidationBehaviour.cs:line 15
   at Payroll.Api.Controllers.DepartmentsController.GetAll(Guid companyId, CancellationToken ct) in D:\repos\payrollsa\Backend\src\Payroll.Api\Controllers\DepartmentsController.cs:line 15
   at Microsoft.AspNetCore.Mvc.Infrastructure.ActionMethodExecutor.TaskOfIActionResultExecutor.Execute(ActionContext actionContext, IActionResultTypeMapper mapper, ObjectMethodExecutor executor, Object controller, Object[] arguments)
   at Microsoft.AspNetCore.Mvc.Infrastructure.ControllerActionInvoker.<InvokeActionMethodAsync>g__Awaited|12_0(ControllerActionInvoker invoker, ValueTask`1 actionResultValueTask)
   at Microsoft.AspNetCore.Mvc.Infrastructure.ControllerActionInvoker.<InvokeNextActionFilterAsync>g__Awaited|10_0(ControllerActionInvoker invoker, Task lastTask, State next, Scope scope, Object state, Boolean isCompleted)
   at Microsoft.AspNetCore.Mvc.Infrastructure.ControllerActionInvoker.Rethrow(ActionExecutedContextSealed context)
   at Microsoft.AspNetCore.Mvc.Infrastructure.ControllerActionInvoker.Next(State& next, Scope& scope, Object& state, Boolean& isCompleted)
   at Microsoft.AspNetCore.Mvc.Infrastructure.ControllerActionInvoker.InvokeInnerFilterAsync()
--- End of stack trace from previous location ---
   at Microsoft.AspNetCore.Mvc.Infrastructure.ResourceInvoker.<InvokeFilterPipelineAsync>g__Awaited|20_0(ResourceInvoker invoker, Task lastTask, State next, Scope scope, Object state, Boolean isCompleted)
   at Microsoft.AspNetCore.Mvc.Infrastructure.ResourceInvoker.<InvokeAsync>g__Awaited|17_0(ResourceInvoker invoker, Task task, IDisposable scope)
   at Microsoft.AspNetCore.Mvc.Infrastructure.ResourceInvoker.<InvokeAsync>g__Awaited|17_0(ResourceInvoker invoker, Task task, IDisposable scope)
   at Swashbuckle.AspNetCore.SwaggerUI.SwaggerUIMiddleware.Invoke(HttpContext httpContext)
   at Swashbuckle.AspNetCore.Swagger.SwaggerMiddleware.Invoke(HttpContext httpContext, ISwaggerProvider swaggerProvider)
   at Microsoft.AspNetCore.Authorization.AuthorizationMiddleware.Invoke(HttpContext context)
   at Microsoft.AspNetCore.Authentication.AuthenticationMiddleware.Invoke(HttpContext context)
   at Payroll.Api.Middleware.AuditMiddleware.InvokeAsync(HttpContext context, AppDbContext db) in D:\repos\payrollsa\Backend\src\Payroll.Api\Middleware\AuditMiddleware.cs:line 16
   at Payroll.Api.Middleware.AuditMiddleware.InvokeAsync(HttpContext context, AppDbContext db) in D:\repos\payrollsa\Backend\src\Payroll.Api\Middleware\AuditMiddleware.cs:line 54
   at Payroll.Api.Middleware.ExceptionMiddleware.InvokeAsync(HttpContext context) in D:\repos\payrollsa\Backend\src\Payroll.Api\Middleware\ExceptionMiddleware.cs:line 14
2026-09-10 07:58:59.774 +02:00 [ERR] HTTP GET /api/departments responded 500 in 117.8358 ms
2026-09-10 07:59:06.184 +02:00 [INF] HTTP OPTIONS /api/departments responded 204 in 4.6547 ms
2026-09-10 07:59:06.295 +02:00 [ERR] Failed executing DbCommand (0ms) [Parameters=[@p0='?' (DbType = Guid), @p1='?' (DbType = Guid), @p2='?' (DbType = DateTime), @p3='?', @p4='?' (DbType = DateTime), @p5='?', @p6='?' (DbType = Boolean), @p7='?' (DbType = Boolean), @p8='?' (DbType = Boolean), @p9='?' (DbType = DateTime), @p10='?', @p11='?' (Size = 4)], CommandType='"Text"', CommandTimeout='30']
INSERT INTO "Departments" ("Id", "CompanyId", "CreatedAt", "CreatedBy", "DeletedAt", "DeletedBy", "IsDefault", "IsDeleted", "IsSystemDepartment", "ModifiedAt", "ModifiedBy", "Name")
VALUES (@p0, @p1, @p2, @p3, @p4, @p5, @p6, @p7, @p8, @p9, @p10, @p11);
2026-09-10 07:59:06.308 +02:00 [ERR] An exception occurred in the database while saving changes for context type 'Payroll.Infrastructure.Persistence.AppDbContext'.
Microsoft.EntityFrameworkCore.DbUpdateException: An error occurred while saving the entity changes. See the inner exception for details.
 ---> Microsoft.Data.Sqlite.SqliteException (0x80004005): SQLite Error 1: 'table Departments has no column named IsDefault'.
   at Microsoft.Data.Sqlite.SqliteCommand.PrepareAndEnumerateStatements()+MoveNext()
   at Microsoft.Data.Sqlite.SqliteCommand.GetStatements()+MoveNext()
   at Microsoft.Data.Sqlite.SqliteDataReader.NextResult()
   at Microsoft.Data.Sqlite.SqliteCommand.ExecuteReader(CommandBehavior behavior)
   at Microsoft.Data.Sqlite.SqliteCommand.ExecuteDbDataReaderAsync(CommandBehavior behavior, CancellationToken cancellationToken)
   at Microsoft.EntityFrameworkCore.Storage.RelationalCommand.ExecuteReaderAsync(RelationalCommandParameterObject parameterObject, CancellationToken cancellationToken)
   at Microsoft.EntityFrameworkCore.Storage.RelationalCommand.ExecuteReaderAsync(RelationalCommandParameterObject parameterObject, CancellationToken cancellationToken)
   at Microsoft.EntityFrameworkCore.Update.ReaderModificationCommandBatch.ExecuteAsync(IRelationalConnection connection, CancellationToken cancellationToken)
   --- End of inner exception stack trace ---
   at Microsoft.EntityFrameworkCore.Update.ReaderModificationCommandBatch.ExecuteAsync(IRelationalConnection connection, CancellationToken cancellationToken)
   at Microsoft.EntityFrameworkCore.Update.Internal.BatchExecutor.ExecuteAsync(IEnumerable`1 commandBatches, IRelationalConnection connection, CancellationToken cancellationToken)
   at Microsoft.EntityFrameworkCore.Update.Internal.BatchExecutor.ExecuteAsync(IEnumerable`1 commandBatches, IRelationalConnection connection, CancellationToken cancellationToken)
   at Microsoft.EntityFrameworkCore.Update.Internal.BatchExecutor.ExecuteAsync(IEnumerable`1 commandBatches, IRelationalConnection connection, CancellationToken cancellationToken)
   at Microsoft.EntityFrameworkCore.Storage.RelationalDatabase.SaveChangesAsync(IList`1 entries, CancellationToken cancellationToken)
   at Microsoft.EntityFrameworkCore.ChangeTracking.Internal.StateManager.SaveChangesAsync(IList`1 entriesToSave, CancellationToken cancellationToken)
   at Microsoft.EntityFrameworkCore.ChangeTracking.Internal.StateManager.SaveChangesAsync(StateManager stateManager, Boolean acceptAllChangesOnSuccess, CancellationToken cancellationToken)
   at Microsoft.EntityFrameworkCore.DbContext.SaveChangesAsync(Boolean acceptAllChangesOnSuccess, CancellationToken cancellationToken)
Microsoft.EntityFrameworkCore.DbUpdateException: An error occurred while saving the entity changes. See the inner exception for details.
 ---> Microsoft.Data.Sqlite.SqliteException (0x80004005): SQLite Error 1: 'table Departments has no column named IsDefault'.
   at Microsoft.Data.Sqlite.SqliteCommand.PrepareAndEnumerateStatements()+MoveNext()
   at Microsoft.Data.Sqlite.SqliteCommand.GetStatements()+MoveNext()
   at Microsoft.Data.Sqlite.SqliteDataReader.NextResult()
   at Microsoft.Data.Sqlite.SqliteCommand.ExecuteReader(CommandBehavior behavior)
   at Microsoft.Data.Sqlite.SqliteCommand.ExecuteDbDataReaderAsync(CommandBehavior behavior, CancellationToken cancellationToken)
   at Microsoft.EntityFrameworkCore.Storage.RelationalCommand.ExecuteReaderAsync(RelationalCommandParameterObject parameterObject, CancellationToken cancellationToken)
   at Microsoft.EntityFrameworkCore.Storage.RelationalCommand.ExecuteReaderAsync(RelationalCommandParameterObject parameterObject, CancellationToken cancellationToken)
   at Microsoft.EntityFrameworkCore.Update.ReaderModificationCommandBatch.ExecuteAsync(IRelationalConnection connection, CancellationToken cancellationToken)
   --- End of inner exception stack trace ---
   at Microsoft.EntityFrameworkCore.Update.ReaderModificationCommandBatch.ExecuteAsync(IRelationalConnection connection, CancellationToken cancellationToken)
   at Microsoft.EntityFrameworkCore.Update.Internal.BatchExecutor.ExecuteAsync(IEnumerable`1 commandBatches, IRelationalConnection connection, CancellationToken cancellationToken)
   at Microsoft.EntityFrameworkCore.Update.Internal.BatchExecutor.ExecuteAsync(IEnumerable`1 commandBatches, IRelationalConnection connection, CancellationToken cancellationToken)
   at Microsoft.EntityFrameworkCore.Update.Internal.BatchExecutor.ExecuteAsync(IEnumerable`1 commandBatches, IRelationalConnection connection, CancellationToken cancellationToken)
   at Microsoft.EntityFrameworkCore.Storage.RelationalDatabase.SaveChangesAsync(IList`1 entries, CancellationToken cancellationToken)
   at Microsoft.EntityFrameworkCore.ChangeTracking.Internal.StateManager.SaveChangesAsync(IList`1 entriesToSave, CancellationToken cancellationToken)
   at Microsoft.EntityFrameworkCore.ChangeTracking.Internal.StateManager.SaveChangesAsync(StateManager stateManager, Boolean acceptAllChangesOnSuccess, CancellationToken cancellationToken)
   at Microsoft.EntityFrameworkCore.DbContext.SaveChangesAsync(Boolean acceptAllChangesOnSuccess, CancellationToken cancellationToken)
2026-09-10 07:59:06.326 +02:00 [ERR] Failed executing DbCommand (0ms) [Parameters=[@p0='?' (DbType = Guid), @p1='?' (DbType = Guid), @p2='?' (DbType = DateTime), @p3='?', @p4='?' (DbType = DateTime), @p5='?', @p6='?' (DbType = Boolean), @p7='?' (DbType = Boolean), @p8='?' (DbType = Boolean), @p9='?' (DbType = DateTime), @p10='?', @p11='?' (Size = 4)], CommandType='"Text"', CommandTimeout='30']
INSERT INTO "Departments" ("Id", "CompanyId", "CreatedAt", "CreatedBy", "DeletedAt", "DeletedBy", "IsDefault", "IsDeleted", "IsSystemDepartment", "ModifiedAt", "ModifiedBy", "Name")
VALUES (@p0, @p1, @p2, @p3, @p4, @p5, @p6, @p7, @p8, @p9, @p10, @p11);
2026-09-10 07:59:06.332 +02:00 [ERR] An exception occurred in the database while saving changes for context type 'Payroll.Infrastructure.Persistence.AppDbContext'.
Microsoft.EntityFrameworkCore.DbUpdateException: An error occurred while saving the entity changes. See the inner exception for details.
 ---> Microsoft.Data.Sqlite.SqliteException (0x80004005): SQLite Error 1: 'table Departments has no column named IsDefault'.
   at Microsoft.Data.Sqlite.SqliteCommand.PrepareAndEnumerateStatements()+MoveNext()
   at Microsoft.Data.Sqlite.SqliteCommand.GetStatements()+MoveNext()
   at Microsoft.Data.Sqlite.SqliteDataReader.NextResult()
   at Microsoft.Data.Sqlite.SqliteCommand.ExecuteReader(CommandBehavior behavior)
   at Microsoft.Data.Sqlite.SqliteCommand.ExecuteDbDataReaderAsync(CommandBehavior behavior, CancellationToken cancellationToken)
   at Microsoft.EntityFrameworkCore.Storage.RelationalCommand.ExecuteReaderAsync(RelationalCommandParameterObject parameterObject, CancellationToken cancellationToken)
   at Microsoft.EntityFrameworkCore.Storage.RelationalCommand.ExecuteReaderAsync(RelationalCommandParameterObject parameterObject, CancellationToken cancellationToken)
   at Microsoft.EntityFrameworkCore.Update.ReaderModificationCommandBatch.ExecuteAsync(IRelationalConnection connection, CancellationToken cancellationToken)
   --- End of inner exception stack trace ---
   at Microsoft.EntityFrameworkCore.Update.ReaderModificationCommandBatch.ExecuteAsync(IRelationalConnection connection, CancellationToken cancellationToken)
   at Microsoft.EntityFrameworkCore.Update.Internal.BatchExecutor.ExecuteAsync(IEnumerable`1 commandBatches, IRelationalConnection connection, CancellationToken cancellationToken)
   at Microsoft.EntityFrameworkCore.Update.Internal.BatchExecutor.ExecuteAsync(IEnumerable`1 commandBatches, IRelationalConnection connection, CancellationToken cancellationToken)
   at Microsoft.EntityFrameworkCore.Update.Internal.BatchExecutor.ExecuteAsync(IEnumerable`1 commandBatches, IRelationalConnection connection, CancellationToken cancellationToken)
   at Microsoft.EntityFrameworkCore.Storage.RelationalDatabase.SaveChangesAsync(IList`1 entries, CancellationToken cancellationToken)
   at Microsoft.EntityFrameworkCore.ChangeTracking.Internal.StateManager.SaveChangesAsync(IList`1 entriesToSave, CancellationToken cancellationToken)
   at Microsoft.EntityFrameworkCore.ChangeTracking.Internal.StateManager.SaveChangesAsync(StateManager stateManager, Boolean acceptAllChangesOnSuccess, CancellationToken cancellationToken)
   at Microsoft.EntityFrameworkCore.DbContext.SaveChangesAsync(Boolean acceptAllChangesOnSuccess, CancellationToken cancellationToken)
Microsoft.EntityFrameworkCore.DbUpdateException: An error occurred while saving the entity changes. See the inner exception for details.
 ---> Microsoft.Data.Sqlite.SqliteException (0x80004005): SQLite Error 1: 'table Departments has no column named IsDefault'.
   at Microsoft.Data.Sqlite.SqliteCommand.PrepareAndEnumerateStatements()+MoveNext()
   at Microsoft.Data.Sqlite.SqliteCommand.GetStatements()+MoveNext()
   at Microsoft.Data.Sqlite.SqliteDataReader.NextResult()
   at Microsoft.Data.Sqlite.SqliteCommand.ExecuteReader(CommandBehavior behavior)
   at Microsoft.Data.Sqlite.SqliteCommand.ExecuteDbDataReaderAsync(CommandBehavior behavior, CancellationToken cancellationToken)
   at Microsoft.EntityFrameworkCore.Storage.RelationalCommand.ExecuteReaderAsync(RelationalCommandParameterObject parameterObject, CancellationToken cancellationToken)
   at Microsoft.EntityFrameworkCore.Storage.RelationalCommand.ExecuteReaderAsync(RelationalCommandParameterObject parameterObject, CancellationToken cancellationToken)
   at Microsoft.EntityFrameworkCore.Update.ReaderModificationCommandBatch.ExecuteAsync(IRelationalConnection connection, CancellationToken cancellationToken)
   --- End of inner exception stack trace ---
   at Microsoft.EntityFrameworkCore.Update.ReaderModificationCommandBatch.ExecuteAsync(IRelationalConnection connection, CancellationToken cancellationToken)
   at Microsoft.EntityFrameworkCore.Update.Internal.BatchExecutor.ExecuteAsync(IEnumerable`1 commandBatches, IRelationalConnection connection, CancellationToken cancellationToken)
   at Microsoft.EntityFrameworkCore.Update.Internal.BatchExecutor.ExecuteAsync(IEnumerable`1 commandBatches, IRelationalConnection connection, CancellationToken cancellationToken)
   at Microsoft.EntityFrameworkCore.Update.Internal.BatchExecutor.ExecuteAsync(IEnumerable`1 commandBatches, IRelationalConnection connection, CancellationToken cancellationToken)
   at Microsoft.EntityFrameworkCore.Storage.RelationalDatabase.SaveChangesAsync(IList`1 entries, CancellationToken cancellationToken)
   at Microsoft.EntityFrameworkCore.ChangeTracking.Internal.StateManager.SaveChangesAsync(IList`1 entriesToSave, CancellationToken cancellationToken)
   at Microsoft.EntityFrameworkCore.ChangeTracking.Internal.StateManager.SaveChangesAsync(StateManager stateManager, Boolean acceptAllChangesOnSuccess, CancellationToken cancellationToken)
   at Microsoft.EntityFrameworkCore.DbContext.SaveChangesAsync(Boolean acceptAllChangesOnSuccess, CancellationToken cancellationToken)
2026-09-10 07:59:06.346 +02:00 [ERR] Could not persist audit log for /api/departments
Microsoft.EntityFrameworkCore.DbUpdateException: An error occurred while saving the entity changes. See the inner exception for details.
 ---> Microsoft.Data.Sqlite.SqliteException (0x80004005): SQLite Error 1: 'table Departments has no column named IsDefault'.
   at Microsoft.Data.Sqlite.SqliteCommand.PrepareAndEnumerateStatements()+MoveNext()
   at Microsoft.Data.Sqlite.SqliteCommand.GetStatements()+MoveNext()
   at Microsoft.Data.Sqlite.SqliteDataReader.NextResult()
   at Microsoft.Data.Sqlite.SqliteCommand.ExecuteReader(CommandBehavior behavior)
   at Microsoft.Data.Sqlite.SqliteCommand.ExecuteDbDataReaderAsync(CommandBehavior behavior, CancellationToken cancellationToken)
   at Microsoft.EntityFrameworkCore.Storage.RelationalCommand.ExecuteReaderAsync(RelationalCommandParameterObject parameterObject, CancellationToken cancellationToken)
   at Microsoft.EntityFrameworkCore.Storage.RelationalCommand.ExecuteReaderAsync(RelationalCommandParameterObject parameterObject, CancellationToken cancellationToken)
   at Microsoft.EntityFrameworkCore.Update.ReaderModificationCommandBatch.ExecuteAsync(IRelationalConnection connection, CancellationToken cancellationToken)
   --- End of inner exception stack trace ---
   at Microsoft.EntityFrameworkCore.Update.ReaderModificationCommandBatch.ExecuteAsync(IRelationalConnection connection, CancellationToken cancellationToken)
   at Microsoft.EntityFrameworkCore.Update.Internal.BatchExecutor.ExecuteAsync(IEnumerable`1 commandBatches, IRelationalConnection connection, CancellationToken cancellationToken)
   at Microsoft.EntityFrameworkCore.Update.Internal.BatchExecutor.ExecuteAsync(IEnumerable`1 commandBatches, IRelationalConnection connection, CancellationToken cancellationToken)
   at Microsoft.EntityFrameworkCore.Update.Internal.BatchExecutor.ExecuteAsync(IEnumerable`1 commandBatches, IRelationalConnection connection, CancellationToken cancellationToken)
   at Microsoft.EntityFrameworkCore.Storage.RelationalDatabase.SaveChangesAsync(IList`1 entries, CancellationToken cancellationToken)
   at Microsoft.EntityFrameworkCore.ChangeTracking.Internal.StateManager.SaveChangesAsync(IList`1 entriesToSave, CancellationToken cancellationToken)
   at Microsoft.EntityFrameworkCore.ChangeTracking.Internal.StateManager.SaveChangesAsync(StateManager stateManager, Boolean acceptAllChangesOnSuccess, CancellationToken cancellationToken)
   at Microsoft.EntityFrameworkCore.DbContext.SaveChangesAsync(Boolean acceptAllChangesOnSuccess, CancellationToken cancellationToken)
   at Microsoft.EntityFrameworkCore.DbContext.SaveChangesAsync(Boolean acceptAllChangesOnSuccess, CancellationToken cancellationToken)
   at Payroll.Api.Middleware.AuditMiddleware.InvokeAsync(HttpContext context, AppDbContext db) in D:\repos\payrollsa\Backend\src\Payroll.Api\Middleware\AuditMiddleware.cs:line 47
2026-09-10 07:59:06.359 +02:00 [ERR] Unhandled exception: An error occurred while saving the entity changes. See the inner exception for details.
Microsoft.EntityFrameworkCore.DbUpdateException: An error occurred while saving the entity changes. See the inner exception for details.
 ---> Microsoft.Data.Sqlite.SqliteException (0x80004005): SQLite Error 1: 'table Departments has no column named IsDefault'.
   at Microsoft.Data.Sqlite.SqliteCommand.PrepareAndEnumerateStatements()+MoveNext()
   at Microsoft.Data.Sqlite.SqliteCommand.GetStatements()+MoveNext()
   at Microsoft.Data.Sqlite.SqliteDataReader.NextResult()
   at Microsoft.Data.Sqlite.SqliteCommand.ExecuteReader(CommandBehavior behavior)
   at Microsoft.Data.Sqlite.SqliteCommand.ExecuteDbDataReaderAsync(CommandBehavior behavior, CancellationToken cancellationToken)
   at Microsoft.EntityFrameworkCore.Storage.RelationalCommand.ExecuteReaderAsync(RelationalCommandParameterObject parameterObject, CancellationToken cancellationToken)
   at Microsoft.EntityFrameworkCore.Storage.RelationalCommand.ExecuteReaderAsync(RelationalCommandParameterObject parameterObject, CancellationToken cancellationToken)
   at Microsoft.EntityFrameworkCore.Update.ReaderModificationCommandBatch.ExecuteAsync(IRelationalConnection connection, CancellationToken cancellationToken)
   --- End of inner exception stack trace ---
   at Microsoft.EntityFrameworkCore.Update.ReaderModificationCommandBatch.ExecuteAsync(IRelationalConnection connection, CancellationToken cancellationToken)
   at Microsoft.EntityFrameworkCore.Update.Internal.BatchExecutor.ExecuteAsync(IEnumerable`1 commandBatches, IRelationalConnection connection, CancellationToken cancellationToken)
   at Microsoft.EntityFrameworkCore.Update.Internal.BatchExecutor.ExecuteAsync(IEnumerable`1 commandBatches, IRelationalConnection connection, CancellationToken cancellationToken)
   at Microsoft.EntityFrameworkCore.Update.Internal.BatchExecutor.ExecuteAsync(IEnumerable`1 commandBatches, IRelationalConnection connection, CancellationToken cancellationToken)
   at Microsoft.EntityFrameworkCore.Storage.RelationalDatabase.SaveChangesAsync(IList`1 entries, CancellationToken cancellationToken)
   at Microsoft.EntityFrameworkCore.ChangeTracking.Internal.StateManager.SaveChangesAsync(IList`1 entriesToSave, CancellationToken cancellationToken)
   at Microsoft.EntityFrameworkCore.ChangeTracking.Internal.StateManager.SaveChangesAsync(StateManager stateManager, Boolean acceptAllChangesOnSuccess, CancellationToken cancellationToken)
   at Microsoft.EntityFrameworkCore.DbContext.SaveChangesAsync(Boolean acceptAllChangesOnSuccess, CancellationToken cancellationToken)
   at Microsoft.EntityFrameworkCore.DbContext.SaveChangesAsync(Boolean acceptAllChangesOnSuccess, CancellationToken cancellationToken)
   at Payroll.Application.Employees.CreateDepartmentHandler.Handle(CreateDepartmentCommand request, CancellationToken ct) in D:\repos\payrollsa\Backend\src\Payroll.Application\Employees\DepartmentOperations.cs:line 50
   at Payroll.Application.Common.Behaviours.LoggingBehaviour`2.Handle(TRequest request, RequestHandlerDelegate`1 next, CancellationToken ct) in D:\repos\payrollsa\Backend\src\Payroll.Application\Common\Behaviours\LoggingBehaviour.cs:line 14
   at Payroll.Application.Common.Behaviours.ValidationBehaviour`2.Handle(TRequest request, RequestHandlerDelegate`1 next, CancellationToken ct) in D:\repos\payrollsa\Backend\src\Payroll.Application\Common\Behaviours\ValidationBehaviour.cs:line 15
   at Payroll.Api.Controllers.DepartmentsController.Create(CreateDepartmentDto dto, CancellationToken ct) in D:\repos\payrollsa\Backend\src\Payroll.Api\Controllers\DepartmentsController.cs:line 19
   at Microsoft.AspNetCore.Mvc.Infrastructure.ActionMethodExecutor.TaskOfIActionResultExecutor.Execute(ActionContext actionContext, IActionResultTypeMapper mapper, ObjectMethodExecutor executor, Object controller, Object[] arguments)
   at Microsoft.AspNetCore.Mvc.Infrastructure.ControllerActionInvoker.<InvokeActionMethodAsync>g__Awaited|12_0(ControllerActionInvoker invoker, ValueTask`1 actionResultValueTask)
   at Microsoft.AspNetCore.Mvc.Infrastructure.ControllerActionInvoker.<InvokeNextActionFilterAsync>g__Awaited|10_0(ControllerActionInvoker invoker, Task lastTask, State next, Scope scope, Object state, Boolean isCompleted)
   at Microsoft.AspNetCore.Mvc.Infrastructure.ControllerActionInvoker.Rethrow(ActionExecutedContextSealed context)
   at Microsoft.AspNetCore.Mvc.Infrastructure.ControllerActionInvoker.Next(State& next, Scope& scope, Object& state, Boolean& isCompleted)
   at Microsoft.AspNetCore.Mvc.Infrastructure.ControllerActionInvoker.InvokeInnerFilterAsync()
--- End of stack trace from previous location ---
   at Microsoft.AspNetCore.Mvc.Infrastructure.ResourceInvoker.<InvokeFilterPipelineAsync>g__Awaited|20_0(ResourceInvoker invoker, Task lastTask, State next, Scope scope, Object state, Boolean isCompleted)
   at Microsoft.AspNetCore.Mvc.Infrastructure.ResourceInvoker.<InvokeAsync>g__Awaited|17_0(ResourceInvoker invoker, Task task, IDisposable scope)
   at Microsoft.AspNetCore.Mvc.Infrastructure.ResourceInvoker.<InvokeAsync>g__Awaited|17_0(ResourceInvoker invoker, Task task, IDisposable scope)
   at Swashbuckle.AspNetCore.SwaggerUI.SwaggerUIMiddleware.Invoke(HttpContext httpContext)
   at Swashbuckle.AspNetCore.Swagger.SwaggerMiddleware.Invoke(HttpContext httpContext, ISwaggerProvider swaggerProvider)
   at Microsoft.AspNetCore.Authorization.AuthorizationMiddleware.Invoke(HttpContext context)
   at Microsoft.AspNetCore.Authentication.AuthenticationMiddleware.Invoke(HttpContext context)
   at Payroll.Api.Middleware.AuditMiddleware.InvokeAsync(HttpContext context, AppDbContext db) in D:\repos\payrollsa\Backend\src\Payroll.Api\Middleware\AuditMiddleware.cs:line 16
   at Payroll.Api.Middleware.AuditMiddleware.InvokeAsync(HttpContext context, AppDbContext db) in D:\repos\payrollsa\Backend\src\Payroll.Api\Middleware\AuditMiddleware.cs:line 54
   at Payroll.Api.Middleware.ExceptionMiddleware.InvokeAsync(HttpContext context) in D:\repos\payrollsa\Backend\src\Payroll.Api\Middleware\ExceptionMiddleware.cs:line 14
2026-09-10 07:59:06.381 +02:00 [ERR] HTTP POST /api/departments responded 500 in 190.3223 ms
2026-09-10 07:59:13.380 +02:00 [INF] HTTP OPTIONS /api/departments responded 204 in 5.0612 ms
2026-09-10 07:59:13.403 +02:00 [ERR] Failed executing DbCommand (0ms) [Parameters=[@p0='?' (DbType = Guid), @p1='?' (DbType = Guid), @p2='?' (DbType = DateTime), @p3='?', @p4='?' (DbType = DateTime), @p5='?', @p6='?' (DbType = Boolean), @p7='?' (DbType = Boolean), @p8='?' (DbType = Boolean), @p9='?' (DbType = DateTime), @p10='?', @p11='?' (Size = 4)], CommandType='"Text"', CommandTimeout='30']
INSERT INTO "Departments" ("Id", "CompanyId", "CreatedAt", "CreatedBy", "DeletedAt", "DeletedBy", "IsDefault", "IsDeleted", "IsSystemDepartment", "ModifiedAt", "ModifiedBy", "Name")
VALUES (@p0, @p1, @p2, @p3, @p4, @p5, @p6, @p7, @p8, @p9, @p10, @p11);
2026-09-10 07:59:13.422 +02:00 [ERR] An exception occurred in the database while saving changes for context type 'Payroll.Infrastructure.Persistence.AppDbContext'.
Microsoft.EntityFrameworkCore.DbUpdateException: An error occurred while saving the entity changes. See the inner exception for details.
 ---> Microsoft.Data.Sqlite.SqliteException (0x80004005): SQLite Error 1: 'table Departments has no column named IsDefault'.
   at Microsoft.Data.Sqlite.SqliteCommand.PrepareAndEnumerateStatements()+MoveNext()
   at Microsoft.Data.Sqlite.SqliteCommand.GetStatements()+MoveNext()
   at Microsoft.Data.Sqlite.SqliteDataReader.NextResult()
   at Microsoft.Data.Sqlite.SqliteCommand.ExecuteReader(CommandBehavior behavior)
   at Microsoft.Data.Sqlite.SqliteCommand.ExecuteDbDataReaderAsync(CommandBehavior behavior, CancellationToken cancellationToken)
   at Microsoft.EntityFrameworkCore.Storage.RelationalCommand.ExecuteReaderAsync(RelationalCommandParameterObject parameterObject, CancellationToken cancellationToken)
   at Microsoft.EntityFrameworkCore.Storage.RelationalCommand.ExecuteReaderAsync(RelationalCommandParameterObject parameterObject, CancellationToken cancellationToken)
   at Microsoft.EntityFrameworkCore.Update.ReaderModificationCommandBatch.ExecuteAsync(IRelationalConnection connection, CancellationToken cancellationToken)
   --- End of inner exception stack trace ---
   at Microsoft.EntityFrameworkCore.Update.ReaderModificationCommandBatch.ExecuteAsync(IRelationalConnection connection, CancellationToken cancellationToken)
   at Microsoft.EntityFrameworkCore.Update.Internal.BatchExecutor.ExecuteAsync(IEnumerable`1 commandBatches, IRelationalConnection connection, CancellationToken cancellationToken)
   at Microsoft.EntityFrameworkCore.Update.Internal.BatchExecutor.ExecuteAsync(IEnumerable`1 commandBatches, IRelationalConnection connection, CancellationToken cancellationToken)
   at Microsoft.EntityFrameworkCore.Update.Internal.BatchExecutor.ExecuteAsync(IEnumerable`1 commandBatches, IRelationalConnection connection, CancellationToken cancellationToken)
   at Microsoft.EntityFrameworkCore.Storage.RelationalDatabase.SaveChangesAsync(IList`1 entries, CancellationToken cancellationToken)
   at Microsoft.EntityFrameworkCore.ChangeTracking.Internal.StateManager.SaveChangesAsync(IList`1 entriesToSave, CancellationToken cancellationToken)
   at Microsoft.EntityFrameworkCore.ChangeTracking.Internal.StateManager.SaveChangesAsync(StateManager stateManager, Boolean acceptAllChangesOnSuccess, CancellationToken cancellationToken)
   at Microsoft.EntityFrameworkCore.DbContext.SaveChangesAsync(Boolean acceptAllChangesOnSuccess, CancellationToken cancellationToken)
Microsoft.EntityFrameworkCore.DbUpdateException: An error occurred while saving the entity changes. See the inner exception for details.
 ---> Microsoft.Data.Sqlite.SqliteException (0x80004005): SQLite Error 1: 'table Departments has no column named IsDefault'.
   at Microsoft.Data.Sqlite.SqliteCommand.PrepareAndEnumerateStatements()+MoveNext()
   at Microsoft.Data.Sqlite.SqliteCommand.GetStatements()+MoveNext()
   at Microsoft.Data.Sqlite.SqliteDataReader.NextResult()
   at Microsoft.Data.Sqlite.SqliteCommand.ExecuteReader(CommandBehavior behavior)
   at Microsoft.Data.Sqlite.SqliteCommand.ExecuteDbDataReaderAsync(CommandBehavior behavior, CancellationToken cancellationToken)
   at Microsoft.EntityFrameworkCore.Storage.RelationalCommand.ExecuteReaderAsync(RelationalCommandParameterObject parameterObject, CancellationToken cancellationToken)
   at Microsoft.EntityFrameworkCore.Storage.RelationalCommand.ExecuteReaderAsync(RelationalCommandParameterObject parameterObject, CancellationToken cancellationToken)
   at Microsoft.EntityFrameworkCore.Update.ReaderModificationCommandBatch.ExecuteAsync(IRelationalConnection connection, CancellationToken cancellationToken)
   --- End of inner exception stack trace ---
   at Microsoft.EntityFrameworkCore.Update.ReaderModificationCommandBatch.ExecuteAsync(IRelationalConnection connection, CancellationToken cancellationToken)
   at Microsoft.EntityFrameworkCore.Update.Internal.BatchExecutor.ExecuteAsync(IEnumerable`1 commandBatches, IRelationalConnection connection, CancellationToken cancellationToken)
   at Microsoft.EntityFrameworkCore.Update.Internal.BatchExecutor.ExecuteAsync(IEnumerable`1 commandBatches, IRelationalConnection connection, CancellationToken cancellationToken)
   at Microsoft.EntityFrameworkCore.Update.Internal.BatchExecutor.ExecuteAsync(IEnumerable`1 commandBatches, IRelationalConnection connection, CancellationToken cancellationToken)
   at Microsoft.EntityFrameworkCore.Storage.RelationalDatabase.SaveChangesAsync(IList`1 entries, CancellationToken cancellationToken)
   at Microsoft.EntityFrameworkCore.ChangeTracking.Internal.StateManager.SaveChangesAsync(IList`1 entriesToSave, CancellationToken cancellationToken)
   at Microsoft.EntityFrameworkCore.ChangeTracking.Internal.StateManager.SaveChangesAsync(StateManager stateManager, Boolean acceptAllChangesOnSuccess, CancellationToken cancellationToken)
   at Microsoft.EntityFrameworkCore.DbContext.SaveChangesAsync(Boolean acceptAllChangesOnSuccess, CancellationToken cancellationToken)
2026-09-10 07:59:13.458 +02:00 [ERR] Failed executing DbCommand (0ms) [Parameters=[@p0='?' (DbType = Guid), @p1='?' (DbType = Guid), @p2='?' (DbType = DateTime), @p3='?', @p4='?' (DbType = DateTime), @p5='?', @p6='?' (DbType = Boolean), @p7='?' (DbType = Boolean), @p8='?' (DbType = Boolean), @p9='?' (DbType = DateTime), @p10='?', @p11='?' (Size = 4)], CommandType='"Text"', CommandTimeout='30']
INSERT INTO "Departments" ("Id", "CompanyId", "CreatedAt", "CreatedBy", "DeletedAt", "DeletedBy", "IsDefault", "IsDeleted", "IsSystemDepartment", "ModifiedAt", "ModifiedBy", "Name")
VALUES (@p0, @p1, @p2, @p3, @p4, @p5, @p6, @p7, @p8, @p9, @p10, @p11);
2026-09-10 07:59:13.473 +02:00 [ERR] An exception occurred in the database while saving changes for context type 'Payroll.Infrastructure.Persistence.AppDbContext'.
Microsoft.EntityFrameworkCore.DbUpdateException: An error occurred while saving the entity changes. See the inner exception for details.
 ---> Microsoft.Data.Sqlite.SqliteException (0x80004005): SQLite Error 1: 'table Departments has no column named IsDefault'.
   at Microsoft.Data.Sqlite.SqliteCommand.PrepareAndEnumerateStatements()+MoveNext()
   at Microsoft.Data.Sqlite.SqliteCommand.GetStatements()+MoveNext()
   at Microsoft.Data.Sqlite.SqliteDataReader.NextResult()
   at Microsoft.Data.Sqlite.SqliteCommand.ExecuteReader(CommandBehavior behavior)
   at Microsoft.Data.Sqlite.SqliteCommand.ExecuteDbDataReaderAsync(CommandBehavior behavior, CancellationToken cancellationToken)
   at Microsoft.EntityFrameworkCore.Storage.RelationalCommand.ExecuteReaderAsync(RelationalCommandParameterObject parameterObject, CancellationToken cancellationToken)
   at Microsoft.EntityFrameworkCore.Storage.RelationalCommand.ExecuteReaderAsync(RelationalCommandParameterObject parameterObject, CancellationToken cancellationToken)
   at Microsoft.EntityFrameworkCore.Update.ReaderModificationCommandBatch.ExecuteAsync(IRelationalConnection connection, CancellationToken cancellationToken)
   --- End of inner exception stack trace ---
   at Microsoft.EntityFrameworkCore.Update.ReaderModificationCommandBatch.ExecuteAsync(IRelationalConnection connection, CancellationToken cancellationToken)
   at Microsoft.EntityFrameworkCore.Update.Internal.BatchExecutor.ExecuteAsync(IEnumerable`1 commandBatches, IRelationalConnection connection, CancellationToken cancellationToken)
   at Microsoft.EntityFrameworkCore.Update.Internal.BatchExecutor.ExecuteAsync(IEnumerable`1 commandBatches, IRelationalConnection connection, CancellationToken cancellationToken)
   at Microsoft.EntityFrameworkCore.Update.Internal.BatchExecutor.ExecuteAsync(IEnumerable`1 commandBatches, IRelationalConnection connection, CancellationToken cancellationToken)
   at Microsoft.EntityFrameworkCore.Storage.RelationalDatabase.SaveChangesAsync(IList`1 entries, CancellationToken cancellationToken)
   at Microsoft.EntityFrameworkCore.ChangeTracking.Internal.StateManager.SaveChangesAsync(IList`1 entriesToSave, CancellationToken cancellationToken)
   at Microsoft.EntityFrameworkCore.ChangeTracking.Internal.StateManager.SaveChangesAsync(StateManager stateManager, Boolean acceptAllChangesOnSuccess, CancellationToken cancellationToken)
   at Microsoft.EntityFrameworkCore.DbContext.SaveChangesAsync(Boolean acceptAllChangesOnSuccess, CancellationToken cancellationToken)
Microsoft.EntityFrameworkCore.DbUpdateException: An error occurred while saving the entity changes. See the inner exception for details.
 ---> Microsoft.Data.Sqlite.SqliteException (0x80004005): SQLite Error 1: 'table Departments has no column named IsDefault'.
   at Microsoft.Data.Sqlite.SqliteCommand.PrepareAndEnumerateStatements()+MoveNext()
   at Microsoft.Data.Sqlite.SqliteCommand.GetStatements()+MoveNext()
   at Microsoft.Data.Sqlite.SqliteDataReader.NextResult()
   at Microsoft.Data.Sqlite.SqliteCommand.ExecuteReader(CommandBehavior behavior)
   at Microsoft.Data.Sqlite.SqliteCommand.ExecuteDbDataReaderAsync(CommandBehavior behavior, CancellationToken cancellationToken)
   at Microsoft.EntityFrameworkCore.Storage.RelationalCommand.ExecuteReaderAsync(RelationalCommandParameterObject parameterObject, CancellationToken cancellationToken)
   at Microsoft.EntityFrameworkCore.Storage.RelationalCommand.ExecuteReaderAsync(RelationalCommandParameterObject parameterObject, CancellationToken cancellationToken)
   at Microsoft.EntityFrameworkCore.Update.ReaderModificationCommandBatch.ExecuteAsync(IRelationalConnection connection, CancellationToken cancellationToken)
   --- End of inner exception stack trace ---
   at Microsoft.EntityFrameworkCore.Update.ReaderModificationCommandBatch.ExecuteAsync(IRelationalConnection connection, CancellationToken cancellationToken)
   at Microsoft.EntityFrameworkCore.Update.Internal.BatchExecutor.ExecuteAsync(IEnumerable`1 commandBatches, IRelationalConnection connection, CancellationToken cancellationToken)
   at Microsoft.EntityFrameworkCore.Update.Internal.BatchExecutor.ExecuteAsync(IEnumerable`1 commandBatches, IRelationalConnection connection, CancellationToken cancellationToken)
   at Microsoft.EntityFrameworkCore.Update.Internal.BatchExecutor.ExecuteAsync(IEnumerable`1 commandBatches, IRelationalConnection connection, CancellationToken cancellationToken)
   at Microsoft.EntityFrameworkCore.Storage.RelationalDatabase.SaveChangesAsync(IList`1 entries, CancellationToken cancellationToken)
   at Microsoft.EntityFrameworkCore.ChangeTracking.Internal.StateManager.SaveChangesAsync(IList`1 entriesToSave, CancellationToken cancellationToken)
   at Microsoft.EntityFrameworkCore.ChangeTracking.Internal.StateManager.SaveChangesAsync(StateManager stateManager, Boolean acceptAllChangesOnSuccess, CancellationToken cancellationToken)
   at Microsoft.EntityFrameworkCore.DbContext.SaveChangesAsync(Boolean acceptAllChangesOnSuccess, CancellationToken cancellationToken)
2026-09-10 07:59:13.499 +02:00 [ERR] Could not persist audit log for /api/departments
Microsoft.EntityFrameworkCore.DbUpdateException: An error occurred while saving the entity changes. See the inner exception for details.
 ---> Microsoft.Data.Sqlite.SqliteException (0x80004005): SQLite Error 1: 'table Departments has no column named IsDefault'.
   at Microsoft.Data.Sqlite.SqliteCommand.PrepareAndEnumerateStatements()+MoveNext()
   at Microsoft.Data.Sqlite.SqliteCommand.GetStatements()+MoveNext()
   at Microsoft.Data.Sqlite.SqliteDataReader.NextResult()
   at Microsoft.Data.Sqlite.SqliteCommand.ExecuteReader(CommandBehavior behavior)
   at Microsoft.Data.Sqlite.SqliteCommand.ExecuteDbDataReaderAsync(CommandBehavior behavior, CancellationToken cancellationToken)
   at Microsoft.EntityFrameworkCore.Storage.RelationalCommand.ExecuteReaderAsync(RelationalCommandParameterObject parameterObject, CancellationToken cancellationToken)
   at Microsoft.EntityFrameworkCore.Storage.RelationalCommand.ExecuteReaderAsync(RelationalCommandParameterObject parameterObject, CancellationToken cancellationToken)
   at Microsoft.EntityFrameworkCore.Update.ReaderModificationCommandBatch.ExecuteAsync(IRelationalConnection connection, CancellationToken cancellationToken)
   --- End of inner exception stack trace ---
   at Microsoft.EntityFrameworkCore.Update.ReaderModificationCommandBatch.ExecuteAsync(IRelationalConnection connection, CancellationToken cancellationToken)
   at Microsoft.EntityFrameworkCore.Update.Internal.BatchExecutor.ExecuteAsync(IEnumerable`1 commandBatches, IRelationalConnection connection, CancellationToken cancellationToken)
   at Microsoft.EntityFrameworkCore.Update.Internal.BatchExecutor.ExecuteAsync(IEnumerable`1 commandBatches, IRelationalConnection connection, CancellationToken cancellationToken)
   at Microsoft.EntityFrameworkCore.Update.Internal.BatchExecutor.ExecuteAsync(IEnumerable`1 commandBatches, IRelationalConnection connection, CancellationToken cancellationToken)
   at Microsoft.EntityFrameworkCore.Storage.RelationalDatabase.SaveChangesAsync(IList`1 entries, CancellationToken cancellationToken)
   at Microsoft.EntityFrameworkCore.ChangeTracking.Internal.StateManager.SaveChangesAsync(IList`1 entriesToSave, CancellationToken cancellationToken)
   at Microsoft.EntityFrameworkCore.ChangeTracking.Internal.StateManager.SaveChangesAsync(StateManager stateManager, Boolean acceptAllChangesOnSuccess, CancellationToken cancellationToken)
   at Microsoft.EntityFrameworkCore.DbContext.SaveChangesAsync(Boolean acceptAllChangesOnSuccess, CancellationToken cancellationToken)
   at Microsoft.EntityFrameworkCore.DbContext.SaveChangesAsync(Boolean acceptAllChangesOnSuccess, CancellationToken cancellationToken)
   at Payroll.Api.Middleware.AuditMiddleware.InvokeAsync(HttpContext context, AppDbContext db) in D:\repos\payrollsa\Backend\src\Payroll.Api\Middleware\AuditMiddleware.cs:line 47
2026-09-10 07:59:13.521 +02:00 [ERR] Unhandled exception: An error occurred while saving the entity changes. See the inner exception for details.
Microsoft.EntityFrameworkCore.DbUpdateException: An error occurred while saving the entity changes. See the inner exception for details.
 ---> Microsoft.Data.Sqlite.SqliteException (0x80004005): SQLite Error 1: 'table Departments has no column named IsDefault'.
   at Microsoft.Data.Sqlite.SqliteCommand.PrepareAndEnumerateStatements()+MoveNext()
   at Microsoft.Data.Sqlite.SqliteCommand.GetStatements()+MoveNext()
   at Microsoft.Data.Sqlite.SqliteDataReader.NextResult()
   at Microsoft.Data.Sqlite.SqliteCommand.ExecuteReader(CommandBehavior behavior)
   at Microsoft.Data.Sqlite.SqliteCommand.ExecuteDbDataReaderAsync(CommandBehavior behavior, CancellationToken cancellationToken)
   at Microsoft.EntityFrameworkCore.Storage.RelationalCommand.ExecuteReaderAsync(RelationalCommandParameterObject parameterObject, CancellationToken cancellationToken)
   at Microsoft.EntityFrameworkCore.Storage.RelationalCommand.ExecuteReaderAsync(RelationalCommandParameterObject parameterObject, CancellationToken cancellationToken)
   at Microsoft.EntityFrameworkCore.Update.ReaderModificationCommandBatch.ExecuteAsync(IRelationalConnection connection, CancellationToken cancellationToken)
   --- End of inner exception stack trace ---
   at Microsoft.EntityFrameworkCore.Update.ReaderModificationCommandBatch.ExecuteAsync(IRelationalConnection connection, CancellationToken cancellationToken)
   at Microsoft.EntityFrameworkCore.Update.Internal.BatchExecutor.ExecuteAsync(IEnumerable`1 commandBatches, IRelationalConnection connection, CancellationToken cancellationToken)
   at Microsoft.EntityFrameworkCore.Update.Internal.BatchExecutor.ExecuteAsync(IEnumerable`1 commandBatches, IRelationalConnection connection, CancellationToken cancellationToken)
   at Microsoft.EntityFrameworkCore.Update.Internal.BatchExecutor.ExecuteAsync(IEnumerable`1 commandBatches, IRelationalConnection connection, CancellationToken cancellationToken)
   at Microsoft.EntityFrameworkCore.Storage.RelationalDatabase.SaveChangesAsync(IList`1 entries, CancellationToken cancellationToken)
   at Microsoft.EntityFrameworkCore.ChangeTracking.Internal.StateManager.SaveChangesAsync(IList`1 entriesToSave, CancellationToken cancellationToken)
   at Microsoft.EntityFrameworkCore.ChangeTracking.Internal.StateManager.SaveChangesAsync(StateManager stateManager, Boolean acceptAllChangesOnSuccess, CancellationToken cancellationToken)
   at Microsoft.EntityFrameworkCore.DbContext.SaveChangesAsync(Boolean acceptAllChangesOnSuccess, CancellationToken cancellationToken)
   at Microsoft.EntityFrameworkCore.DbContext.SaveChangesAsync(Boolean acceptAllChangesOnSuccess, CancellationToken cancellationToken)
   at Payroll.Application.Employees.CreateDepartmentHandler.Handle(CreateDepartmentCommand request, CancellationToken ct) in D:\repos\payrollsa\Backend\src\Payroll.Application\Employees\DepartmentOperations.cs:line 50
   at Payroll.Application.Common.Behaviours.LoggingBehaviour`2.Handle(TRequest request, RequestHandlerDelegate`1 next, CancellationToken ct) in D:\repos\payrollsa\Backend\src\Payroll.Application\Common\Behaviours\LoggingBehaviour.cs:line 14
   at Payroll.Application.Common.Behaviours.ValidationBehaviour`2.Handle(TRequest request, RequestHandlerDelegate`1 next, CancellationToken ct) in D:\repos\payrollsa\Backend\src\Payroll.Application\Common\Behaviours\ValidationBehaviour.cs:line 15
   at Payroll.Api.Controllers.DepartmentsController.Create(CreateDepartmentDto dto, CancellationToken ct) in D:\repos\payrollsa\Backend\src\Payroll.Api\Controllers\DepartmentsController.cs:line 19
   at Microsoft.AspNetCore.Mvc.Infrastructure.ActionMethodExecutor.TaskOfIActionResultExecutor.Execute(ActionContext actionContext, IActionResultTypeMapper mapper, ObjectMethodExecutor executor, Object controller, Object[] arguments)
   at Microsoft.AspNetCore.Mvc.Infrastructure.ControllerActionInvoker.<InvokeActionMethodAsync>g__Awaited|12_0(ControllerActionInvoker invoker, ValueTask`1 actionResultValueTask)
   at Microsoft.AspNetCore.Mvc.Infrastructure.ControllerActionInvoker.<InvokeNextActionFilterAsync>g__Awaited|10_0(ControllerActionInvoker invoker, Task lastTask, State next, Scope scope, Object state, Boolean isCompleted)
   at Microsoft.AspNetCore.Mvc.Infrastructure.ControllerActionInvoker.Rethrow(ActionExecutedContextSealed context)
   at Microsoft.AspNetCore.Mvc.Infrastructure.ControllerActionInvoker.Next(State& next, Scope& scope, Object& state, Boolean& isCompleted)
   at Microsoft.AspNetCore.Mvc.Infrastructure.ControllerActionInvoker.InvokeInnerFilterAsync()
--- End of stack trace from previous location ---
   at Microsoft.AspNetCore.Mvc.Infrastructure.ResourceInvoker.<InvokeFilterPipelineAsync>g__Awaited|20_0(ResourceInvoker invoker, Task lastTask, State next, Scope scope, Object state, Boolean isCompleted)
   at Microsoft.AspNetCore.Mvc.Infrastructure.ResourceInvoker.<InvokeAsync>g__Awaited|17_0(ResourceInvoker invoker, Task task, IDisposable scope)
   at Microsoft.AspNetCore.Mvc.Infrastructure.ResourceInvoker.<InvokeAsync>g__Awaited|17_0(ResourceInvoker invoker, Task task, IDisposable scope)
   at Swashbuckle.AspNetCore.SwaggerUI.SwaggerUIMiddleware.Invoke(HttpContext httpContext)
   at Swashbuckle.AspNetCore.Swagger.SwaggerMiddleware.Invoke(HttpContext httpContext, ISwaggerProvider swaggerProvider)
   at Microsoft.AspNetCore.Authorization.AuthorizationMiddleware.Invoke(HttpContext context)
   at Microsoft.AspNetCore.Authentication.AuthenticationMiddleware.Invoke(HttpContext context)
   at Payroll.Api.Middleware.AuditMiddleware.InvokeAsync(HttpContext context, AppDbContext db) in D:\repos\payrollsa\Backend\src\Payroll.Api\Middleware\AuditMiddleware.cs:line 16
   at Payroll.Api.Middleware.AuditMiddleware.InvokeAsync(HttpContext context, AppDbContext db) in D:\repos\payrollsa\Backend\src\Payroll.Api\Middleware\AuditMiddleware.cs:line 54
   at Payroll.Api.Middleware.ExceptionMiddleware.InvokeAsync(HttpContext context) in D:\repos\payrollsa\Backend\src\Payroll.Api\Middleware\ExceptionMiddleware.cs:line 14
2026-09-10 07:59:13.558 +02:00 [ERR] HTTP POST /api/departments responded 500 in 164.0995 ms
2026-09-10 07:59:36.569 +02:00 [INF] HTTP OPTIONS /api/employees responded 204 in 4.4237 ms
2026-09-10 07:59:36.588 +02:00 [INF] HTTP GET /api/employees responded 200 in 10.0998 ms
2026-09-10 07:59:36.734 +02:00 [INF] HTTP OPTIONS /api/users responded 204 in 167.8588 ms
2026-09-10 07:59:36.865 +02:00 [INF] HTTP GET /api/users responded 200 in 122.5210 ms
2026-09-10 07:59:40.734 +02:00 [INF] HTTP OPTIONS /api/users/fdfaa007-b082-42f4-995e-c21ec02eaa1b/roles responded 204 in 7.6508 ms
2026-09-10 07:59:41.011 +02:00 [INF] HTTP PUT /api/users/fdfaa007-b082-42f4-995e-c21ec02eaa1b/roles responded 200 in 271.0343 ms
2026-09-10 07:59:41.034 +02:00 [INF] HTTP GET /api/employees responded 200 in 10.2937 ms
2026-09-10 07:59:41.043 +02:00 [INF] HTTP GET /api/users responded 200 in 19.2654 ms
2026-09-10 07:59:46.507 +02:00 [INF] HTTP OPTIONS /api/users/fdfaa007-b082-42f4-995e-c21ec02eaa1b/roles responded 204 in 5.8381 ms
2026-09-10 07:59:46.538 +02:00 [INF] HTTP PUT /api/users/fdfaa007-b082-42f4-995e-c21ec02eaa1b/roles responded 200 in 25.9790 ms
2026-09-10 07:59:46.554 +02:00 [INF] HTTP OPTIONS /api/employees responded 204 in 6.1896 ms
2026-09-10 07:59:46.575 +02:00 [INF] HTTP GET /api/employees responded 200 in 9.7717 ms
2026-09-10 07:59:46.713 +02:00 [INF] HTTP OPTIONS /api/users responded 204 in 164.4553 ms
2026-09-10 07:59:46.749 +02:00 [INF] HTTP GET /api/users responded 200 in 28.6749 ms
2026-09-10 07:59:50.675 +02:00 [INF] HTTP GET /api/employees responded 200 in 8.1580 ms
2026-09-10 08:03:05.729 +02:00 [INF] HTTP OPTIONS /api/departments responded 204 in 6.1541 ms
2026-09-10 08:03:05.741 +02:00 [ERR] Failed executing DbCommand (0ms) [Parameters=[@companyId='?' (DbType = Guid)], CommandType='"Text"', CommandTimeout='30']
SELECT "d"."Id", "d"."CompanyId", "d"."Name", "d"."IsSystemDepartment", "d"."IsDefault"
FROM "Departments" AS "d"
WHERE "d"."CompanyId" = @companyId AND NOT ("d"."IsDeleted")
ORDER BY "d"."IsSystemDepartment" DESC, "d"."Name"
2026-09-10 08:03:05.751 +02:00 [ERR] An exception occurred while iterating over the results of a query for context type 'Payroll.Infrastructure.Persistence.AppDbContext'.
Microsoft.Data.Sqlite.SqliteException (0x80004005): SQLite Error 1: 'no such column: d.IsDefault'.
   at Microsoft.Data.Sqlite.SqliteCommand.PrepareAndEnumerateStatements()+MoveNext()
   at Microsoft.Data.Sqlite.SqliteCommand.GetStatements()+MoveNext()
   at Microsoft.Data.Sqlite.SqliteDataReader.NextResult()
   at Microsoft.Data.Sqlite.SqliteCommand.ExecuteReader(CommandBehavior behavior)
   at Microsoft.Data.Sqlite.SqliteCommand.ExecuteDbDataReaderAsync(CommandBehavior behavior, CancellationToken cancellationToken)
   at Microsoft.EntityFrameworkCore.Storage.RelationalCommand.ExecuteReaderAsync(RelationalCommandParameterObject parameterObject, CancellationToken cancellationToken)
   at Microsoft.EntityFrameworkCore.Storage.RelationalCommand.ExecuteReaderAsync(RelationalCommandParameterObject parameterObject, CancellationToken cancellationToken)
   at Microsoft.EntityFrameworkCore.Query.Internal.SingleQueryingEnumerable`1.AsyncEnumerator.InitializeReaderAsync(AsyncEnumerator enumerator, CancellationToken cancellationToken)
   at Microsoft.EntityFrameworkCore.Query.Internal.SingleQueryingEnumerable`1.AsyncEnumerator.MoveNextAsync()
Microsoft.Data.Sqlite.SqliteException (0x80004005): SQLite Error 1: 'no such column: d.IsDefault'.
   at Microsoft.Data.Sqlite.SqliteCommand.PrepareAndEnumerateStatements()+MoveNext()
   at Microsoft.Data.Sqlite.SqliteCommand.GetStatements()+MoveNext()
   at Microsoft.Data.Sqlite.SqliteDataReader.NextResult()
   at Microsoft.Data.Sqlite.SqliteCommand.ExecuteReader(CommandBehavior behavior)
   at Microsoft.Data.Sqlite.SqliteCommand.ExecuteDbDataReaderAsync(CommandBehavior behavior, CancellationToken cancellationToken)
   at Microsoft.EntityFrameworkCore.Storage.RelationalCommand.ExecuteReaderAsync(RelationalCommandParameterObject parameterObject, CancellationToken cancellationToken)
   at Microsoft.EntityFrameworkCore.Storage.RelationalCommand.ExecuteReaderAsync(RelationalCommandParameterObject parameterObject, CancellationToken cancellationToken)
   at Microsoft.EntityFrameworkCore.Query.Internal.SingleQueryingEnumerable`1.AsyncEnumerator.InitializeReaderAsync(AsyncEnumerator enumerator, CancellationToken cancellationToken)
   at Microsoft.EntityFrameworkCore.Query.Internal.SingleQueryingEnumerable`1.AsyncEnumerator.MoveNextAsync()
2026-09-10 08:03:05.779 +02:00 [ERR] Unhandled exception: SQLite Error 1: 'no such column: d.IsDefault'.
Microsoft.Data.Sqlite.SqliteException (0x80004005): SQLite Error 1: 'no such column: d.IsDefault'.
   at Microsoft.Data.Sqlite.SqliteCommand.PrepareAndEnumerateStatements()+MoveNext()
   at Microsoft.Data.Sqlite.SqliteCommand.GetStatements()+MoveNext()
   at Microsoft.Data.Sqlite.SqliteDataReader.NextResult()
   at Microsoft.Data.Sqlite.SqliteCommand.ExecuteReader(CommandBehavior behavior)
   at Microsoft.Data.Sqlite.SqliteCommand.ExecuteDbDataReaderAsync(CommandBehavior behavior, CancellationToken cancellationToken)
   at Microsoft.EntityFrameworkCore.Storage.RelationalCommand.ExecuteReaderAsync(RelationalCommandParameterObject parameterObject, CancellationToken cancellationToken)
   at Microsoft.EntityFrameworkCore.Storage.RelationalCommand.ExecuteReaderAsync(RelationalCommandParameterObject parameterObject, CancellationToken cancellationToken)
   at Microsoft.EntityFrameworkCore.Query.Internal.SingleQueryingEnumerable`1.AsyncEnumerator.InitializeReaderAsync(AsyncEnumerator enumerator, CancellationToken cancellationToken)
   at Microsoft.EntityFrameworkCore.Query.Internal.SingleQueryingEnumerable`1.AsyncEnumerator.MoveNextAsync()
   at Microsoft.EntityFrameworkCore.EntityFrameworkQueryableExtensions.ToListAsync[TSource](IQueryable`1 source, CancellationToken cancellationToken)
   at Microsoft.EntityFrameworkCore.EntityFrameworkQueryableExtensions.ToListAsync[TSource](IQueryable`1 source, CancellationToken cancellationToken)
   at Payroll.Application.Employees.GetDepartmentsHandler.Handle(GetDepartmentsQuery request, CancellationToken ct) in D:\repos\payrollsa\Backend\src\Payroll.Application\Employees\DepartmentOperations.cs:line 19
   at Payroll.Application.Common.Behaviours.LoggingBehaviour`2.Handle(TRequest request, RequestHandlerDelegate`1 next, CancellationToken ct) in D:\repos\payrollsa\Backend\src\Payroll.Application\Common\Behaviours\LoggingBehaviour.cs:line 14
   at Payroll.Application.Common.Behaviours.ValidationBehaviour`2.Handle(TRequest request, RequestHandlerDelegate`1 next, CancellationToken ct) in D:\repos\payrollsa\Backend\src\Payroll.Application\Common\Behaviours\ValidationBehaviour.cs:line 15
   at Payroll.Api.Controllers.DepartmentsController.GetAll(Guid companyId, CancellationToken ct) in D:\repos\payrollsa\Backend\src\Payroll.Api\Controllers\DepartmentsController.cs:line 15
   at Microsoft.AspNetCore.Mvc.Infrastructure.ActionMethodExecutor.TaskOfIActionResultExecutor.Execute(ActionContext actionContext, IActionResultTypeMapper mapper, ObjectMethodExecutor executor, Object controller, Object[] arguments)
   at Microsoft.AspNetCore.Mvc.Infrastructure.ControllerActionInvoker.<InvokeActionMethodAsync>g__Awaited|12_0(ControllerActionInvoker invoker, ValueTask`1 actionResultValueTask)
   at Microsoft.AspNetCore.Mvc.Infrastructure.ControllerActionInvoker.<InvokeNextActionFilterAsync>g__Awaited|10_0(ControllerActionInvoker invoker, Task lastTask, State next, Scope scope, Object state, Boolean isCompleted)
   at Microsoft.AspNetCore.Mvc.Infrastructure.ControllerActionInvoker.Rethrow(ActionExecutedContextSealed context)
   at Microsoft.AspNetCore.Mvc.Infrastructure.ControllerActionInvoker.Next(State& next, Scope& scope, Object& state, Boolean& isCompleted)
   at Microsoft.AspNetCore.Mvc.Infrastructure.ControllerActionInvoker.InvokeInnerFilterAsync()
--- End of stack trace from previous location ---
   at Microsoft.AspNetCore.Mvc.Infrastructure.ResourceInvoker.<InvokeFilterPipelineAsync>g__Awaited|20_0(ResourceInvoker invoker, Task lastTask, State next, Scope scope, Object state, Boolean isCompleted)
   at Microsoft.AspNetCore.Mvc.Infrastructure.ResourceInvoker.<InvokeAsync>g__Awaited|17_0(ResourceInvoker invoker, Task task, IDisposable scope)
   at Microsoft.AspNetCore.Mvc.Infrastructure.ResourceInvoker.<InvokeAsync>g__Awaited|17_0(ResourceInvoker invoker, Task task, IDisposable scope)
   at Swashbuckle.AspNetCore.SwaggerUI.SwaggerUIMiddleware.Invoke(HttpContext httpContext)
   at Swashbuckle.AspNetCore.Swagger.SwaggerMiddleware.Invoke(HttpContext httpContext, ISwaggerProvider swaggerProvider)
   at Microsoft.AspNetCore.Authorization.AuthorizationMiddleware.Invoke(HttpContext context)
   at Microsoft.AspNetCore.Authentication.AuthenticationMiddleware.Invoke(HttpContext context)
   at Payroll.Api.Middleware.AuditMiddleware.InvokeAsync(HttpContext context, AppDbContext db) in D:\repos\payrollsa\Backend\src\Payroll.Api\Middleware\AuditMiddleware.cs:line 16
   at Payroll.Api.Middleware.AuditMiddleware.InvokeAsync(HttpContext context, AppDbContext db) in D:\repos\payrollsa\Backend\src\Payroll.Api\Middleware\AuditMiddleware.cs:line 54
   at Payroll.Api.Middleware.ExceptionMiddleware.InvokeAsync(HttpContext context) in D:\repos\payrollsa\Backend\src\Payroll.Api\Middleware\ExceptionMiddleware.cs:line 14
2026-09-10 08:03:05.804 +02:00 [ERR] HTTP GET /api/departments responded 500 in 66.7290 ms
2026-09-10 08:04:20.190 +02:00 [INF] Server desktop-3ro9ejj:14884:c9fbe47d caught stopping signal...
2026-09-10 08:04:20.204 +02:00 [INF] Server desktop-3ro9ejj:14884:c9fbe47d All dispatchers stopped
2026-09-10 08:04:20.218 +02:00 [INF] Server desktop-3ro9ejj:14884:c9fbe47d successfully reported itself as stopped in 3,353 ms
2026-09-10 08:04:20.257 +02:00 [INF] Server desktop-3ro9ejj:14884:c9fbe47d has been stopped in total 61,6417 ms
2026-09-10 08:37:35.064 +02:00 [WRN] No instantiatable types implementing `IEntityTypeConfiguration` were found while scanning assembly 'Payroll.Infrastructure, Version=1.0.0.0, Culture=neutral, PublicKeyToken=null'.
2026-09-10 08:37:36.898 +02:00 [WRN] The WebRootPath was not found: D:\repos\payrollsa\Backend\src\Payroll.Api\wwwroot. Static files may be unavailable.
2026-09-10 08:37:37.052 +02:00 [WRN] The WebRootPath was not found: D:\repos\payrollsa\Backend\src\Payroll.Api\wwwroot. Static files may be unavailable.
2026-09-10 08:37:37.181 +02:00 [INF] Starting Hangfire Server using job storage: 'In-Memory Storage'
2026-09-10 08:37:37.184 +02:00 [INF] Using the following options for Hangfire Server:
    Worker count: 20
    Listening queues: 'default'
    Shutdown timeout: 00:00:15
    Schedule polling interval: 00:00:15
2026-09-10 08:37:37.238 +02:00 [INF] Server desktop-3ro9ejj:35360:359c7e55 successfully announced in 9,321 ms
2026-09-10 08:37:37.248 +02:00 [INF] Server desktop-3ro9ejj:35360:359c7e55 is starting the registered dispatchers: ServerWatchdog, ServerJobCancellationWatcher, Worker, DelayedJobScheduler, RecurringJobScheduler...
2026-09-10 08:37:37.327 +02:00 [INF] Server desktop-3ro9ejj:35360:359c7e55 all the dispatchers started
2026-09-10 08:37:56.602 +02:00 [WRN] Failed to determine the https port for redirect.
2026-09-10 08:37:57.219 +02:00 [INF] HTTP OPTIONS /api/departments responded 204 in 640.5804 ms
2026-09-10 08:37:57.219 +02:00 [INF] HTTP OPTIONS /api/departments responded 204 in 642.4194 ms
2026-09-10 08:37:57.760 +02:00 [WRN] You do not have a valid license key for the Lucky Penny software MediatR. This is allowed for development and testing scenarios. If you are running in production you are required to have a licensed version. Please visit https://luckypennysoftware.com to obtain a valid license.
2026-09-10 08:37:58.074 +02:00 [ERR] Failed executing DbCommand (7ms) [Parameters=[@companyId='?' (DbType = Guid)], CommandType='"Text"', CommandTimeout='30']
SELECT "d"."Id", "d"."CompanyId", "d"."Name", "d"."IsSystemDepartment", "d"."IsDefault"
FROM "Departments" AS "d"
WHERE "d"."CompanyId" = @companyId AND NOT ("d"."IsDeleted")
ORDER BY "d"."IsSystemDepartment" DESC, "d"."Name"
2026-09-10 08:37:58.124 +02:00 [ERR] An exception occurred while iterating over the results of a query for context type 'Payroll.Infrastructure.Persistence.AppDbContext'.
Microsoft.Data.Sqlite.SqliteException (0x80004005): SQLite Error 1: 'no such column: d.IsDefault'.
   at Microsoft.Data.Sqlite.SqliteException.ThrowExceptionForRC(Int32 rc, sqlite3 db)
   at Microsoft.Data.Sqlite.SqliteCommand.PrepareAndEnumerateStatements()+MoveNext()
   at Microsoft.Data.Sqlite.SqliteCommand.GetStatements()+MoveNext()
   at Microsoft.Data.Sqlite.SqliteDataReader.NextResult()
   at Microsoft.Data.Sqlite.SqliteCommand.ExecuteReader(CommandBehavior behavior)
   at Microsoft.Data.Sqlite.SqliteCommand.ExecuteReaderAsync(CommandBehavior behavior, CancellationToken cancellationToken)
   at Microsoft.Data.Sqlite.SqliteCommand.ExecuteDbDataReaderAsync(CommandBehavior behavior, CancellationToken cancellationToken)
   at Microsoft.EntityFrameworkCore.Storage.RelationalCommand.ExecuteReaderAsync(RelationalCommandParameterObject parameterObject, CancellationToken cancellationToken)
   at Microsoft.EntityFrameworkCore.Storage.RelationalCommand.ExecuteReaderAsync(RelationalCommandParameterObject parameterObject, CancellationToken cancellationToken)
   at Microsoft.EntityFrameworkCore.Query.Internal.SingleQueryingEnumerable`1.AsyncEnumerator.InitializeReaderAsync(AsyncEnumerator enumerator, CancellationToken cancellationToken)
   at Microsoft.EntityFrameworkCore.Query.Internal.SingleQueryingEnumerable`1.AsyncEnumerator.MoveNextAsync()
Microsoft.Data.Sqlite.SqliteException (0x80004005): SQLite Error 1: 'no such column: d.IsDefault'.
   at Microsoft.Data.Sqlite.SqliteException.ThrowExceptionForRC(Int32 rc, sqlite3 db)
   at Microsoft.Data.Sqlite.SqliteCommand.PrepareAndEnumerateStatements()+MoveNext()
   at Microsoft.Data.Sqlite.SqliteCommand.GetStatements()+MoveNext()
   at Microsoft.Data.Sqlite.SqliteDataReader.NextResult()
   at Microsoft.Data.Sqlite.SqliteCommand.ExecuteReader(CommandBehavior behavior)
   at Microsoft.Data.Sqlite.SqliteCommand.ExecuteReaderAsync(CommandBehavior behavior, CancellationToken cancellationToken)
   at Microsoft.Data.Sqlite.SqliteCommand.ExecuteDbDataReaderAsync(CommandBehavior behavior, CancellationToken cancellationToken)
   at Microsoft.EntityFrameworkCore.Storage.RelationalCommand.ExecuteReaderAsync(RelationalCommandParameterObject parameterObject, CancellationToken cancellationToken)
   at Microsoft.EntityFrameworkCore.Storage.RelationalCommand.ExecuteReaderAsync(RelationalCommandParameterObject parameterObject, CancellationToken cancellationToken)
   at Microsoft.EntityFrameworkCore.Query.Internal.SingleQueryingEnumerable`1.AsyncEnumerator.InitializeReaderAsync(AsyncEnumerator enumerator, CancellationToken cancellationToken)
   at Microsoft.EntityFrameworkCore.Query.Internal.SingleQueryingEnumerable`1.AsyncEnumerator.MoveNextAsync()
2026-09-10 08:37:58.153 +02:00 [ERR] Unhandled exception: SQLite Error 1: 'no such column: d.IsDefault'.
Microsoft.Data.Sqlite.SqliteException (0x80004005): SQLite Error 1: 'no such column: d.IsDefault'.
   at Microsoft.Data.Sqlite.SqliteException.ThrowExceptionForRC(Int32 rc, sqlite3 db)
   at Microsoft.Data.Sqlite.SqliteCommand.PrepareAndEnumerateStatements()+MoveNext()
   at Microsoft.Data.Sqlite.SqliteCommand.GetStatements()+MoveNext()
   at Microsoft.Data.Sqlite.SqliteDataReader.NextResult()
   at Microsoft.Data.Sqlite.SqliteCommand.ExecuteReader(CommandBehavior behavior)
   at Microsoft.Data.Sqlite.SqliteCommand.ExecuteReaderAsync(CommandBehavior behavior, CancellationToken cancellationToken)
   at Microsoft.Data.Sqlite.SqliteCommand.ExecuteDbDataReaderAsync(CommandBehavior behavior, CancellationToken cancellationToken)
   at Microsoft.EntityFrameworkCore.Storage.RelationalCommand.ExecuteReaderAsync(RelationalCommandParameterObject parameterObject, CancellationToken cancellationToken)
   at Microsoft.EntityFrameworkCore.Storage.RelationalCommand.ExecuteReaderAsync(RelationalCommandParameterObject parameterObject, CancellationToken cancellationToken)
   at Microsoft.EntityFrameworkCore.Query.Internal.SingleQueryingEnumerable`1.AsyncEnumerator.InitializeReaderAsync(AsyncEnumerator enumerator, CancellationToken cancellationToken)
   at Microsoft.EntityFrameworkCore.Query.Internal.SingleQueryingEnumerable`1.AsyncEnumerator.MoveNextAsync()
   at Microsoft.EntityFrameworkCore.EntityFrameworkQueryableExtensions.ToListAsync[TSource](IQueryable`1 source, CancellationToken cancellationToken)
   at Microsoft.EntityFrameworkCore.EntityFrameworkQueryableExtensions.ToListAsync[TSource](IQueryable`1 source, CancellationToken cancellationToken)
   at Payroll.Application.Employees.GetDepartmentsHandler.Handle(GetDepartmentsQuery request, CancellationToken ct) in D:\repos\payrollsa\Backend\src\Payroll.Application\Employees\DepartmentOperations.cs:line 19
   at Payroll.Application.Common.Behaviours.LoggingBehaviour`2.Handle(TRequest request, RequestHandlerDelegate`1 next, CancellationToken ct) in D:\repos\payrollsa\Backend\src\Payroll.Application\Common\Behaviours\LoggingBehaviour.cs:line 14
   at Payroll.Application.Common.Behaviours.ValidationBehaviour`2.Handle(TRequest request, RequestHandlerDelegate`1 next, CancellationToken ct) in D:\repos\payrollsa\Backend\src\Payroll.Application\Common\Behaviours\ValidationBehaviour.cs:line 15
   at Payroll.Api.Controllers.DepartmentsController.GetAll(Guid companyId, CancellationToken ct) in D:\repos\payrollsa\Backend\src\Payroll.Api\Controllers\DepartmentsController.cs:line 15
   at Microsoft.AspNetCore.Mvc.Infrastructure.ActionMethodExecutor.TaskOfIActionResultExecutor.Execute(ActionContext actionContext, IActionResultTypeMapper mapper, ObjectMethodExecutor executor, Object controller, Object[] arguments)
   at Microsoft.AspNetCore.Mvc.Infrastructure.ControllerActionInvoker.<InvokeActionMethodAsync>g__Awaited|12_0(ControllerActionInvoker invoker, ValueTask`1 actionResultValueTask)
   at Microsoft.AspNetCore.Mvc.Infrastructure.ControllerActionInvoker.<InvokeNextActionFilterAsync>g__Awaited|10_0(ControllerActionInvoker invoker, Task lastTask, State next, Scope scope, Object state, Boolean isCompleted)
   at Microsoft.AspNetCore.Mvc.Infrastructure.ControllerActionInvoker.Rethrow(ActionExecutedContextSealed context)
   at Microsoft.AspNetCore.Mvc.Infrastructure.ControllerActionInvoker.Next(State& next, Scope& scope, Object& state, Boolean& isCompleted)
   at Microsoft.AspNetCore.Mvc.Infrastructure.ControllerActionInvoker.InvokeInnerFilterAsync()
--- End of stack trace from previous location ---
   at Microsoft.AspNetCore.Mvc.Infrastructure.ResourceInvoker.<InvokeFilterPipelineAsync>g__Awaited|20_0(ResourceInvoker invoker, Task lastTask, State next, Scope scope, Object state, Boolean isCompleted)
   at Microsoft.AspNetCore.Mvc.Infrastructure.ResourceInvoker.<InvokeAsync>g__Awaited|17_0(ResourceInvoker invoker, Task task, IDisposable scope)
   at Microsoft.AspNetCore.Mvc.Infrastructure.ResourceInvoker.<InvokeAsync>g__Awaited|17_0(ResourceInvoker invoker, Task task, IDisposable scope)
   at Swashbuckle.AspNetCore.SwaggerUI.SwaggerUIMiddleware.Invoke(HttpContext httpContext)
   at Swashbuckle.AspNetCore.Swagger.SwaggerMiddleware.Invoke(HttpContext httpContext, ISwaggerProvider swaggerProvider)
   at Microsoft.AspNetCore.Authorization.AuthorizationMiddleware.Invoke(HttpContext context)
   at Microsoft.AspNetCore.Authentication.AuthenticationMiddleware.Invoke(HttpContext context)
   at Payroll.Api.Middleware.AuditMiddleware.InvokeAsync(HttpContext context, AppDbContext db) in D:\repos\payrollsa\Backend\src\Payroll.Api\Middleware\AuditMiddleware.cs:line 16
   at Payroll.Api.Middleware.AuditMiddleware.InvokeAsync(HttpContext context, AppDbContext db) in D:\repos\payrollsa\Backend\src\Payroll.Api\Middleware\AuditMiddleware.cs:line 54
   at Payroll.Api.Middleware.ExceptionMiddleware.InvokeAsync(HttpContext context) in D:\repos\payrollsa\Backend\src\Payroll.Api\Middleware\ExceptionMiddleware.cs:line 14
2026-09-10 08:37:58.253 +02:00 [ERR] HTTP GET /api/departments responded 500 in 930.4144 ms
2026-09-10 08:37:58.281 +02:00 [ERR] Failed executing DbCommand (1ms) [Parameters=[@companyId='?' (DbType = Guid)], CommandType='"Text"', CommandTimeout='30']
SELECT "d"."Id", "d"."CompanyId", "d"."Name", "d"."IsSystemDepartment", "d"."IsDefault"
FROM "Departments" AS "d"
WHERE "d"."CompanyId" = @companyId AND NOT ("d"."IsDeleted")
ORDER BY "d"."IsSystemDepartment" DESC, "d"."Name"
2026-09-10 08:37:58.290 +02:00 [ERR] An exception occurred while iterating over the results of a query for context type 'Payroll.Infrastructure.Persistence.AppDbContext'.
Microsoft.Data.Sqlite.SqliteException (0x80004005): SQLite Error 1: 'no such column: d.IsDefault'.
   at Microsoft.Data.Sqlite.SqliteException.ThrowExceptionForRC(Int32 rc, sqlite3 db)
   at Microsoft.Data.Sqlite.SqliteCommand.PrepareAndEnumerateStatements()+MoveNext()
   at Microsoft.Data.Sqlite.SqliteCommand.GetStatements()+MoveNext()
   at Microsoft.Data.Sqlite.SqliteDataReader.NextResult()
   at Microsoft.Data.Sqlite.SqliteCommand.ExecuteReader(CommandBehavior behavior)
   at Microsoft.Data.Sqlite.SqliteCommand.ExecuteReaderAsync(CommandBehavior behavior, CancellationToken cancellationToken)
   at Microsoft.Data.Sqlite.SqliteCommand.ExecuteDbDataReaderAsync(CommandBehavior behavior, CancellationToken cancellationToken)
   at Microsoft.EntityFrameworkCore.Storage.RelationalCommand.ExecuteReaderAsync(RelationalCommandParameterObject parameterObject, CancellationToken cancellationToken)
   at Microsoft.EntityFrameworkCore.Storage.RelationalCommand.ExecuteReaderAsync(RelationalCommandParameterObject parameterObject, CancellationToken cancellationToken)
   at Microsoft.EntityFrameworkCore.Query.Internal.SingleQueryingEnumerable`1.AsyncEnumerator.InitializeReaderAsync(AsyncEnumerator enumerator, CancellationToken cancellationToken)
   at Microsoft.EntityFrameworkCore.Query.Internal.SingleQueryingEnumerable`1.AsyncEnumerator.MoveNextAsync()
Microsoft.Data.Sqlite.SqliteException (0x80004005): SQLite Error 1: 'no such column: d.IsDefault'.
   at Microsoft.Data.Sqlite.SqliteException.ThrowExceptionForRC(Int32 rc, sqlite3 db)
   at Microsoft.Data.Sqlite.SqliteCommand.PrepareAndEnumerateStatements()+MoveNext()
   at Microsoft.Data.Sqlite.SqliteCommand.GetStatements()+MoveNext()
   at Microsoft.Data.Sqlite.SqliteDataReader.NextResult()
   at Microsoft.Data.Sqlite.SqliteCommand.ExecuteReader(CommandBehavior behavior)
   at Microsoft.Data.Sqlite.SqliteCommand.ExecuteReaderAsync(CommandBehavior behavior, CancellationToken cancellationToken)
   at Microsoft.Data.Sqlite.SqliteCommand.ExecuteDbDataReaderAsync(CommandBehavior behavior, CancellationToken cancellationToken)
   at Microsoft.EntityFrameworkCore.Storage.RelationalCommand.ExecuteReaderAsync(RelationalCommandParameterObject parameterObject, CancellationToken cancellationToken)
   at Microsoft.EntityFrameworkCore.Storage.RelationalCommand.ExecuteReaderAsync(RelationalCommandParameterObject parameterObject, CancellationToken cancellationToken)
   at Microsoft.EntityFrameworkCore.Query.Internal.SingleQueryingEnumerable`1.AsyncEnumerator.InitializeReaderAsync(AsyncEnumerator enumerator, CancellationToken cancellationToken)
   at Microsoft.EntityFrameworkCore.Query.Internal.SingleQueryingEnumerable`1.AsyncEnumerator.MoveNextAsync()
2026-09-10 08:37:58.311 +02:00 [ERR] Unhandled exception: SQLite Error 1: 'no such column: d.IsDefault'.
Microsoft.Data.Sqlite.SqliteException (0x80004005): SQLite Error 1: 'no such column: d.IsDefault'.
   at Microsoft.Data.Sqlite.SqliteException.ThrowExceptionForRC(Int32 rc, sqlite3 db)
   at Microsoft.Data.Sqlite.SqliteCommand.PrepareAndEnumerateStatements()+MoveNext()
   at Microsoft.Data.Sqlite.SqliteCommand.GetStatements()+MoveNext()
   at Microsoft.Data.Sqlite.SqliteDataReader.NextResult()
   at Microsoft.Data.Sqlite.SqliteCommand.ExecuteReader(CommandBehavior behavior)
   at Microsoft.Data.Sqlite.SqliteCommand.ExecuteReaderAsync(CommandBehavior behavior, CancellationToken cancellationToken)
   at Microsoft.Data.Sqlite.SqliteCommand.ExecuteDbDataReaderAsync(CommandBehavior behavior, CancellationToken cancellationToken)
   at Microsoft.EntityFrameworkCore.Storage.RelationalCommand.ExecuteReaderAsync(RelationalCommandParameterObject parameterObject, CancellationToken cancellationToken)
   at Microsoft.EntityFrameworkCore.Storage.RelationalCommand.ExecuteReaderAsync(RelationalCommandParameterObject parameterObject, CancellationToken cancellationToken)
   at Microsoft.EntityFrameworkCore.Query.Internal.SingleQueryingEnumerable`1.AsyncEnumerator.InitializeReaderAsync(AsyncEnumerator enumerator, CancellationToken cancellationToken)
   at Microsoft.EntityFrameworkCore.Query.Internal.SingleQueryingEnumerable`1.AsyncEnumerator.MoveNextAsync()
   at Microsoft.EntityFrameworkCore.EntityFrameworkQueryableExtensions.ToListAsync[TSource](IQueryable`1 source, CancellationToken cancellationToken)
   at Microsoft.EntityFrameworkCore.EntityFrameworkQueryableExtensions.ToListAsync[TSource](IQueryable`1 source, CancellationToken cancellationToken)
   at Payroll.Application.Employees.GetDepartmentsHandler.Handle(GetDepartmentsQuery request, CancellationToken ct) in D:\repos\payrollsa\Backend\src\Payroll.Application\Employees\DepartmentOperations.cs:line 19
   at Payroll.Application.Common.Behaviours.LoggingBehaviour`2.Handle(TRequest request, RequestHandlerDelegate`1 next, CancellationToken ct) in D:\repos\payrollsa\Backend\src\Payroll.Application\Common\Behaviours\LoggingBehaviour.cs:line 14
   at Payroll.Application.Common.Behaviours.ValidationBehaviour`2.Handle(TRequest request, RequestHandlerDelegate`1 next, CancellationToken ct) in D:\repos\payrollsa\Backend\src\Payroll.Application\Common\Behaviours\ValidationBehaviour.cs:line 15
   at Payroll.Api.Controllers.DepartmentsController.GetAll(Guid companyId, CancellationToken ct) in D:\repos\payrollsa\Backend\src\Payroll.Api\Controllers\DepartmentsController.cs:line 15
   at Microsoft.AspNetCore.Mvc.Infrastructure.ActionMethodExecutor.TaskOfIActionResultExecutor.Execute(ActionContext actionContext, IActionResultTypeMapper mapper, ObjectMethodExecutor executor, Object controller, Object[] arguments)
   at Microsoft.AspNetCore.Mvc.Infrastructure.ControllerActionInvoker.<InvokeActionMethodAsync>g__Awaited|12_0(ControllerActionInvoker invoker, ValueTask`1 actionResultValueTask)
   at Microsoft.AspNetCore.Mvc.Infrastructure.ControllerActionInvoker.<InvokeNextActionFilterAsync>g__Awaited|10_0(ControllerActionInvoker invoker, Task lastTask, State next, Scope scope, Object state, Boolean isCompleted)
   at Microsoft.AspNetCore.Mvc.Infrastructure.ControllerActionInvoker.Rethrow(ActionExecutedContextSealed context)
   at Microsoft.AspNetCore.Mvc.Infrastructure.ControllerActionInvoker.Next(State& next, Scope& scope, Object& state, Boolean& isCompleted)
   at Microsoft.AspNetCore.Mvc.Infrastructure.ControllerActionInvoker.InvokeInnerFilterAsync()
--- End of stack trace from previous location ---
   at Microsoft.AspNetCore.Mvc.Infrastructure.ResourceInvoker.<InvokeFilterPipelineAsync>g__Awaited|20_0(ResourceInvoker invoker, Task lastTask, State next, Scope scope, Object state, Boolean isCompleted)
   at Microsoft.AspNetCore.Mvc.Infrastructure.ResourceInvoker.<InvokeAsync>g__Awaited|17_0(ResourceInvoker invoker, Task task, IDisposable scope)
   at Microsoft.AspNetCore.Mvc.Infrastructure.ResourceInvoker.<InvokeAsync>g__Awaited|17_0(ResourceInvoker invoker, Task task, IDisposable scope)
   at Swashbuckle.AspNetCore.SwaggerUI.SwaggerUIMiddleware.Invoke(HttpContext httpContext)
   at Swashbuckle.AspNetCore.Swagger.SwaggerMiddleware.Invoke(HttpContext httpContext, ISwaggerProvider swaggerProvider)
   at Microsoft.AspNetCore.Authorization.AuthorizationMiddleware.Invoke(HttpContext context)
   at Microsoft.AspNetCore.Authentication.AuthenticationMiddleware.Invoke(HttpContext context)
   at Payroll.Api.Middleware.AuditMiddleware.InvokeAsync(HttpContext context, AppDbContext db) in D:\repos\payrollsa\Backend\src\Payroll.Api\Middleware\AuditMiddleware.cs:line 16
   at Payroll.Api.Middleware.AuditMiddleware.InvokeAsync(HttpContext context, AppDbContext db) in D:\repos\payrollsa\Backend\src\Payroll.Api\Middleware\AuditMiddleware.cs:line 54
   at Payroll.Api.Middleware.ExceptionMiddleware.InvokeAsync(HttpContext context) in D:\repos\payrollsa\Backend\src\Payroll.Api\Middleware\ExceptionMiddleware.cs:line 14
2026-09-10 08:37:58.347 +02:00 [ERR] HTTP GET /api/departments responded 500 in 91.5597 ms
2026-09-10 08:38:01.792 +02:00 [INF] HTTP OPTIONS /api/settings/earning-types responded 204 in 13.2470 ms
2026-09-10 08:38:01.956 +02:00 [INF] HTTP OPTIONS /api/settings/deduction-types responded 204 in 176.9609 ms
2026-09-10 08:38:01.982 +02:00 [INF] HTTP GET /api/settings/earning-types responded 200 in 178.2973 ms
2026-09-10 08:38:02.038 +02:00 [INF] HTTP GET /api/settings/deduction-types responded 200 in 71.4724 ms
2026-09-10 08:38:10.707 +02:00 [INF] HTTP OPTIONS /api/employees responded 204 in 10.3047 ms
2026-09-10 08:38:10.940 +02:00 [INF] HTTP GET /api/employees responded 200 in 218.7480 ms
2026-09-10 08:38:13.349 +02:00 [INF] HTTP OPTIONS /api/users responded 204 in 8.9463 ms
2026-09-10 08:38:13.509 +02:00 [INF] HTTP GET /api/employees responded 200 in 174.3519 ms
2026-09-10 08:38:13.952 +02:00 [INF] HTTP GET /api/users responded 200 in 594.2393 ms
2026-09-10 08:38:16.827 +02:00 [INF] HTTP OPTIONS /api/settings/earning-types responded 204 in 5.8085 ms
2026-09-10 08:38:16.846 +02:00 [INF] HTTP GET /api/settings/earning-types responded 200 in 12.0925 ms
2026-09-10 08:38:16.983 +02:00 [INF] HTTP OPTIONS /api/settings/deduction-types responded 204 in 161.2914 ms
2026-09-10 08:38:17.009 +02:00 [INF] HTTP GET /api/settings/deduction-types responded 200 in 12.9954 ms
2026-09-10 08:38:23.187 +02:00 [INF] HTTP OPTIONS /api/departments responded 204 in 6.4722 ms
2026-09-10 08:38:23.204 +02:00 [ERR] Failed executing DbCommand (1ms) [Parameters=[@companyId='?' (DbType = Guid)], CommandType='"Text"', CommandTimeout='30']
SELECT "d"."Id", "d"."CompanyId", "d"."Name", "d"."IsSystemDepartment", "d"."IsDefault"
FROM "Departments" AS "d"
WHERE "d"."CompanyId" = @companyId AND NOT ("d"."IsDeleted")
ORDER BY "d"."IsSystemDepartment" DESC, "d"."Name"
2026-09-10 08:38:23.212 +02:00 [ERR] An exception occurred while iterating over the results of a query for context type 'Payroll.Infrastructure.Persistence.AppDbContext'.
Microsoft.Data.Sqlite.SqliteException (0x80004005): SQLite Error 1: 'no such column: d.IsDefault'.
   at Microsoft.Data.Sqlite.SqliteException.ThrowExceptionForRC(Int32 rc, sqlite3 db)
   at Microsoft.Data.Sqlite.SqliteCommand.PrepareAndEnumerateStatements()+MoveNext()
   at Microsoft.Data.Sqlite.SqliteCommand.GetStatements()+MoveNext()
   at Microsoft.Data.Sqlite.SqliteDataReader.NextResult()
   at Microsoft.Data.Sqlite.SqliteCommand.ExecuteReader(CommandBehavior behavior)
   at Microsoft.Data.Sqlite.SqliteCommand.ExecuteReaderAsync(CommandBehavior behavior, CancellationToken cancellationToken)
   at Microsoft.Data.Sqlite.SqliteCommand.ExecuteDbDataReaderAsync(CommandBehavior behavior, CancellationToken cancellationToken)
   at Microsoft.EntityFrameworkCore.Storage.RelationalCommand.ExecuteReaderAsync(RelationalCommandParameterObject parameterObject, CancellationToken cancellationToken)
   at Microsoft.EntityFrameworkCore.Storage.RelationalCommand.ExecuteReaderAsync(RelationalCommandParameterObject parameterObject, CancellationToken cancellationToken)
   at Microsoft.EntityFrameworkCore.Query.Internal.SingleQueryingEnumerable`1.AsyncEnumerator.InitializeReaderAsync(AsyncEnumerator enumerator, CancellationToken cancellationToken)
   at Microsoft.EntityFrameworkCore.Query.Internal.SingleQueryingEnumerable`1.AsyncEnumerator.MoveNextAsync()
Microsoft.Data.Sqlite.SqliteException (0x80004005): SQLite Error 1: 'no such column: d.IsDefault'.
   at Microsoft.Data.Sqlite.SqliteException.ThrowExceptionForRC(Int32 rc, sqlite3 db)
   at Microsoft.Data.Sqlite.SqliteCommand.PrepareAndEnumerateStatements()+MoveNext()
   at Microsoft.Data.Sqlite.SqliteCommand.GetStatements()+MoveNext()
   at Microsoft.Data.Sqlite.SqliteDataReader.NextResult()
   at Microsoft.Data.Sqlite.SqliteCommand.ExecuteReader(CommandBehavior behavior)
   at Microsoft.Data.Sqlite.SqliteCommand.ExecuteReaderAsync(CommandBehavior behavior, CancellationToken cancellationToken)
   at Microsoft.Data.Sqlite.SqliteCommand.ExecuteDbDataReaderAsync(CommandBehavior behavior, CancellationToken cancellationToken)
   at Microsoft.EntityFrameworkCore.Storage.RelationalCommand.ExecuteReaderAsync(RelationalCommandParameterObject parameterObject, CancellationToken cancellationToken)
   at Microsoft.EntityFrameworkCore.Storage.RelationalCommand.ExecuteReaderAsync(RelationalCommandParameterObject parameterObject, CancellationToken cancellationToken)
   at Microsoft.EntityFrameworkCore.Query.Internal.SingleQueryingEnumerable`1.AsyncEnumerator.InitializeReaderAsync(AsyncEnumerator enumerator, CancellationToken cancellationToken)
   at Microsoft.EntityFrameworkCore.Query.Internal.SingleQueryingEnumerable`1.AsyncEnumerator.MoveNextAsync()
2026-09-10 08:38:23.234 +02:00 [ERR] Unhandled exception: SQLite Error 1: 'no such column: d.IsDefault'.
Microsoft.Data.Sqlite.SqliteException (0x80004005): SQLite Error 1: 'no such column: d.IsDefault'.
   at Microsoft.Data.Sqlite.SqliteException.ThrowExceptionForRC(Int32 rc, sqlite3 db)
   at Microsoft.Data.Sqlite.SqliteCommand.PrepareAndEnumerateStatements()+MoveNext()
   at Microsoft.Data.Sqlite.SqliteCommand.GetStatements()+MoveNext()
   at Microsoft.Data.Sqlite.SqliteDataReader.NextResult()
   at Microsoft.Data.Sqlite.SqliteCommand.ExecuteReader(CommandBehavior behavior)
   at Microsoft.Data.Sqlite.SqliteCommand.ExecuteReaderAsync(CommandBehavior behavior, CancellationToken cancellationToken)
   at Microsoft.Data.Sqlite.SqliteCommand.ExecuteDbDataReaderAsync(CommandBehavior behavior, CancellationToken cancellationToken)
   at Microsoft.EntityFrameworkCore.Storage.RelationalCommand.ExecuteReaderAsync(RelationalCommandParameterObject parameterObject, CancellationToken cancellationToken)
   at Microsoft.EntityFrameworkCore.Storage.RelationalCommand.ExecuteReaderAsync(RelationalCommandParameterObject parameterObject, CancellationToken cancellationToken)
   at Microsoft.EntityFrameworkCore.Query.Internal.SingleQueryingEnumerable`1.AsyncEnumerator.InitializeReaderAsync(AsyncEnumerator enumerator, CancellationToken cancellationToken)
   at Microsoft.EntityFrameworkCore.Query.Internal.SingleQueryingEnumerable`1.AsyncEnumerator.MoveNextAsync()
   at Microsoft.EntityFrameworkCore.EntityFrameworkQueryableExtensions.ToListAsync[TSource](IQueryable`1 source, CancellationToken cancellationToken)
   at Microsoft.EntityFrameworkCore.EntityFrameworkQueryableExtensions.ToListAsync[TSource](IQueryable`1 source, CancellationToken cancellationToken)
   at Payroll.Application.Employees.GetDepartmentsHandler.Handle(GetDepartmentsQuery request, CancellationToken ct) in D:\repos\payrollsa\Backend\src\Payroll.Application\Employees\DepartmentOperations.cs:line 19
   at Payroll.Application.Common.Behaviours.LoggingBehaviour`2.Handle(TRequest request, RequestHandlerDelegate`1 next, CancellationToken ct) in D:\repos\payrollsa\Backend\src\Payroll.Application\Common\Behaviours\LoggingBehaviour.cs:line 14
   at Payroll.Application.Common.Behaviours.ValidationBehaviour`2.Handle(TRequest request, RequestHandlerDelegate`1 next, CancellationToken ct) in D:\repos\payrollsa\Backend\src\Payroll.Application\Common\Behaviours\ValidationBehaviour.cs:line 15
   at Payroll.Api.Controllers.DepartmentsController.GetAll(Guid companyId, CancellationToken ct) in D:\repos\payrollsa\Backend\src\Payroll.Api\Controllers\DepartmentsController.cs:line 15
   at Microsoft.AspNetCore.Mvc.Infrastructure.ActionMethodExecutor.TaskOfIActionResultExecutor.Execute(ActionContext actionContext, IActionResultTypeMapper mapper, ObjectMethodExecutor executor, Object controller, Object[] arguments)
   at Microsoft.AspNetCore.Mvc.Infrastructure.ControllerActionInvoker.<InvokeActionMethodAsync>g__Awaited|12_0(ControllerActionInvoker invoker, ValueTask`1 actionResultValueTask)
   at Microsoft.AspNetCore.Mvc.Infrastructure.ControllerActionInvoker.<InvokeNextActionFilterAsync>g__Awaited|10_0(ControllerActionInvoker invoker, Task lastTask, State next, Scope scope, Object state, Boolean isCompleted)
   at Microsoft.AspNetCore.Mvc.Infrastructure.ControllerActionInvoker.Rethrow(ActionExecutedContextSealed context)
   at Microsoft.AspNetCore.Mvc.Infrastructure.ControllerActionInvoker.Next(State& next, Scope& scope, Object& state, Boolean& isCompleted)
   at Microsoft.AspNetCore.Mvc.Infrastructure.ControllerActionInvoker.InvokeInnerFilterAsync()
--- End of stack trace from previous location ---
   at Microsoft.AspNetCore.Mvc.Infrastructure.ResourceInvoker.<InvokeFilterPipelineAsync>g__Awaited|20_0(ResourceInvoker invoker, Task lastTask, State next, Scope scope, Object state, Boolean isCompleted)
   at Microsoft.AspNetCore.Mvc.Infrastructure.ResourceInvoker.<InvokeAsync>g__Awaited|17_0(ResourceInvoker invoker, Task task, IDisposable scope)
   at Microsoft.AspNetCore.Mvc.Infrastructure.ResourceInvoker.<InvokeAsync>g__Awaited|17_0(ResourceInvoker invoker, Task task, IDisposable scope)
   at Swashbuckle.AspNetCore.SwaggerUI.SwaggerUIMiddleware.Invoke(HttpContext httpContext)
   at Swashbuckle.AspNetCore.Swagger.SwaggerMiddleware.Invoke(HttpContext httpContext, ISwaggerProvider swaggerProvider)
   at Microsoft.AspNetCore.Authorization.AuthorizationMiddleware.Invoke(HttpContext context)
   at Microsoft.AspNetCore.Authentication.AuthenticationMiddleware.Invoke(HttpContext context)
   at Payroll.Api.Middleware.AuditMiddleware.InvokeAsync(HttpContext context, AppDbContext db) in D:\repos\payrollsa\Backend\src\Payroll.Api\Middleware\AuditMiddleware.cs:line 16
   at Payroll.Api.Middleware.AuditMiddleware.InvokeAsync(HttpContext context, AppDbContext db) in D:\repos\payrollsa\Backend\src\Payroll.Api\Middleware\AuditMiddleware.cs:line 54
   at Payroll.Api.Middleware.ExceptionMiddleware.InvokeAsync(HttpContext context) in D:\repos\payrollsa\Backend\src\Payroll.Api\Middleware\ExceptionMiddleware.cs:line 14
2026-09-10 08:38:23.268 +02:00 [ERR] HTTP GET /api/departments responded 500 in 74.5875 ms
2026-09-10 08:38:28.007 +02:00 [INF] HTTP OPTIONS /api/departments responded 204 in 11.0266 ms
2026-09-10 08:38:28.297 +02:00 [ERR] Failed executing DbCommand (0ms) [Parameters=[@p0='?' (DbType = Guid), @p1='?' (DbType = Guid), @p2='?' (DbType = DateTime), @p3='?', @p4='?' (DbType = DateTime), @p5='?', @p6='?' (DbType = Boolean), @p7='?' (DbType = Boolean), @p8='?' (DbType = Boolean), @p9='?' (DbType = DateTime), @p10='?', @p11='?' (Size = 4)], CommandType='"Text"', CommandTimeout='30']
INSERT INTO "Departments" ("Id", "CompanyId", "CreatedAt", "CreatedBy", "DeletedAt", "DeletedBy", "IsDefault", "IsDeleted", "IsSystemDepartment", "ModifiedAt", "ModifiedBy", "Name")
VALUES (@p0, @p1, @p2, @p3, @p4, @p5, @p6, @p7, @p8, @p9, @p10, @p11);
2026-09-10 08:38:28.316 +02:00 [ERR] An exception occurred in the database while saving changes for context type 'Payroll.Infrastructure.Persistence.AppDbContext'.
Microsoft.EntityFrameworkCore.DbUpdateException: An error occurred while saving the entity changes. See the inner exception for details.
 ---> Microsoft.Data.Sqlite.SqliteException (0x80004005): SQLite Error 1: 'table Departments has no column named IsDefault'.
   at Microsoft.Data.Sqlite.SqliteException.ThrowExceptionForRC(Int32 rc, sqlite3 db)
   at Microsoft.Data.Sqlite.SqliteCommand.PrepareAndEnumerateStatements()+MoveNext()
   at Microsoft.Data.Sqlite.SqliteCommand.GetStatements()+MoveNext()
   at Microsoft.Data.Sqlite.SqliteDataReader.NextResult()
   at Microsoft.Data.Sqlite.SqliteCommand.ExecuteReader(CommandBehavior behavior)
   at Microsoft.Data.Sqlite.SqliteCommand.ExecuteReaderAsync(CommandBehavior behavior, CancellationToken cancellationToken)
   at Microsoft.Data.Sqlite.SqliteCommand.ExecuteDbDataReaderAsync(CommandBehavior behavior, CancellationToken cancellationToken)
   at Microsoft.EntityFrameworkCore.Storage.RelationalCommand.ExecuteReaderAsync(RelationalCommandParameterObject parameterObject, CancellationToken cancellationToken)
   at Microsoft.EntityFrameworkCore.Storage.RelationalCommand.ExecuteReaderAsync(RelationalCommandParameterObject parameterObject, CancellationToken cancellationToken)
   at Microsoft.EntityFrameworkCore.Update.ReaderModificationCommandBatch.ExecuteAsync(IRelationalConnection connection, CancellationToken cancellationToken)
   --- End of inner exception stack trace ---
   at Microsoft.EntityFrameworkCore.Update.ReaderModificationCommandBatch.ExecuteAsync(IRelationalConnection connection, CancellationToken cancellationToken)
   at Microsoft.EntityFrameworkCore.Update.Internal.BatchExecutor.ExecuteAsync(IEnumerable`1 commandBatches, IRelationalConnection connection, CancellationToken cancellationToken)
   at Microsoft.EntityFrameworkCore.Update.Internal.BatchExecutor.ExecuteAsync(IEnumerable`1 commandBatches, IRelationalConnection connection, CancellationToken cancellationToken)
   at Microsoft.EntityFrameworkCore.Update.Internal.BatchExecutor.ExecuteAsync(IEnumerable`1 commandBatches, IRelationalConnection connection, CancellationToken cancellationToken)
   at Microsoft.EntityFrameworkCore.Storage.RelationalDatabase.SaveChangesAsync(IList`1 entries, CancellationToken cancellationToken)
   at Microsoft.EntityFrameworkCore.ChangeTracking.Internal.StateManager.SaveChangesAsync(IList`1 entriesToSave, CancellationToken cancellationToken)
   at Microsoft.EntityFrameworkCore.ChangeTracking.Internal.StateManager.SaveChangesAsync(StateManager stateManager, Boolean acceptAllChangesOnSuccess, CancellationToken cancellationToken)
   at Microsoft.EntityFrameworkCore.DbContext.SaveChangesAsync(Boolean acceptAllChangesOnSuccess, CancellationToken cancellationToken)
Microsoft.EntityFrameworkCore.DbUpdateException: An error occurred while saving the entity changes. See the inner exception for details.
 ---> Microsoft.Data.Sqlite.SqliteException (0x80004005): SQLite Error 1: 'table Departments has no column named IsDefault'.
   at Microsoft.Data.Sqlite.SqliteException.ThrowExceptionForRC(Int32 rc, sqlite3 db)
   at Microsoft.Data.Sqlite.SqliteCommand.PrepareAndEnumerateStatements()+MoveNext()
   at Microsoft.Data.Sqlite.SqliteCommand.GetStatements()+MoveNext()
   at Microsoft.Data.Sqlite.SqliteDataReader.NextResult()
   at Microsoft.Data.Sqlite.SqliteCommand.ExecuteReader(CommandBehavior behavior)
   at Microsoft.Data.Sqlite.SqliteCommand.ExecuteReaderAsync(CommandBehavior behavior, CancellationToken cancellationToken)
   at Microsoft.Data.Sqlite.SqliteCommand.ExecuteDbDataReaderAsync(CommandBehavior behavior, CancellationToken cancellationToken)
   at Microsoft.EntityFrameworkCore.Storage.RelationalCommand.ExecuteReaderAsync(RelationalCommandParameterObject parameterObject, CancellationToken cancellationToken)
   at Microsoft.EntityFrameworkCore.Storage.RelationalCommand.ExecuteReaderAsync(RelationalCommandParameterObject parameterObject, CancellationToken cancellationToken)
   at Microsoft.EntityFrameworkCore.Update.ReaderModificationCommandBatch.ExecuteAsync(IRelationalConnection connection, CancellationToken cancellationToken)
   --- End of inner exception stack trace ---
   at Microsoft.EntityFrameworkCore.Update.ReaderModificationCommandBatch.ExecuteAsync(IRelationalConnection connection, CancellationToken cancellationToken)
   at Microsoft.EntityFrameworkCore.Update.Internal.BatchExecutor.ExecuteAsync(IEnumerable`1 commandBatches, IRelationalConnection connection, CancellationToken cancellationToken)
   at Microsoft.EntityFrameworkCore.Update.Internal.BatchExecutor.ExecuteAsync(IEnumerable`1 commandBatches, IRelationalConnection connection, CancellationToken cancellationToken)
   at Microsoft.EntityFrameworkCore.Update.Internal.BatchExecutor.ExecuteAsync(IEnumerable`1 commandBatches, IRelationalConnection connection, CancellationToken cancellationToken)
   at Microsoft.EntityFrameworkCore.Storage.RelationalDatabase.SaveChangesAsync(IList`1 entries, CancellationToken cancellationToken)
   at Microsoft.EntityFrameworkCore.ChangeTracking.Internal.StateManager.SaveChangesAsync(IList`1 entriesToSave, CancellationToken cancellationToken)
   at Microsoft.EntityFrameworkCore.ChangeTracking.Internal.StateManager.SaveChangesAsync(StateManager stateManager, Boolean acceptAllChangesOnSuccess, CancellationToken cancellationToken)
   at Microsoft.EntityFrameworkCore.DbContext.SaveChangesAsync(Boolean acceptAllChangesOnSuccess, CancellationToken cancellationToken)
2026-09-10 08:38:28.345 +02:00 [ERR] Failed executing DbCommand (0ms) [Parameters=[@p0='?' (DbType = Guid), @p1='?' (DbType = Guid), @p2='?' (DbType = DateTime), @p3='?', @p4='?' (DbType = DateTime), @p5='?', @p6='?' (DbType = Boolean), @p7='?' (DbType = Boolean), @p8='?' (DbType = Boolean), @p9='?' (DbType = DateTime), @p10='?', @p11='?' (Size = 4)], CommandType='"Text"', CommandTimeout='30']
INSERT INTO "Departments" ("Id", "CompanyId", "CreatedAt", "CreatedBy", "DeletedAt", "DeletedBy", "IsDefault", "IsDeleted", "IsSystemDepartment", "ModifiedAt", "ModifiedBy", "Name")
VALUES (@p0, @p1, @p2, @p3, @p4, @p5, @p6, @p7, @p8, @p9, @p10, @p11);
2026-09-10 08:38:28.355 +02:00 [ERR] An exception occurred in the database while saving changes for context type 'Payroll.Infrastructure.Persistence.AppDbContext'.
Microsoft.EntityFrameworkCore.DbUpdateException: An error occurred while saving the entity changes. See the inner exception for details.
 ---> Microsoft.Data.Sqlite.SqliteException (0x80004005): SQLite Error 1: 'table Departments has no column named IsDefault'.
   at Microsoft.Data.Sqlite.SqliteException.ThrowExceptionForRC(Int32 rc, sqlite3 db)
   at Microsoft.Data.Sqlite.SqliteCommand.PrepareAndEnumerateStatements()+MoveNext()
   at Microsoft.Data.Sqlite.SqliteCommand.GetStatements()+MoveNext()
   at Microsoft.Data.Sqlite.SqliteDataReader.NextResult()
   at Microsoft.Data.Sqlite.SqliteCommand.ExecuteReader(CommandBehavior behavior)
   at Microsoft.Data.Sqlite.SqliteCommand.ExecuteReaderAsync(CommandBehavior behavior, CancellationToken cancellationToken)
   at Microsoft.Data.Sqlite.SqliteCommand.ExecuteDbDataReaderAsync(CommandBehavior behavior, CancellationToken cancellationToken)
   at Microsoft.EntityFrameworkCore.Storage.RelationalCommand.ExecuteReaderAsync(RelationalCommandParameterObject parameterObject, CancellationToken cancellationToken)
   at Microsoft.EntityFrameworkCore.Storage.RelationalCommand.ExecuteReaderAsync(RelationalCommandParameterObject parameterObject, CancellationToken cancellationToken)
   at Microsoft.EntityFrameworkCore.Update.ReaderModificationCommandBatch.ExecuteAsync(IRelationalConnection connection, CancellationToken cancellationToken)
   --- End of inner exception stack trace ---
   at Microsoft.EntityFrameworkCore.Update.ReaderModificationCommandBatch.ExecuteAsync(IRelationalConnection connection, CancellationToken cancellationToken)
   at Microsoft.EntityFrameworkCore.Update.Internal.BatchExecutor.ExecuteAsync(IEnumerable`1 commandBatches, IRelationalConnection connection, CancellationToken cancellationToken)
   at Microsoft.EntityFrameworkCore.Update.Internal.BatchExecutor.ExecuteAsync(IEnumerable`1 commandBatches, IRelationalConnection connection, CancellationToken cancellationToken)
   at Microsoft.EntityFrameworkCore.Update.Internal.BatchExecutor.ExecuteAsync(IEnumerable`1 commandBatches, IRelationalConnection connection, CancellationToken cancellationToken)
   at Microsoft.EntityFrameworkCore.Storage.RelationalDatabase.SaveChangesAsync(IList`1 entries, CancellationToken cancellationToken)
   at Microsoft.EntityFrameworkCore.ChangeTracking.Internal.StateManager.SaveChangesAsync(IList`1 entriesToSave, CancellationToken cancellationToken)
   at Microsoft.EntityFrameworkCore.ChangeTracking.Internal.StateManager.SaveChangesAsync(StateManager stateManager, Boolean acceptAllChangesOnSuccess, CancellationToken cancellationToken)
   at Microsoft.EntityFrameworkCore.DbContext.SaveChangesAsync(Boolean acceptAllChangesOnSuccess, CancellationToken cancellationToken)
Microsoft.EntityFrameworkCore.DbUpdateException: An error occurred while saving the entity changes. See the inner exception for details.
 ---> Microsoft.Data.Sqlite.SqliteException (0x80004005): SQLite Error 1: 'table Departments has no column named IsDefault'.
   at Microsoft.Data.Sqlite.SqliteException.ThrowExceptionForRC(Int32 rc, sqlite3 db)
   at Microsoft.Data.Sqlite.SqliteCommand.PrepareAndEnumerateStatements()+MoveNext()
   at Microsoft.Data.Sqlite.SqliteCommand.GetStatements()+MoveNext()
   at Microsoft.Data.Sqlite.SqliteDataReader.NextResult()
   at Microsoft.Data.Sqlite.SqliteCommand.ExecuteReader(CommandBehavior behavior)
   at Microsoft.Data.Sqlite.SqliteCommand.ExecuteReaderAsync(CommandBehavior behavior, CancellationToken cancellationToken)
   at Microsoft.Data.Sqlite.SqliteCommand.ExecuteDbDataReaderAsync(CommandBehavior behavior, CancellationToken cancellationToken)
   at Microsoft.EntityFrameworkCore.Storage.RelationalCommand.ExecuteReaderAsync(RelationalCommandParameterObject parameterObject, CancellationToken cancellationToken)
   at Microsoft.EntityFrameworkCore.Storage.RelationalCommand.ExecuteReaderAsync(RelationalCommandParameterObject parameterObject, CancellationToken cancellationToken)
   at Microsoft.EntityFrameworkCore.Update.ReaderModificationCommandBatch.ExecuteAsync(IRelationalConnection connection, CancellationToken cancellationToken)
   --- End of inner exception stack trace ---
   at Microsoft.EntityFrameworkCore.Update.ReaderModificationCommandBatch.ExecuteAsync(IRelationalConnection connection, CancellationToken cancellationToken)
   at Microsoft.EntityFrameworkCore.Update.Internal.BatchExecutor.ExecuteAsync(IEnumerable`1 commandBatches, IRelationalConnection connection, CancellationToken cancellationToken)
   at Microsoft.EntityFrameworkCore.Update.Internal.BatchExecutor.ExecuteAsync(IEnumerable`1 commandBatches, IRelationalConnection connection, CancellationToken cancellationToken)
   at Microsoft.EntityFrameworkCore.Update.Internal.BatchExecutor.ExecuteAsync(IEnumerable`1 commandBatches, IRelationalConnection connection, CancellationToken cancellationToken)
   at Microsoft.EntityFrameworkCore.Storage.RelationalDatabase.SaveChangesAsync(IList`1 entries, CancellationToken cancellationToken)
   at Microsoft.EntityFrameworkCore.ChangeTracking.Internal.StateManager.SaveChangesAsync(IList`1 entriesToSave, CancellationToken cancellationToken)
   at Microsoft.EntityFrameworkCore.ChangeTracking.Internal.StateManager.SaveChangesAsync(StateManager stateManager, Boolean acceptAllChangesOnSuccess, CancellationToken cancellationToken)
   at Microsoft.EntityFrameworkCore.DbContext.SaveChangesAsync(Boolean acceptAllChangesOnSuccess, CancellationToken cancellationToken)
2026-09-10 08:38:28.379 +02:00 [ERR] Could not persist audit log for /api/departments
Microsoft.EntityFrameworkCore.DbUpdateException: An error occurred while saving the entity changes. See the inner exception for details.
 ---> Microsoft.Data.Sqlite.SqliteException (0x80004005): SQLite Error 1: 'table Departments has no column named IsDefault'.
   at Microsoft.Data.Sqlite.SqliteException.ThrowExceptionForRC(Int32 rc, sqlite3 db)
   at Microsoft.Data.Sqlite.SqliteCommand.PrepareAndEnumerateStatements()+MoveNext()
   at Microsoft.Data.Sqlite.SqliteCommand.GetStatements()+MoveNext()
   at Microsoft.Data.Sqlite.SqliteDataReader.NextResult()
   at Microsoft.Data.Sqlite.SqliteCommand.ExecuteReader(CommandBehavior behavior)
   at Microsoft.Data.Sqlite.SqliteCommand.ExecuteReaderAsync(CommandBehavior behavior, CancellationToken cancellationToken)
   at Microsoft.Data.Sqlite.SqliteCommand.ExecuteDbDataReaderAsync(CommandBehavior behavior, CancellationToken cancellationToken)
   at Microsoft.EntityFrameworkCore.Storage.RelationalCommand.ExecuteReaderAsync(RelationalCommandParameterObject parameterObject, CancellationToken cancellationToken)
   at Microsoft.EntityFrameworkCore.Storage.RelationalCommand.ExecuteReaderAsync(RelationalCommandParameterObject parameterObject, CancellationToken cancellationToken)
   at Microsoft.EntityFrameworkCore.Update.ReaderModificationCommandBatch.ExecuteAsync(IRelationalConnection connection, CancellationToken cancellationToken)
   --- End of inner exception stack trace ---
   at Microsoft.EntityFrameworkCore.Update.ReaderModificationCommandBatch.ExecuteAsync(IRelationalConnection connection, CancellationToken cancellationToken)
   at Microsoft.EntityFrameworkCore.Update.Internal.BatchExecutor.ExecuteAsync(IEnumerable`1 commandBatches, IRelationalConnection connection, CancellationToken cancellationToken)
   at Microsoft.EntityFrameworkCore.Update.Internal.BatchExecutor.ExecuteAsync(IEnumerable`1 commandBatches, IRelationalConnection connection, CancellationToken cancellationToken)
   at Microsoft.EntityFrameworkCore.Update.Internal.BatchExecutor.ExecuteAsync(IEnumerable`1 commandBatches, IRelationalConnection connection, CancellationToken cancellationToken)
   at Microsoft.EntityFrameworkCore.Storage.RelationalDatabase.SaveChangesAsync(IList`1 entries, CancellationToken cancellationToken)
   at Microsoft.EntityFrameworkCore.ChangeTracking.Internal.StateManager.SaveChangesAsync(IList`1 entriesToSave, CancellationToken cancellationToken)
   at Microsoft.EntityFrameworkCore.ChangeTracking.Internal.StateManager.SaveChangesAsync(StateManager stateManager, Boolean acceptAllChangesOnSuccess, CancellationToken cancellationToken)
   at Microsoft.EntityFrameworkCore.DbContext.SaveChangesAsync(Boolean acceptAllChangesOnSuccess, CancellationToken cancellationToken)
   at Microsoft.EntityFrameworkCore.DbContext.SaveChangesAsync(Boolean acceptAllChangesOnSuccess, CancellationToken cancellationToken)
   at Payroll.Api.Middleware.AuditMiddleware.InvokeAsync(HttpContext context, AppDbContext db) in D:\repos\payrollsa\Backend\src\Payroll.Api\Middleware\AuditMiddleware.cs:line 47
2026-09-10 08:38:28.399 +02:00 [ERR] Unhandled exception: An error occurred while saving the entity changes. See the inner exception for details.
Microsoft.EntityFrameworkCore.DbUpdateException: An error occurred while saving the entity changes. See the inner exception for details.
 ---> Microsoft.Data.Sqlite.SqliteException (0x80004005): SQLite Error 1: 'table Departments has no column named IsDefault'.
   at Microsoft.Data.Sqlite.SqliteException.ThrowExceptionForRC(Int32 rc, sqlite3 db)
   at Microsoft.Data.Sqlite.SqliteCommand.PrepareAndEnumerateStatements()+MoveNext()
   at Microsoft.Data.Sqlite.SqliteCommand.GetStatements()+MoveNext()
   at Microsoft.Data.Sqlite.SqliteDataReader.NextResult()
   at Microsoft.Data.Sqlite.SqliteCommand.ExecuteReader(CommandBehavior behavior)
   at Microsoft.Data.Sqlite.SqliteCommand.ExecuteReaderAsync(CommandBehavior behavior, CancellationToken cancellationToken)
   at Microsoft.Data.Sqlite.SqliteCommand.ExecuteDbDataReaderAsync(CommandBehavior behavior, CancellationToken cancellationToken)
   at Microsoft.EntityFrameworkCore.Storage.RelationalCommand.ExecuteReaderAsync(RelationalCommandParameterObject parameterObject, CancellationToken cancellationToken)
   at Microsoft.EntityFrameworkCore.Storage.RelationalCommand.ExecuteReaderAsync(RelationalCommandParameterObject parameterObject, CancellationToken cancellationToken)
   at Microsoft.EntityFrameworkCore.Update.ReaderModificationCommandBatch.ExecuteAsync(IRelationalConnection connection, CancellationToken cancellationToken)
   --- End of inner exception stack trace ---
   at Microsoft.EntityFrameworkCore.Update.ReaderModificationCommandBatch.ExecuteAsync(IRelationalConnection connection, CancellationToken cancellationToken)
   at Microsoft.EntityFrameworkCore.Update.Internal.BatchExecutor.ExecuteAsync(IEnumerable`1 commandBatches, IRelationalConnection connection, CancellationToken cancellationToken)
   at Microsoft.EntityFrameworkCore.Update.Internal.BatchExecutor.ExecuteAsync(IEnumerable`1 commandBatches, IRelationalConnection connection, CancellationToken cancellationToken)
   at Microsoft.EntityFrameworkCore.Update.Internal.BatchExecutor.ExecuteAsync(IEnumerable`1 commandBatches, IRelationalConnection connection, CancellationToken cancellationToken)
   at Microsoft.EntityFrameworkCore.Storage.RelationalDatabase.SaveChangesAsync(IList`1 entries, CancellationToken cancellationToken)
   at Microsoft.EntityFrameworkCore.ChangeTracking.Internal.StateManager.SaveChangesAsync(IList`1 entriesToSave, CancellationToken cancellationToken)
   at Microsoft.EntityFrameworkCore.ChangeTracking.Internal.StateManager.SaveChangesAsync(StateManager stateManager, Boolean acceptAllChangesOnSuccess, CancellationToken cancellationToken)
   at Microsoft.EntityFrameworkCore.DbContext.SaveChangesAsync(Boolean acceptAllChangesOnSuccess, CancellationToken cancellationToken)
   at Microsoft.EntityFrameworkCore.DbContext.SaveChangesAsync(Boolean acceptAllChangesOnSuccess, CancellationToken cancellationToken)
   at Payroll.Application.Employees.CreateDepartmentHandler.Handle(CreateDepartmentCommand request, CancellationToken ct) in D:\repos\payrollsa\Backend\src\Payroll.Application\Employees\DepartmentOperations.cs:line 50
   at Payroll.Application.Common.Behaviours.LoggingBehaviour`2.Handle(TRequest request, RequestHandlerDelegate`1 next, CancellationToken ct) in D:\repos\payrollsa\Backend\src\Payroll.Application\Common\Behaviours\LoggingBehaviour.cs:line 14
   at Payroll.Application.Common.Behaviours.ValidationBehaviour`2.Handle(TRequest request, RequestHandlerDelegate`1 next, CancellationToken ct) in D:\repos\payrollsa\Backend\src\Payroll.Application\Common\Behaviours\ValidationBehaviour.cs:line 15
   at Payroll.Api.Controllers.DepartmentsController.Create(CreateDepartmentDto dto, CancellationToken ct) in D:\repos\payrollsa\Backend\src\Payroll.Api\Controllers\DepartmentsController.cs:line 19
   at Microsoft.AspNetCore.Mvc.Infrastructure.ActionMethodExecutor.TaskOfIActionResultExecutor.Execute(ActionContext actionContext, IActionResultTypeMapper mapper, ObjectMethodExecutor executor, Object controller, Object[] arguments)
   at Microsoft.AspNetCore.Mvc.Infrastructure.ControllerActionInvoker.<InvokeActionMethodAsync>g__Awaited|12_0(ControllerActionInvoker invoker, ValueTask`1 actionResultValueTask)
   at Microsoft.AspNetCore.Mvc.Infrastructure.ControllerActionInvoker.<InvokeNextActionFilterAsync>g__Awaited|10_0(ControllerActionInvoker invoker, Task lastTask, State next, Scope scope, Object state, Boolean isCompleted)
   at Microsoft.AspNetCore.Mvc.Infrastructure.ControllerActionInvoker.Rethrow(ActionExecutedContextSealed context)
   at Microsoft.AspNetCore.Mvc.Infrastructure.ControllerActionInvoker.Next(State& next, Scope& scope, Object& state, Boolean& isCompleted)
   at Microsoft.AspNetCore.Mvc.Infrastructure.ControllerActionInvoker.InvokeInnerFilterAsync()
--- End of stack trace from previous location ---
   at Microsoft.AspNetCore.Mvc.Infrastructure.ResourceInvoker.<InvokeFilterPipelineAsync>g__Awaited|20_0(ResourceInvoker invoker, Task lastTask, State next, Scope scope, Object state, Boolean isCompleted)
   at Microsoft.AspNetCore.Mvc.Infrastructure.ResourceInvoker.<InvokeAsync>g__Awaited|17_0(ResourceInvoker invoker, Task task, IDisposable scope)
   at Microsoft.AspNetCore.Mvc.Infrastructure.ResourceInvoker.<InvokeAsync>g__Awaited|17_0(ResourceInvoker invoker, Task task, IDisposable scope)
   at Swashbuckle.AspNetCore.SwaggerUI.SwaggerUIMiddleware.Invoke(HttpContext httpContext)
   at Swashbuckle.AspNetCore.Swagger.SwaggerMiddleware.Invoke(HttpContext httpContext, ISwaggerProvider swaggerProvider)
   at Microsoft.AspNetCore.Authorization.AuthorizationMiddleware.Invoke(HttpContext context)
   at Microsoft.AspNetCore.Authentication.AuthenticationMiddleware.Invoke(HttpContext context)
   at Payroll.Api.Middleware.AuditMiddleware.InvokeAsync(HttpContext context, AppDbContext db) in D:\repos\payrollsa\Backend\src\Payroll.Api\Middleware\AuditMiddleware.cs:line 16
   at Payroll.Api.Middleware.AuditMiddleware.InvokeAsync(HttpContext context, AppDbContext db) in D:\repos\payrollsa\Backend\src\Payroll.Api\Middleware\AuditMiddleware.cs:line 54
   at Payroll.Api.Middleware.ExceptionMiddleware.InvokeAsync(HttpContext context) in D:\repos\payrollsa\Backend\src\Payroll.Api\Middleware\ExceptionMiddleware.cs:line 14
2026-09-10 08:38:28.432 +02:00 [ERR] HTTP POST /api/departments responded 500 in 413.9019 ms
2026-09-10 08:38:40.854 +02:00 [INF] HTTP OPTIONS /api/companies/6266b913-2edc-4388-9585-0fd6464bf4eb responded 204 in 6.7493 ms
2026-09-10 08:38:41.055 +02:00 [INF] HTTP GET /api/companies/6266b913-2edc-4388-9585-0fd6464bf4eb responded 200 in 193.3077 ms
2026-09-10 08:38:45.720 +02:00 [INF] HTTP OPTIONS /api/employees responded 204 in 5.8364 ms
2026-09-10 08:38:45.736 +02:00 [INF] HTTP GET /api/employees responded 200 in 9.4529 ms
2026-09-10 08:38:45.880 +02:00 [INF] HTTP OPTIONS /api/users responded 204 in 164.1730 ms
2026-09-10 08:38:45.915 +02:00 [INF] HTTP GET /api/users responded 200 in 24.3380 ms
2026-09-10 08:38:48.550 +02:00 [INF] HTTP OPTIONS /api/settings/earning-types responded 204 in 19.9004 ms
2026-09-10 08:38:48.568 +02:00 [INF] HTTP GET /api/settings/earning-types responded 200 in 10.1828 ms
2026-09-10 08:38:48.708 +02:00 [INF] HTTP OPTIONS /api/settings/deduction-types responded 204 in 177.3601 ms
2026-09-10 08:38:48.726 +02:00 [INF] HTTP GET /api/settings/deduction-types responded 200 in 10.2480 ms
2026-09-10 08:38:54.176 +02:00 [INF] HTTP OPTIONS /api/employees responded 204 in 6.7040 ms
2026-09-10 08:38:54.193 +02:00 [INF] HTTP GET /api/employees responded 200 in 10.6201 ms
2026-09-10 08:38:56.277 +02:00 [INF] HTTP OPTIONS /api/employee-deductions responded 204 in 7.3945 ms
2026-09-10 08:38:56.352 +02:00 [INF] HTTP GET /api/employee-deductions responded 200 in 69.2448 ms
2026-09-10 08:39:01.409 +02:00 [INF] HTTP OPTIONS /api/settings/earning-types responded 204 in 4.5181 ms
2026-09-10 08:39:01.422 +02:00 [INF] HTTP GET /api/settings/earning-types responded 200 in 6.6394 ms
2026-09-10 08:39:01.562 +02:00 [INF] HTTP OPTIONS /api/settings/deduction-types responded 204 in 156.2494 ms
2026-09-10 08:39:01.578 +02:00 [INF] HTTP GET /api/settings/deduction-types responded 200 in 8.5276 ms
2026-09-10 08:39:32.137 +02:00 [INF] HTTP OPTIONS /api/settings/earning-types responded 204 in 138.7240 ms
2026-09-10 08:39:32.320 +02:00 [INF] HTTP POST /api/settings/earning-types responded 200 in 175.9030 ms
2026-09-10 08:39:32.355 +02:00 [INF] HTTP OPTIONS /api/settings/earning-types responded 204 in 10.0988 ms
2026-09-10 08:39:32.432 +02:00 [INF] HTTP GET /api/settings/earning-types responded 200 in 34.4014 ms
2026-09-10 08:39:32.517 +02:00 [INF] HTTP OPTIONS /api/settings/deduction-types responded 204 in 167.6185 ms
2026-09-10 08:39:32.539 +02:00 [INF] HTTP GET /api/settings/deduction-types responded 200 in 10.3613 ms
2026-09-10 08:39:42.791 +02:00 [INF] HTTP OPTIONS /api/employees responded 204 in 4.8939 ms
2026-09-10 08:39:42.806 +02:00 [INF] HTTP GET /api/employees responded 200 in 8.0195 ms
2026-09-10 08:39:46.451 +02:00 [INF] HTTP GET /api/employees responded 200 in 8.0142 ms
2026-09-10 08:39:46.464 +02:00 [INF] HTTP OPTIONS /api/users responded 204 in 5.5628 ms
2026-09-10 08:39:46.513 +02:00 [INF] HTTP GET /api/users responded 200 in 43.0965 ms
2026-09-10 08:39:51.820 +02:00 [INF] HTTP OPTIONS /api/employees responded 204 in 7.7595 ms
2026-09-10 08:39:51.833 +02:00 [INF] HTTP GET /api/employees responded 200 in 7.6612 ms
2026-09-10 08:39:55.382 +02:00 [INF] HTTP OPTIONS /api/payslips/periods responded 204 in 4.8575 ms
2026-09-10 08:39:55.521 +02:00 [INF] HTTP GET /api/payslips/periods responded 200 in 130.5391 ms
2026-09-10 08:39:59.429 +02:00 [INF] HTTP OPTIONS /api/payslips/period/c10315d7-c3f3-4db4-b42c-bcd5beca2afe responded 204 in 4.5926 ms
2026-09-10 08:39:59.643 +02:00 [INF] HTTP GET /api/payslips/period/c10315d7-c3f3-4db4-b42c-bcd5beca2afe responded 200 in 204.6835 ms
2026-09-10 08:40:01.071 +02:00 [INF] HTTP OPTIONS /api/payslips/13dae4e0-34c5-45f8-b4ea-ed86710b2263/download responded 204 in 6.4684 ms
2026-09-10 08:40:01.308 +02:00 [WRN] Compiling a query which loads related collections for more than one collection navigation, either via 'Include' or through projection, but no 'QuerySplittingBehavior' has been configured. By default, Entity Framework will use 'QuerySplittingBehavior.SingleQuery', which can potentially result in slow query performance. See https://go.microsoft.com/fwlink/?linkid=2134277 for more information. To identify the query that's triggering this warning call 'ConfigureWarnings(w => w.Throw(RelationalEventId.MultipleCollectionIncludeWarning))'.
2026-09-10 08:40:02.893 +02:00 [INF] HTTP GET /api/payslips/13dae4e0-34c5-45f8-b4ea-ed86710b2263/download responded 200 in 1816.1450 ms
2026-09-10 08:40:19.971 +02:00 [INF] HTTP OPTIONS /api/employees responded 204 in 4.8451 ms
2026-09-10 08:40:19.987 +02:00 [INF] HTTP GET /api/employees responded 200 in 10.6293 ms
2026-09-10 08:40:21.386 +02:00 [INF] HTTP OPTIONS /api/dashboard/summary responded 204 in 5.4465 ms
2026-09-10 08:40:21.584 +02:00 [INF] HTTP GET /api/dashboard/summary responded 200 in 190.8806 ms
2026-09-10 08:40:26.536 +02:00 [INF] HTTP OPTIONS /api/settings/earning-types responded 204 in 4.4151 ms
2026-09-10 08:40:26.552 +02:00 [INF] HTTP GET /api/settings/earning-types responded 200 in 9.9450 ms
2026-09-10 08:40:26.692 +02:00 [INF] HTTP OPTIONS /api/settings/deduction-types responded 204 in 158.8016 ms
2026-09-10 08:40:26.707 +02:00 [INF] HTTP GET /api/settings/deduction-types responded 200 in 7.6145 ms
2026-09-10 08:41:15.183 +02:00 [INF] HTTP OPTIONS /api/employees responded 204 in 5.4679 ms
2026-09-10 08:41:15.316 +02:00 [INF] HTTP GET /api/employees responded 200 in 7.9157 ms
2026-09-10 08:41:16.788 +02:00 [INF] HTTP OPTIONS /api/employees/61e21ece-bfa4-4341-8341-8e4d03cba815 responded 204 in 3.9815 ms
2026-09-10 08:41:16.920 +02:00 [INF] HTTP GET /api/employees/61e21ece-bfa4-4341-8341-8e4d03cba815 responded 200 in 125.1383 ms
2026-09-10 08:41:19.823 +02:00 [INF] HTTP GET /api/employees responded 200 in 7.0556 ms
2026-09-10 08:48:25.966 +02:00 [INF] Server desktop-3ro9ejj:35360:359c7e55 caught stopping signal...
2026-09-10 08:48:25.977 +02:00 [INF] Server desktop-3ro9ejj:35360:359c7e55 All dispatchers stopped
2026-09-10 08:48:25.987 +02:00 [INF] Server desktop-3ro9ejj:35360:359c7e55 successfully reported itself as stopped in 2,1846 ms
2026-09-10 08:48:25.989 +02:00 [INF] Server desktop-3ro9ejj:35360:359c7e55 has been stopped in total 19,1891 ms
2026-09-10 08:49:51.881 +02:00 [WRN] No instantiatable types implementing `IEntityTypeConfiguration` were found while scanning assembly 'Payroll.Infrastructure, Version=1.0.0.0, Culture=neutral, PublicKeyToken=null'.
2026-09-10 08:49:53.355 +02:00 [WRN] The WebRootPath was not found: D:\repos\payrollsa\Backend\src\Payroll.Api\wwwroot. Static files may be unavailable.
2026-09-10 08:49:53.419 +02:00 [WRN] The WebRootPath was not found: D:\repos\payrollsa\Backend\src\Payroll.Api\wwwroot. Static files may be unavailable.
2026-09-10 08:49:53.501 +02:00 [INF] Starting Hangfire Server using job storage: 'In-Memory Storage'
2026-09-10 08:49:53.503 +02:00 [INF] Using the following options for Hangfire Server:
    Worker count: 20
    Listening queues: 'default'
    Shutdown timeout: 00:00:15
    Schedule polling interval: 00:00:15
2026-09-10 08:49:53.529 +02:00 [INF] Server desktop-3ro9ejj:27204:8d4c5a39 successfully announced in 6,1855 ms
2026-09-10 08:49:53.534 +02:00 [INF] Server desktop-3ro9ejj:27204:8d4c5a39 is starting the registered dispatchers: ServerWatchdog, ServerJobCancellationWatcher, Worker, DelayedJobScheduler, RecurringJobScheduler...
2026-09-10 08:49:53.543 +02:00 [INF] Server desktop-3ro9ejj:27204:8d4c5a39 all the dispatchers started
2026-09-10 08:50:35.815 +02:00 [WRN] Failed to determine the https port for redirect.
2026-09-10 08:50:36.343 +02:00 [INF] HTTP OPTIONS /api/employees responded 204 in 541.8801 ms
2026-09-10 08:50:36.343 +02:00 [INF] HTTP OPTIONS /api/employees responded 204 in 544.5760 ms
2026-09-10 08:50:36.744 +02:00 [WRN] You do not have a valid license key for the Lucky Penny software MediatR. This is allowed for development and testing scenarios. If you are running in production you are required to have a licensed version. Please visit https://luckypennysoftware.com to obtain a valid license.
2026-09-10 08:50:37.193 +02:00 [INF] HTTP GET /api/employees responded 200 in 815.7453 ms
2026-09-10 08:50:37.211 +02:00 [INF] HTTP GET /api/employees responded 200 in 29.3299 ms
2026-09-10 08:50:37.664 +02:00 [INF] HTTP GET /api/employees responded 200 in 51.2396 ms
2026-09-10 08:50:37.675 +02:00 [INF] HTTP GET /api/employees responded 200 in 17.7241 ms
2026-09-10 08:50:42.918 +02:00 [INF] HTTP OPTIONS /api/settings/earning-types responded 204 in 10.6810 ms
2026-09-10 08:50:43.012 +02:00 [INF] HTTP GET /api/settings/earning-types responded 200 in 85.1603 ms
2026-09-10 08:50:43.071 +02:00 [INF] HTTP OPTIONS /api/settings/deduction-types responded 204 in 163.0719 ms
2026-09-10 08:50:43.176 +02:00 [INF] HTTP GET /api/settings/deduction-types responded 200 in 96.9724 ms
2026-09-10 08:50:50.976 +02:00 [INF] HTTP OPTIONS /api/payroll/periods responded 204 in 7.5329 ms
2026-09-10 08:50:51.134 +02:00 [INF] HTTP OPTIONS /api/employees responded 204 in 166.2724 ms
2026-09-10 08:50:51.152 +02:00 [INF] HTTP GET /api/employees responded 200 in 9.2467 ms
2026-09-10 08:50:51.250 +02:00 [INF] HTTP GET /api/payroll/periods responded 200 in 265.2992 ms
2026-09-10 08:50:55.703 +02:00 [INF] HTTP OPTIONS /api/employee-bonuses responded 204 in 9.7813 ms
2026-09-10 08:50:55.763 +02:00 [INF] HTTP GET /api/employee-bonuses responded 200 in 53.0509 ms
2026-09-10 08:51:12.870 +02:00 [INF] HTTP OPTIONS /api/employee-bonuses responded 204 in 9.6581 ms
2026-09-10 08:51:13.555 +02:00 [WRN] Compiling a query which loads related collections for more than one collection navigation, either via 'Include' or through projection, but no 'QuerySplittingBehavior' has been configured. By default, Entity Framework will use 'QuerySplittingBehavior.SingleQuery', which can potentially result in slow query performance. See https://go.microsoft.com/fwlink/?linkid=2134277 for more information. To identify the query that's triggering this warning call 'ConfigureWarnings(w => w.Throw(RelationalEventId.MultipleCollectionIncludeWarning))'.
2026-09-10 08:51:14.547 +02:00 [INF] HTTP POST /api/employee-bonuses responded 200 in 1671.3015 ms
2026-09-10 08:51:14.564 +02:00 [INF] HTTP OPTIONS /api/employee-bonuses responded 204 in 7.0485 ms
2026-09-10 08:51:14.588 +02:00 [INF] HTTP GET /api/employee-bonuses responded 200 in 16.9694 ms
2026-09-10 08:51:20.513 +02:00 [INF] HTTP OPTIONS /api/payroll/periods responded 204 in 6.5409 ms
2026-09-10 08:51:20.530 +02:00 [INF] HTTP GET /api/payroll/periods responded 200 in 10.0120 ms
2026-09-10 08:51:21.636 +02:00 [INF] HTTP OPTIONS /api/payroll/c10315d7-c3f3-4db4-b42c-bcd5beca2afe responded 204 in 6.2435 ms
2026-09-10 08:51:21.722 +02:00 [INF] HTTP GET /api/payroll/c10315d7-c3f3-4db4-b42c-bcd5beca2afe responded 200 in 79.2250 ms
2026-09-10 08:51:21.797 +02:00 [INF] HTTP OPTIONS /api/payroll/c10315d7-c3f3-4db4-b42c-bcd5beca2afe/lines responded 204 in 162.6190 ms
2026-09-10 08:51:21.869 +02:00 [WRN] Compiling a query which loads related collections for more than one collection navigation, either via 'Include' or through projection, but no 'QuerySplittingBehavior' has been configured. By default, Entity Framework will use 'QuerySplittingBehavior.SingleQuery', which can potentially result in slow query performance. See https://go.microsoft.com/fwlink/?linkid=2134277 for more information. To identify the query that's triggering this warning call 'ConfigureWarnings(w => w.Throw(RelationalEventId.MultipleCollectionIncludeWarning))'.
2026-09-10 08:51:21.995 +02:00 [INF] HTTP GET /api/payroll/c10315d7-c3f3-4db4-b42c-bcd5beca2afe/lines responded 200 in 191.1715 ms
2026-09-10 08:51:24.131 +02:00 [INF] HTTP OPTIONS /api/employees responded 204 in 5.2489 ms
2026-09-10 08:51:24.147 +02:00 [INF] HTTP GET /api/employees responded 200 in 8.0022 ms
2026-09-10 08:51:28.203 +02:00 [INF] HTTP OPTIONS /api/payslips/periods responded 204 in 6.0065 ms
2026-09-10 08:51:28.265 +02:00 [INF] HTTP GET /api/payslips/periods responded 200 in 55.5127 ms
2026-09-10 08:51:29.342 +02:00 [INF] HTTP OPTIONS /api/payslips/period/c10315d7-c3f3-4db4-b42c-bcd5beca2afe responded 204 in 5.7787 ms
2026-09-10 08:51:29.416 +02:00 [INF] HTTP GET /api/payslips/period/c10315d7-c3f3-4db4-b42c-bcd5beca2afe responded 200 in 68.7486 ms
2026-09-10 08:51:30.818 +02:00 [INF] HTTP OPTIONS /api/payslips/cb13c502-9233-46e0-9589-c66f322e70da/detail responded 204 in 5.7346 ms
2026-09-10 08:51:30.875 +02:00 [WRN] Compiling a query which loads related collections for more than one collection navigation, either via 'Include' or through projection, but no 'QuerySplittingBehavior' has been configured. By default, Entity Framework will use 'QuerySplittingBehavior.SingleQuery', which can potentially result in slow query performance. See https://go.microsoft.com/fwlink/?linkid=2134277 for more information. To identify the query that's triggering this warning call 'ConfigureWarnings(w => w.Throw(RelationalEventId.MultipleCollectionIncludeWarning))'.
2026-09-10 08:51:31.089 +02:00 [INF] HTTP GET /api/payslips/cb13c502-9233-46e0-9589-c66f322e70da/detail responded 200 in 264.7120 ms
2026-09-10 08:51:54.809 +02:00 [INF] HTTP OPTIONS /api/employees responded 204 in 6.2866 ms
2026-09-10 08:51:54.825 +02:00 [INF] HTTP GET /api/employees responded 200 in 9.6234 ms
2026-09-10 08:51:57.007 +02:00 [INF] HTTP OPTIONS /api/employee-deductions responded 204 in 8.4878 ms
2026-09-10 08:51:57.069 +02:00 [INF] HTTP GET /api/employee-deductions responded 200 in 56.1943 ms
2026-09-10 08:52:16.211 +02:00 [INF] HTTP OPTIONS /api/employee-deductions responded 204 in 7.7011 ms
2026-09-10 08:52:16.281 +02:00 [INF] HTTP POST /api/employee-deductions responded 200 in 64.3881 ms
2026-09-10 08:52:16.294 +02:00 [INF] HTTP OPTIONS /api/employee-deductions responded 204 in 4.9292 ms
2026-09-10 08:52:16.313 +02:00 [INF] HTTP GET /api/employee-deductions responded 200 in 11.7758 ms
2026-09-10 08:52:20.542 +02:00 [INF] HTTP OPTIONS /api/payslips/periods responded 204 in 6.3722 ms
2026-09-10 08:52:20.560 +02:00 [INF] HTTP GET /api/payslips/periods responded 200 in 11.5377 ms
2026-09-10 08:52:21.812 +02:00 [INF] HTTP OPTIONS /api/payslips/period/c10315d7-c3f3-4db4-b42c-bcd5beca2afe responded 204 in 6.4655 ms
2026-09-10 08:52:21.831 +02:00 [INF] HTTP GET /api/payslips/period/c10315d7-c3f3-4db4-b42c-bcd5beca2afe responded 200 in 13.5712 ms
2026-09-10 08:52:24.008 +02:00 [INF] HTTP OPTIONS /api/payslips/cb13c502-9233-46e0-9589-c66f322e70da/detail responded 204 in 6.1951 ms
2026-09-10 08:52:24.029 +02:00 [INF] HTTP GET /api/payslips/cb13c502-9233-46e0-9589-c66f322e70da/detail responded 200 in 14.9189 ms
2026-09-10 08:52:49.570 +02:00 [INF] HTTP OPTIONS /api/payslips/period/c10315d7-c3f3-4db4-b42c-bcd5beca2afe responded 204 in 8.1594 ms
2026-09-10 08:52:49.586 +02:00 [INF] HTTP GET /api/payslips/period/c10315d7-c3f3-4db4-b42c-bcd5beca2afe responded 200 in 10.0619 ms
2026-09-10 08:52:53.577 +02:00 [INF] HTTP OPTIONS /api/payslips/cb13c502-9233-46e0-9589-c66f322e70da/detail responded 204 in 5.6042 ms
2026-09-10 08:52:53.595 +02:00 [INF] HTTP GET /api/payslips/cb13c502-9233-46e0-9589-c66f322e70da/detail responded 200 in 11.6666 ms
2026-09-10 08:52:57.963 +02:00 [INF] HTTP OPTIONS /api/payslips/period/c10315d7-c3f3-4db4-b42c-bcd5beca2afe responded 204 in 6.2881 ms
2026-09-10 08:52:57.979 +02:00 [INF] HTTP GET /api/payslips/period/c10315d7-c3f3-4db4-b42c-bcd5beca2afe responded 200 in 10.0431 ms
2026-09-10 08:52:59.254 +02:00 [INF] HTTP OPTIONS /api/payslips/f154ebdc-39c6-4c79-89ee-a15cbf7b8d03/detail responded 204 in 9.0074 ms
2026-09-10 08:52:59.271 +02:00 [INF] HTTP GET /api/payslips/f154ebdc-39c6-4c79-89ee-a15cbf7b8d03/detail responded 200 in 10.7790 ms
2026-09-10 08:53:05.432 +02:00 [INF] HTTP OPTIONS /api/payslips/period/c10315d7-c3f3-4db4-b42c-bcd5beca2afe responded 204 in 4.7837 ms
2026-09-10 08:53:05.449 +02:00 [INF] HTTP GET /api/payslips/period/c10315d7-c3f3-4db4-b42c-bcd5beca2afe responded 200 in 9.6191 ms
2026-09-10 08:53:13.419 +02:00 [INF] HTTP OPTIONS /api/employees responded 204 in 7.7416 ms
2026-09-10 08:53:13.435 +02:00 [INF] HTTP GET /api/employees responded 200 in 9.3268 ms
2026-09-10 08:53:14.979 +02:00 [INF] HTTP OPTIONS /api/employee-deductions responded 204 in 5.7465 ms
2026-09-10 08:53:14.993 +02:00 [INF] HTTP GET /api/employee-deductions responded 200 in 8.6434 ms
2026-09-10 08:53:21.963 +02:00 [INF] Server desktop-3ro9ejj:27204:8d4c5a39 caught stopping signal...
2026-09-10 08:53:21.971 +02:00 [INF] Server desktop-3ro9ejj:27204:8d4c5a39 All dispatchers stopped
2026-09-10 08:53:21.976 +02:00 [INF] Server desktop-3ro9ejj:27204:8d4c5a39 successfully reported itself as stopped in 1,173 ms
2026-09-10 08:53:21.977 +02:00 [INF] Server desktop-3ro9ejj:27204:8d4c5a39 has been stopped in total 12,2807 ms
2026-09-10 09:00:28.057 +02:00 [WRN] No instantiatable types implementing `IEntityTypeConfiguration` were found while scanning assembly 'Payroll.Infrastructure, Version=1.0.0.0, Culture=neutral, PublicKeyToken=null'.
2026-09-10 09:00:30.903 +02:00 [WRN] The WebRootPath was not found: D:\repos\payrollsa\Backend\src\Payroll.Api\wwwroot. Static files may be unavailable.
2026-09-10 09:00:31.218 +02:00 [WRN] The WebRootPath was not found: D:\repos\payrollsa\Backend\src\Payroll.Api\wwwroot. Static files may be unavailable.
2026-09-10 09:00:31.345 +02:00 [INF] Starting Hangfire Server using job storage: 'In-Memory Storage'
2026-09-10 09:00:31.350 +02:00 [INF] Using the following options for Hangfire Server:
    Worker count: 20
    Listening queues: 'default'
    Shutdown timeout: 00:00:15
    Schedule polling interval: 00:00:15
2026-09-10 09:00:31.385 +02:00 [INF] Server desktop-3ro9ejj:34540:f46e9d62 successfully announced in 5,1419 ms
2026-09-10 09:00:31.394 +02:00 [INF] Server desktop-3ro9ejj:34540:f46e9d62 is starting the registered dispatchers: ServerWatchdog, ServerJobCancellationWatcher, Worker, DelayedJobScheduler, RecurringJobScheduler...
2026-09-10 09:00:31.411 +02:00 [INF] Server desktop-3ro9ejj:34540:f46e9d62 all the dispatchers started
2026-09-10 09:00:51.720 +02:00 [WRN] Failed to determine the https port for redirect.
2026-09-10 09:00:52.051 +02:00 [INF] HTTP OPTIONS /api/employees responded 204 in 342.4673 ms
2026-09-10 09:00:52.051 +02:00 [INF] HTTP OPTIONS /api/employees responded 204 in 343.6205 ms
2026-09-10 09:00:55.307 +02:00 [INF] HTTP GET /api/employees responded 401 in 3234.6336 ms
2026-09-10 09:00:55.332 +02:00 [INF] HTTP GET /api/employees responded 401 in 17.6274 ms
2026-09-10 09:05:15.662 +02:00 [INF] HTTP OPTIONS /api/auth/login responded 204 in 35.4863 ms
2026-09-10 09:05:15.901 +02:00 [WRN] You do not have a valid license key for the Lucky Penny software MediatR. This is allowed for development and testing scenarios. If you are running in production you are required to have a licensed version. Please visit https://luckypennysoftware.com to obtain a valid license.
2026-09-10 09:05:17.293 +02:00 [ERR] Could not persist audit log for /api/auth/login
Microsoft.EntityFrameworkCore.DbUpdateConcurrencyException: The database operation was expected to affect 1 row(s), but actually affected 0 row(s); data may have been modified or deleted since entities were loaded. See https://go.microsoft.com/fwlink/?LinkId=527962 for information on understanding and handling optimistic concurrency exceptions.
   at Microsoft.EntityFrameworkCore.Update.AffectedCountModificationCommandBatch.ThrowAggregateUpdateConcurrencyExceptionAsync(RelationalDataReader reader, Int32 commandIndex, Int32 expectedRowsAffected, Int32 rowsAffected, CancellationToken cancellationToken)
   at Microsoft.EntityFrameworkCore.Update.AffectedCountModificationCommandBatch.ConsumeResultSetWithRowsAffectedOnlyAsync(Int32 commandIndex, RelationalDataReader reader, CancellationToken cancellationToken)
   at Microsoft.EntityFrameworkCore.Update.AffectedCountModificationCommandBatch.ConsumeAsync(RelationalDataReader reader, CancellationToken cancellationToken)
   at Microsoft.EntityFrameworkCore.Update.ReaderModificationCommandBatch.ExecuteAsync(IRelationalConnection connection, CancellationToken cancellationToken)
   at Microsoft.EntityFrameworkCore.Update.ReaderModificationCommandBatch.ExecuteAsync(IRelationalConnection connection, CancellationToken cancellationToken)
   at Microsoft.EntityFrameworkCore.Update.Internal.BatchExecutor.ExecuteAsync(IEnumerable`1 commandBatches, IRelationalConnection connection, CancellationToken cancellationToken)
   at Microsoft.EntityFrameworkCore.Update.Internal.BatchExecutor.ExecuteAsync(IEnumerable`1 commandBatches, IRelationalConnection connection, CancellationToken cancellationToken)
   at Microsoft.EntityFrameworkCore.Update.Internal.BatchExecutor.ExecuteAsync(IEnumerable`1 commandBatches, IRelationalConnection connection, CancellationToken cancellationToken)
   at Microsoft.EntityFrameworkCore.Storage.RelationalDatabase.SaveChangesAsync(IList`1 entries, CancellationToken cancellationToken)
   at Microsoft.EntityFrameworkCore.ChangeTracking.Internal.StateManager.SaveChangesAsync(IList`1 entriesToSave, CancellationToken cancellationToken)
   at Microsoft.EntityFrameworkCore.ChangeTracking.Internal.StateManager.SaveChangesAsync(StateManager stateManager, Boolean acceptAllChangesOnSuccess, CancellationToken cancellationToken)
   at Microsoft.EntityFrameworkCore.DbContext.SaveChangesAsync(Boolean acceptAllChangesOnSuccess, CancellationToken cancellationToken)
   at Payroll.Api.Middleware.AuditMiddleware.InvokeAsync(HttpContext context, AppDbContext db) in D:\repos\payrollsa\Backend\src\Payroll.Api\Middleware\AuditMiddleware.cs:line 47
2026-09-10 09:05:17.355 +02:00 [INF] HTTP POST /api/auth/login responded 200 in 1673.6375 ms
2026-09-10 09:05:17.464 +02:00 [INF] HTTP OPTIONS /api/dashboard/summary responded 204 in 40.7349 ms
2026-09-10 09:05:17.497 +02:00 [INF] HTTP OPTIONS /api/dashboard/summary responded 204 in 42.9130 ms
2026-09-10 09:05:18.482 +02:00 [INF] HTTP GET /api/dashboard/summary responded 200 in 1001.7094 ms
2026-09-10 09:05:18.637 +02:00 [INF] HTTP GET /api/dashboard/summary responded 200 in 308.7978 ms
2026-09-10 09:17:08.670 +02:00 [INF] HTTP OPTIONS /api/auth/login responded 204 in 19.9972 ms
2026-09-10 09:17:08.879 +02:00 [ERR] Could not persist audit log for /api/auth/login
Microsoft.EntityFrameworkCore.DbUpdateConcurrencyException: The database operation was expected to affect 1 row(s), but actually affected 0 row(s); data may have been modified or deleted since entities were loaded. See https://go.microsoft.com/fwlink/?LinkId=527962 for information on understanding and handling optimistic concurrency exceptions.
   at Microsoft.EntityFrameworkCore.Update.AffectedCountModificationCommandBatch.ThrowAggregateUpdateConcurrencyExceptionAsync(RelationalDataReader reader, Int32 commandIndex, Int32 expectedRowsAffected, Int32 rowsAffected, CancellationToken cancellationToken)
   at Microsoft.EntityFrameworkCore.Update.AffectedCountModificationCommandBatch.ConsumeResultSetWithRowsAffectedOnlyAsync(Int32 commandIndex, RelationalDataReader reader, CancellationToken cancellationToken)
   at Microsoft.EntityFrameworkCore.Update.AffectedCountModificationCommandBatch.ConsumeAsync(RelationalDataReader reader, CancellationToken cancellationToken)
   at Microsoft.EntityFrameworkCore.Update.ReaderModificationCommandBatch.ExecuteAsync(IRelationalConnection connection, CancellationToken cancellationToken)
   at Microsoft.EntityFrameworkCore.Update.ReaderModificationCommandBatch.ExecuteAsync(IRelationalConnection connection, CancellationToken cancellationToken)
   at Microsoft.EntityFrameworkCore.Update.Internal.BatchExecutor.ExecuteAsync(IEnumerable`1 commandBatches, IRelationalConnection connection, CancellationToken cancellationToken)
   at Microsoft.EntityFrameworkCore.Update.Internal.BatchExecutor.ExecuteAsync(IEnumerable`1 commandBatches, IRelationalConnection connection, CancellationToken cancellationToken)
   at Microsoft.EntityFrameworkCore.Update.Internal.BatchExecutor.ExecuteAsync(IEnumerable`1 commandBatches, IRelationalConnection connection, CancellationToken cancellationToken)
   at Microsoft.EntityFrameworkCore.Storage.RelationalDatabase.SaveChangesAsync(IList`1 entries, CancellationToken cancellationToken)
   at Microsoft.EntityFrameworkCore.ChangeTracking.Internal.StateManager.SaveChangesAsync(IList`1 entriesToSave, CancellationToken cancellationToken)
   at Microsoft.EntityFrameworkCore.ChangeTracking.Internal.StateManager.SaveChangesAsync(StateManager stateManager, Boolean acceptAllChangesOnSuccess, CancellationToken cancellationToken)
   at Microsoft.EntityFrameworkCore.DbContext.SaveChangesAsync(Boolean acceptAllChangesOnSuccess, CancellationToken cancellationToken)
   at Payroll.Api.Middleware.AuditMiddleware.InvokeAsync(HttpContext context, AppDbContext db) in D:\repos\payrollsa\Backend\src\Payroll.Api\Middleware\AuditMiddleware.cs:line 47
2026-09-10 09:17:08.895 +02:00 [INF] HTTP POST /api/auth/login responded 200 in 215.3853 ms
2026-09-10 09:17:15.800 +02:00 [INF] HTTP OPTIONS /api/companies responded 204 in 9.3502 ms
2026-09-10 09:17:15.897 +02:00 [INF] HTTP GET /api/companies responded 200 in 86.4901 ms
2026-09-10 09:17:15.912 +02:00 [INF] HTTP OPTIONS /api/management/summary responded 204 in 0.5863 ms
2026-09-10 09:17:15.918 +02:00 [INF] HTTP OPTIONS /api/management/audit responded 204 in 2.9952 ms
2026-09-10 09:17:16.047 +02:00 [INF] HTTP GET /api/management/audit responded 200 in 117.8910 ms
2026-09-10 09:17:16.192 +02:00 [INF] HTTP GET /api/management/summary responded 200 in 269.5812 ms
2026-09-10 09:17:37.371 +02:00 [INF] HTTP OPTIONS /api/management/summary responded 204 in 0.5797 ms
2026-09-10 09:17:37.371 +02:00 [INF] HTTP OPTIONS /api/management/audit responded 204 in 0.7456 ms
2026-09-10 09:17:37.430 +02:00 [INF] HTTP GET /api/management/audit responded 200 in 45.0058 ms
2026-09-10 09:17:37.437 +02:00 [INF] HTTP GET /api/management/summary responded 200 in 59.2531 ms
2026-09-10 09:17:42.887 +02:00 [INF] HTTP OPTIONS /api/management/summary responded 204 in 0.4699 ms
2026-09-10 09:17:42.887 +02:00 [INF] HTTP OPTIONS /api/management/audit responded 204 in 0.4627 ms
2026-09-10 09:17:42.922 +02:00 [INF] HTTP GET /api/management/audit responded 200 in 9.4562 ms
2026-09-10 09:17:42.947 +02:00 [INF] HTTP GET /api/management/summary responded 200 in 38.7902 ms
2026-09-10 09:17:50.398 +02:00 [INF] HTTP OPTIONS /api/management/summary responded 204 in 0.9912 ms
2026-09-10 09:17:50.399 +02:00 [INF] HTTP OPTIONS /api/management/audit responded 204 in 0.3599 ms
2026-09-10 09:17:50.415 +02:00 [INF] HTTP GET /api/management/audit responded 200 in 3.1585 ms
2026-09-10 09:17:50.416 +02:00 [INF] HTTP GET /api/management/summary responded 200 in 9.7406 ms
2026-09-10 09:18:02.384 +02:00 [INF] HTTP OPTIONS /api/management/summary responded 204 in 0.7531 ms
2026-09-10 09:18:02.384 +02:00 [INF] HTTP OPTIONS /api/management/audit responded 204 in 0.3759 ms
2026-09-10 09:18:02.397 +02:00 [INF] HTTP GET /api/management/summary responded 200 in 7.3732 ms
2026-09-10 09:18:02.407 +02:00 [INF] HTTP GET /api/management/audit responded 200 in 10.8116 ms
2026-09-10 09:18:12.858 +02:00 [INF] HTTP OPTIONS /api/management/audit responded 204 in 0.5082 ms
2026-09-10 09:18:12.872 +02:00 [INF] HTTP GET /api/management/audit responded 200 in 8.4111 ms
2026-09-10 09:18:20.286 +02:00 [INF] HTTP OPTIONS /api/companies responded 204 in 6.8301 ms
2026-09-10 09:18:20.315 +02:00 [INF] HTTP GET /api/companies responded 200 in 20.0572 ms
2026-09-10 09:18:20.332 +02:00 [INF] HTTP OPTIONS /api/users responded 204 in 5.6943 ms
2026-09-10 09:18:20.443 +02:00 [INF] HTTP GET /api/users responded 200 in 100.8067 ms
2026-09-10 09:18:20.491 +02:00 [INF] HTTP OPTIONS /api/employees responded 204 in 165.2243 ms
2026-09-10 09:18:20.575 +02:00 [INF] HTTP GET /api/employees responded 200 in 75.0073 ms
2026-09-10 09:19:13.340 +02:00 [INF] HTTP OPTIONS /api/employees responded 204 in 6.2027 ms
2026-09-10 09:19:13.362 +02:00 [INF] HTTP GET /api/employees responded 200 in 15.0505 ms
2026-09-10 09:19:13.496 +02:00 [INF] HTTP OPTIONS /api/users responded 204 in 159.5335 ms
2026-09-10 09:19:13.735 +02:00 [INF] HTTP GET /api/users responded 200 in 234.4767 ms
2026-09-10 09:19:22.911 +02:00 [INF] HTTP OPTIONS /api/users/fdfaa007-b082-42f4-995e-c21ec02eaa1b/roles responded 204 in 6.4416 ms
2026-09-10 09:19:23.113 +02:00 [INF] HTTP PUT /api/users/fdfaa007-b082-42f4-995e-c21ec02eaa1b/roles responded 200 in 196.3543 ms
2026-09-10 09:19:23.129 +02:00 [INF] HTTP OPTIONS /api/employees responded 204 in 6.6909 ms
2026-09-10 09:19:23.146 +02:00 [INF] HTTP GET /api/employees responded 200 in 10.5662 ms
2026-09-10 09:19:23.285 +02:00 [INF] HTTP OPTIONS /api/users responded 204 in 162.8492 ms
2026-09-10 09:19:23.306 +02:00 [INF] HTTP GET /api/users responded 200 in 13.4946 ms
2026-09-10 09:22:52.312 +02:00 [INF] HTTP OPTIONS /api/auth/login responded 204 in 10.1448 ms
2026-09-10 09:22:52.482 +02:00 [ERR] Could not persist audit log for /api/auth/login
Microsoft.EntityFrameworkCore.DbUpdateConcurrencyException: The database operation was expected to affect 1 row(s), but actually affected 0 row(s); data may have been modified or deleted since entities were loaded. See https://go.microsoft.com/fwlink/?LinkId=527962 for information on understanding and handling optimistic concurrency exceptions.
   at Microsoft.EntityFrameworkCore.Update.AffectedCountModificationCommandBatch.ThrowAggregateUpdateConcurrencyExceptionAsync(RelationalDataReader reader, Int32 commandIndex, Int32 expectedRowsAffected, Int32 rowsAffected, CancellationToken cancellationToken)
   at Microsoft.EntityFrameworkCore.Update.AffectedCountModificationCommandBatch.ConsumeResultSetWithRowsAffectedOnlyAsync(Int32 commandIndex, RelationalDataReader reader, CancellationToken cancellationToken)
   at Microsoft.EntityFrameworkCore.Update.AffectedCountModificationCommandBatch.ConsumeAsync(RelationalDataReader reader, CancellationToken cancellationToken)
   at Microsoft.EntityFrameworkCore.Update.ReaderModificationCommandBatch.ExecuteAsync(IRelationalConnection connection, CancellationToken cancellationToken)
   at Microsoft.EntityFrameworkCore.Update.ReaderModificationCommandBatch.ExecuteAsync(IRelationalConnection connection, CancellationToken cancellationToken)
   at Microsoft.EntityFrameworkCore.Update.Internal.BatchExecutor.ExecuteAsync(IEnumerable`1 commandBatches, IRelationalConnection connection, CancellationToken cancellationToken)
   at Microsoft.EntityFrameworkCore.Update.Internal.BatchExecutor.ExecuteAsync(IEnumerable`1 commandBatches, IRelationalConnection connection, CancellationToken cancellationToken)
   at Microsoft.EntityFrameworkCore.Update.Internal.BatchExecutor.ExecuteAsync(IEnumerable`1 commandBatches, IRelationalConnection connection, CancellationToken cancellationToken)
   at Microsoft.EntityFrameworkCore.Storage.RelationalDatabase.SaveChangesAsync(IList`1 entries, CancellationToken cancellationToken)
   at Microsoft.EntityFrameworkCore.ChangeTracking.Internal.StateManager.SaveChangesAsync(IList`1 entriesToSave, CancellationToken cancellationToken)
   at Microsoft.EntityFrameworkCore.ChangeTracking.Internal.StateManager.SaveChangesAsync(StateManager stateManager, Boolean acceptAllChangesOnSuccess, CancellationToken cancellationToken)
   at Microsoft.EntityFrameworkCore.DbContext.SaveChangesAsync(Boolean acceptAllChangesOnSuccess, CancellationToken cancellationToken)
   at Payroll.Api.Middleware.AuditMiddleware.InvokeAsync(HttpContext context, AppDbContext db) in D:\repos\payrollsa\Backend\src\Payroll.Api\Middleware\AuditMiddleware.cs:line 47
2026-09-10 09:22:52.494 +02:00 [INF] HTTP POST /api/auth/login responded 200 in 172.8217 ms
2026-09-10 09:22:52.526 +02:00 [INF] HTTP OPTIONS /api/dashboard/summary responded 204 in 6.5787 ms
2026-09-10 09:22:52.559 +02:00 [INF] HTTP GET /api/dashboard/summary responded 200 in 13.7117 ms
2026-09-10 09:22:52.692 +02:00 [INF] HTTP OPTIONS /api/dashboard/summary responded 204 in 167.9778 ms
2026-09-10 09:22:52.709 +02:00 [INF] HTTP GET /api/dashboard/summary responded 200 in 10.9641 ms
2026-09-10 09:22:57.020 +02:00 [INF] HTTP OPTIONS /api/settings/deduction-types responded 204 in 5.5364 ms
2026-09-10 09:22:57.081 +02:00 [INF] HTTP GET /api/settings/deduction-types responded 200 in 50.7775 ms
2026-09-10 09:22:57.175 +02:00 [INF] HTTP OPTIONS /api/settings/earning-types responded 204 in 160.4621 ms
2026-09-10 09:22:57.228 +02:00 [INF] HTTP GET /api/settings/earning-types responded 200 in 47.4584 ms
2026-09-10 09:23:06.938 +02:00 [INF] HTTP OPTIONS /api/settings/deduction-types responded 204 in 8.4189 ms
2026-09-10 09:23:07.073 +02:00 [INF] HTTP POST /api/settings/deduction-types responded 200 in 130.0993 ms
2026-09-10 09:23:07.090 +02:00 [INF] HTTP OPTIONS /api/settings/deduction-types responded 204 in 7.3841 ms
2026-09-10 09:23:07.111 +02:00 [INF] HTTP GET /api/settings/deduction-types responded 200 in 15.3825 ms
2026-09-10 09:23:07.245 +02:00 [INF] HTTP OPTIONS /api/settings/earning-types responded 204 in 162.4867 ms
2026-09-10 09:23:07.270 +02:00 [INF] HTTP GET /api/settings/earning-types responded 200 in 14.2688 ms
2026-09-10 09:23:14.822 +02:00 [INF] HTTP OPTIONS /api/employees responded 204 in 7.7132 ms
2026-09-10 09:23:14.835 +02:00 [INF] HTTP GET /api/employees responded 200 in 6.6681 ms
2026-09-10 09:23:24.446 +02:00 [INF] HTTP OPTIONS /api/employee-deductions responded 204 in 8.1930 ms
2026-09-10 09:23:24.525 +02:00 [INF] HTTP GET /api/employee-deductions responded 200 in 71.9231 ms
2026-09-10 09:23:37.019 +02:00 [INF] HTTP OPTIONS /api/employee-deductions responded 204 in 7.7803 ms
2026-09-10 09:23:37.382 +02:00 [WRN] Compiling a query which loads related collections for more than one collection navigation, either via 'Include' or through projection, but no 'QuerySplittingBehavior' has been configured. By default, Entity Framework will use 'QuerySplittingBehavior.SingleQuery', which can potentially result in slow query performance. See https://go.microsoft.com/fwlink/?linkid=2134277 for more information. To identify the query that's triggering this warning call 'ConfigureWarnings(w => w.Throw(RelationalEventId.MultipleCollectionIncludeWarning))'.
2026-09-10 09:23:38.075 +02:00 [INF] HTTP POST /api/employee-deductions responded 200 in 1050.9210 ms
2026-09-10 09:23:38.094 +02:00 [INF] HTTP OPTIONS /api/employee-deductions responded 204 in 9.9598 ms
2026-09-10 09:23:38.114 +02:00 [INF] HTTP GET /api/employee-deductions responded 200 in 12.1872 ms
2026-09-10 09:23:43.163 +02:00 [INF] HTTP OPTIONS /api/payslips/periods responded 204 in 6.8284 ms
2026-09-10 09:23:43.271 +02:00 [INF] HTTP GET /api/payslips/periods responded 200 in 101.4346 ms
2026-09-10 09:23:44.273 +02:00 [INF] HTTP OPTIONS /api/payslips/period/c10315d7-c3f3-4db4-b42c-bcd5beca2afe responded 204 in 5.4900 ms
2026-09-10 09:23:44.355 +02:00 [INF] HTTP GET /api/payslips/period/c10315d7-c3f3-4db4-b42c-bcd5beca2afe responded 200 in 77.1341 ms
2026-09-10 09:23:46.706 +02:00 [INF] HTTP OPTIONS /api/payslips/83cd27c0-eae5-4d54-ae36-7ae3eae06c6a/detail responded 204 in 4.9892 ms
2026-09-10 09:23:46.765 +02:00 [WRN] Compiling a query which loads related collections for more than one collection navigation, either via 'Include' or through projection, but no 'QuerySplittingBehavior' has been configured. By default, Entity Framework will use 'QuerySplittingBehavior.SingleQuery', which can potentially result in slow query performance. See https://go.microsoft.com/fwlink/?linkid=2134277 for more information. To identify the query that's triggering this warning call 'ConfigureWarnings(w => w.Throw(RelationalEventId.MultipleCollectionIncludeWarning))'.
2026-09-10 09:23:46.928 +02:00 [INF] HTTP GET /api/payslips/83cd27c0-eae5-4d54-ae36-7ae3eae06c6a/detail responded 200 in 216.9775 ms
2026-09-10 09:24:25.728 +02:00 [INF] HTTP OPTIONS /api/settings/earning-types responded 204 in 5.8304 ms
2026-09-10 09:24:25.744 +02:00 [INF] HTTP GET /api/settings/earning-types responded 200 in 10.5195 ms
2026-09-10 09:24:25.881 +02:00 [INF] HTTP OPTIONS /api/settings/deduction-types responded 204 in 158.0955 ms
2026-09-10 09:24:25.897 +02:00 [INF] HTTP GET /api/settings/deduction-types responded 200 in 10.2383 ms
2026-09-10 09:26:16.458 +02:00 [INF] Server desktop-3ro9ejj:34540:f46e9d62 caught stopping signal...
2026-09-10 09:26:16.467 +02:00 [INF] Server desktop-3ro9ejj:34540:f46e9d62 All dispatchers stopped
2026-09-10 09:26:16.476 +02:00 [INF] Server desktop-3ro9ejj:34540:f46e9d62 successfully reported itself as stopped in 1,4564 ms
2026-09-10 09:26:16.479 +02:00 [INF] Server desktop-3ro9ejj:34540:f46e9d62 has been stopped in total 18,0273 ms
2026-09-10 09:27:05.932 +02:00 [FTL] Application startup failed.
Microsoft.Extensions.Hosting.HostAbortedException: The host was aborted.
   at Microsoft.Extensions.Hosting.HostFactoryResolver.HostingListener.ThrowHostAborted()
   at Microsoft.Extensions.Hosting.HostFactoryResolver.HostingListener.OnNext(KeyValuePair`2 value)
   at System.Diagnostics.DiagnosticListener.Write(String name, Object value)
   at Microsoft.Extensions.Hosting.HostBuilder.ResolveHost(IServiceProvider serviceProvider, DiagnosticListener diagnosticListener)
   at Microsoft.Extensions.Hosting.HostApplicationBuilder.Build()
   at Microsoft.AspNetCore.Builder.WebApplicationBuilder.Build()
   at Program.<Main>$(String[] args) in D:\repos\payrollsa\Backend\src\Payroll.Api\Program.cs:line 51
2026-09-10 09:30:03.671 +02:00 [FTL] Application startup failed.
Microsoft.Extensions.Hosting.HostAbortedException: The host was aborted.
   at Microsoft.Extensions.Hosting.HostFactoryResolver.HostingListener.ThrowHostAborted()
   at Microsoft.Extensions.Hosting.HostFactoryResolver.HostingListener.OnNext(KeyValuePair`2 value)
   at System.Diagnostics.DiagnosticListener.Write(String name, Object value)
   at Microsoft.Extensions.Hosting.HostBuilder.ResolveHost(IServiceProvider serviceProvider, DiagnosticListener diagnosticListener)
   at Microsoft.Extensions.Hosting.HostApplicationBuilder.Build()
   at Microsoft.AspNetCore.Builder.WebApplicationBuilder.Build()
   at Program.<Main>$(String[] args) in D:\repos\payrollsa\Backend\src\Payroll.Api\Program.cs:line 51
2026-09-10 09:30:54.428 +02:00 [FTL] Application startup failed.
Microsoft.Extensions.Hosting.HostAbortedException: The host was aborted.
   at Microsoft.Extensions.Hosting.HostFactoryResolver.HostingListener.ThrowHostAborted()
   at Microsoft.Extensions.Hosting.HostFactoryResolver.HostingListener.OnNext(KeyValuePair`2 value)
   at System.Diagnostics.DiagnosticListener.Write(String name, Object value)
   at Microsoft.Extensions.Hosting.HostBuilder.ResolveHost(IServiceProvider serviceProvider, DiagnosticListener diagnosticListener)
   at Microsoft.Extensions.Hosting.HostApplicationBuilder.Build()
   at Microsoft.AspNetCore.Builder.WebApplicationBuilder.Build()
   at Program.<Main>$(String[] args) in D:\repos\payrollsa\Backend\src\Payroll.Api\Program.cs:line 51
2026-09-10 09:33:22.606 +02:00 [WRN] No instantiatable types implementing `IEntityTypeConfiguration` were found while scanning assembly 'Payroll.Infrastructure, Version=1.0.0.0, Culture=neutral, PublicKeyToken=null'.
2026-09-10 09:33:24.038 +02:00 [WRN] The WebRootPath was not found: D:\repos\payrollsa\Backend\src\Payroll.Api\wwwroot. Static files may be unavailable.
2026-09-10 09:33:24.096 +02:00 [WRN] The WebRootPath was not found: D:\repos\payrollsa\Backend\src\Payroll.Api\wwwroot. Static files may be unavailable.
2026-09-10 09:33:24.254 +02:00 [INF] Starting Hangfire Server using job storage: 'In-Memory Storage'
2026-09-10 09:33:24.259 +02:00 [INF] Using the following options for Hangfire Server:
    Worker count: 20
    Listening queues: 'default'
    Shutdown timeout: 00:00:15
    Schedule polling interval: 00:00:15
2026-09-10 09:33:24.291 +02:00 [INF] Server desktop-3ro9ejj:39300:6712bfd0 successfully announced in 4,2174 ms
2026-09-10 09:33:24.296 +02:00 [INF] Server desktop-3ro9ejj:39300:6712bfd0 is starting the registered dispatchers: ServerWatchdog, ServerJobCancellationWatcher, Worker, DelayedJobScheduler, RecurringJobScheduler...
2026-09-10 09:33:24.305 +02:00 [INF] Server desktop-3ro9ejj:39300:6712bfd0 all the dispatchers started
2026-09-10 09:33:30.521 +02:00 [WRN] Failed to determine the https port for redirect.
2026-09-10 09:33:30.828 +02:00 [INF] HTTP OPTIONS /api/settings/earning-types responded 204 in 317.0196 ms
2026-09-10 09:33:30.828 +02:00 [INF] HTTP OPTIONS /api/settings/deduction-types responded 204 in 318.2936 ms
2026-09-10 09:33:30.847 +02:00 [INF] HTTP OPTIONS /api/settings/earning-types responded 204 in 339.7009 ms
2026-09-10 09:33:30.861 +02:00 [INF] HTTP OPTIONS /api/settings/deduction-types responded 204 in 353.6915 ms
2026-09-10 09:33:31.076 +02:00 [WRN] You do not have a valid license key for the Lucky Penny software MediatR. This is allowed for development and testing scenarios. If you are running in production you are required to have a licensed version. Please visit https://luckypennysoftware.com to obtain a valid license.
2026-09-10 09:33:31.076 +02:00 [WRN] You do not have a valid license key for the Lucky Penny software MediatR. This is allowed for development and testing scenarios. If you are running in production you are required to have a licensed version. Please visit https://luckypennysoftware.com to obtain a valid license.
2026-09-10 09:33:31.331 +02:00 [INF] HTTP GET /api/settings/earning-types responded 200 in 480.3938 ms
2026-09-10 09:33:31.350 +02:00 [INF] HTTP GET /api/settings/deduction-types responded 200 in 27.3633 ms
2026-09-10 09:33:31.485 +02:00 [INF] HTTP GET /api/settings/deduction-types responded 200 in 634.5775 ms
2026-09-10 09:33:31.508 +02:00 [INF] HTTP GET /api/settings/earning-types responded 200 in 185.5806 ms
2026-09-10 09:47:14.056 +02:00 [INF] HTTP OPTIONS /api/settings/deduction-types responded 204 in 20.8008 ms
2026-09-10 09:47:14.077 +02:00 [INF] HTTP OPTIONS /api/settings/earning-types responded 204 in 23.8470 ms
2026-09-10 09:47:14.084 +02:00 [INF] HTTP GET /api/settings/deduction-types responded 200 in 20.2819 ms
2026-09-10 09:47:14.096 +02:00 [INF] HTTP GET /api/settings/earning-types responded 200 in 13.2953 ms
2026-09-10 09:47:14.207 +02:00 [INF] HTTP OPTIONS /api/settings/earning-types responded 204 in 171.0339 ms
2026-09-10 09:47:14.228 +02:00 [INF] HTTP GET /api/settings/earning-types responded 200 in 11.6266 ms
2026-09-10 09:47:14.387 +02:00 [INF] HTTP OPTIONS /api/settings/deduction-types responded 204 in 334.1904 ms
2026-09-10 09:47:14.406 +02:00 [INF] HTTP GET /api/settings/deduction-types responded 200 in 11.7377 ms
2026-09-10 09:47:39.726 +02:00 [INF] HTTP OPTIONS /api/settings/earning-types responded 204 in 8.0718 ms
2026-09-10 09:47:39.939 +02:00 [INF] HTTP POST /api/settings/earning-types responded 200 in 206.4183 ms
2026-09-10 09:47:39.958 +02:00 [INF] HTTP OPTIONS /api/settings/earning-types responded 204 in 9.2673 ms
2026-09-10 09:47:39.976 +02:00 [INF] HTTP GET /api/settings/earning-types responded 200 in 9.2148 ms
2026-09-10 09:47:40.115 +02:00 [INF] HTTP OPTIONS /api/settings/deduction-types responded 204 in 166.0643 ms
2026-09-10 09:47:40.131 +02:00 [INF] HTTP GET /api/settings/deduction-types responded 200 in 9.8678 ms
2026-09-10 09:47:45.917 +02:00 [INF] HTTP OPTIONS /api/employees responded 204 in 6.5688 ms
2026-09-10 09:47:46.044 +02:00 [INF] HTTP GET /api/employees responded 200 in 117.1620 ms
2026-09-10 09:47:46.076 +02:00 [INF] HTTP OPTIONS /api/payroll/periods responded 204 in 164.7224 ms
2026-09-10 09:47:46.236 +02:00 [INF] HTTP OPTIONS /api/settings/earning-types responded 204 in 323.2291 ms
2026-09-10 09:47:46.252 +02:00 [INF] HTTP GET /api/settings/earning-types responded 200 in 9.6351 ms
2026-09-10 09:47:46.286 +02:00 [INF] HTTP GET /api/payroll/periods responded 200 in 204.2301 ms
2026-09-10 09:48:02.690 +02:00 [INF] HTTP OPTIONS /api/payslips/periods responded 204 in 6.6472 ms
2026-09-10 09:48:02.756 +02:00 [INF] HTTP GET /api/payslips/periods responded 200 in 58.3220 ms
2026-09-10 09:48:03.846 +02:00 [INF] HTTP OPTIONS /api/payslips/period/c10315d7-c3f3-4db4-b42c-bcd5beca2afe responded 204 in 7.5176 ms
2026-09-10 09:48:04.059 +02:00 [INF] HTTP GET /api/payslips/period/c10315d7-c3f3-4db4-b42c-bcd5beca2afe responded 200 in 206.9441 ms
2026-09-10 09:48:05.212 +02:00 [INF] HTTP OPTIONS /api/payslips/83cd27c0-eae5-4d54-ae36-7ae3eae06c6a/detail responded 204 in 7.0757 ms
2026-09-10 09:48:05.348 +02:00 [WRN] Compiling a query which loads related collections for more than one collection navigation, either via 'Include' or through projection, but no 'QuerySplittingBehavior' has been configured. By default, Entity Framework will use 'QuerySplittingBehavior.SingleQuery', which can potentially result in slow query performance. See https://go.microsoft.com/fwlink/?linkid=2134277 for more information. To identify the query that's triggering this warning call 'ConfigureWarnings(w => w.Throw(RelationalEventId.MultipleCollectionIncludeWarning))'.
2026-09-10 09:48:05.984 +02:00 [INF] HTTP GET /api/payslips/83cd27c0-eae5-4d54-ae36-7ae3eae06c6a/detail responded 200 in 766.6666 ms
2026-09-10 09:48:12.694 +02:00 [INF] HTTP OPTIONS /api/employees responded 204 in 6.9862 ms
2026-09-10 09:48:12.723 +02:00 [INF] HTTP GET /api/employees responded 200 in 18.7418 ms
2026-09-10 09:48:15.375 +02:00 [INF] HTTP OPTIONS /api/companies/6266b913-2edc-4388-9585-0fd6464bf4eb responded 204 in 7.1878 ms
2026-09-10 09:48:15.476 +02:00 [INF] HTTP GET /api/companies/6266b913-2edc-4388-9585-0fd6464bf4eb responded 200 in 91.5465 ms
2026-09-10 09:51:18.057 +02:00 [INF] Server desktop-3ro9ejj:39300:6712bfd0 caught stopping signal...
2026-09-10 09:51:18.062 +02:00 [INF] Server desktop-3ro9ejj:39300:6712bfd0 All dispatchers stopped
2026-09-10 09:51:18.067 +02:00 [INF] Server desktop-3ro9ejj:39300:6712bfd0 successfully reported itself as stopped in 1,2655 ms
2026-09-10 09:51:18.069 +02:00 [INF] Server desktop-3ro9ejj:39300:6712bfd0 has been stopped in total 10,1829 ms
2026-09-10 09:51:52.569 +02:00 [WRN] No instantiatable types implementing `IEntityTypeConfiguration` were found while scanning assembly 'Payroll.Infrastructure, Version=1.0.0.0, Culture=neutral, PublicKeyToken=null'.
2026-09-10 09:51:55.480 +02:00 [WRN] The WebRootPath was not found: D:\repos\payrollsa\Backend\src\Payroll.Api\wwwroot. Static files may be unavailable.
2026-09-10 09:51:55.637 +02:00 [WRN] The WebRootPath was not found: D:\repos\payrollsa\Backend\src\Payroll.Api\wwwroot. Static files may be unavailable.
2026-09-10 09:51:55.772 +02:00 [INF] Starting Hangfire Server using job storage: 'In-Memory Storage'
2026-09-10 09:51:55.776 +02:00 [INF] Using the following options for Hangfire Server:
    Worker count: 20
    Listening queues: 'default'
    Shutdown timeout: 00:00:15
    Schedule polling interval: 00:00:15
2026-09-10 09:51:55.832 +02:00 [INF] Server desktop-3ro9ejj:36684:15257a27 successfully announced in 17,6942 ms
2026-09-10 09:51:55.843 +02:00 [INF] Server desktop-3ro9ejj:36684:15257a27 is starting the registered dispatchers: ServerWatchdog, ServerJobCancellationWatcher, Worker, DelayedJobScheduler, RecurringJobScheduler...
2026-09-10 09:51:55.863 +02:00 [INF] Server desktop-3ro9ejj:36684:15257a27 all the dispatchers started
2026-09-10 09:51:57.134 +02:00 [WRN] Failed to determine the https port for redirect.
2026-09-10 09:51:57.650 +02:00 [INF] HTTP OPTIONS /api/payslips/periods responded 204 in 528.2475 ms
2026-09-10 09:51:58.026 +02:00 [WRN] You do not have a valid license key for the Lucky Penny software MediatR. This is allowed for development and testing scenarios. If you are running in production you are required to have a licensed version. Please visit https://luckypennysoftware.com to obtain a valid license.
2026-09-10 09:51:58.545 +02:00 [INF] HTTP GET /api/payslips/periods responded 200 in 856.5067 ms
2026-09-10 09:51:59.639 +02:00 [INF] HTTP OPTIONS /api/payslips/period/c10315d7-c3f3-4db4-b42c-bcd5beca2afe responded 204 in 10.0629 ms
2026-09-10 09:51:59.967 +02:00 [INF] HTTP GET /api/payslips/period/c10315d7-c3f3-4db4-b42c-bcd5beca2afe responded 200 in 322.1845 ms
2026-09-10 09:52:01.487 +02:00 [INF] HTTP OPTIONS /api/payslips/83cd27c0-eae5-4d54-ae36-7ae3eae06c6a/detail responded 204 in 10.6205 ms
2026-09-10 09:52:01.669 +02:00 [WRN] Compiling a query which loads related collections for more than one collection navigation, either via 'Include' or through projection, but no 'QuerySplittingBehavior' has been configured. By default, Entity Framework will use 'QuerySplittingBehavior.SingleQuery', which can potentially result in slow query performance. See https://go.microsoft.com/fwlink/?linkid=2134277 for more information. To identify the query that's triggering this warning call 'ConfigureWarnings(w => w.Throw(RelationalEventId.MultipleCollectionIncludeWarning))'.
2026-09-10 09:52:02.498 +02:00 [INF] HTTP GET /api/payslips/83cd27c0-eae5-4d54-ae36-7ae3eae06c6a/detail responded 200 in 1004.5312 ms
2026-09-10 09:52:06.038 +02:00 [INF] HTTP OPTIONS /api/dashboard/summary responded 204 in 11.0214 ms
2026-09-10 09:52:06.352 +02:00 [INF] HTTP GET /api/dashboard/summary responded 200 in 292.4232 ms
2026-09-10 09:52:06.735 +02:00 [INF] HTTP OPTIONS /api/employees responded 204 in 6.5117 ms
2026-09-10 09:52:06.867 +02:00 [INF] HTTP GET /api/employees responded 200 in 125.0848 ms
2026-09-10 09:52:11.188 +02:00 [INF] HTTP OPTIONS /api/leave responded 204 in 8.9019 ms
2026-09-10 09:52:11.353 +02:00 [INF] HTTP GET /api/leave responded 200 in 150.6245 ms
2026-09-10 09:52:11.677 +02:00 [INF] HTTP OPTIONS /api/payroll/periods responded 204 in 7.0431 ms
2026-09-10 09:52:11.780 +02:00 [INF] HTTP GET /api/payroll/periods responded 200 in 92.0305 ms
2026-09-10 09:53:22.088 +02:00 [INF] HTTP OPTIONS /api/tax/year responded 204 in 13.6583 ms
2026-09-10 09:53:22.250 +02:00 [WRN] Compiling a query which loads related collections for more than one collection navigation, either via 'Include' or through projection, but no 'QuerySplittingBehavior' has been configured. By default, Entity Framework will use 'QuerySplittingBehavior.SingleQuery', which can potentially result in slow query performance. See https://go.microsoft.com/fwlink/?linkid=2134277 for more information. To identify the query that's triggering this warning call 'ConfigureWarnings(w => w.Throw(RelationalEventId.MultipleCollectionIncludeWarning))'.
2026-09-10 09:53:22.945 +02:00 [INF] HTTP GET /api/tax/year responded 200 in 832.1052 ms
2026-09-10 09:59:32.402 +02:00 [INF] HTTP OPTIONS /api/tax/year responded 204 in 28.6554 ms
2026-09-10 09:59:32.423 +02:00 [INF] HTTP OPTIONS /api/tax/year responded 204 in 29.9776 ms
2026-09-10 09:59:32.441 +02:00 [INF] HTTP GET /api/tax/year responded 200 in 25.1095 ms
2026-09-10 09:59:32.461 +02:00 [INF] HTTP GET /api/tax/year responded 200 in 20.2846 ms
2026-09-10 10:06:48.610 +02:00 [INF] Server desktop-3ro9ejj:36684:15257a27 caught stopping signal...
2026-09-10 10:06:48.621 +02:00 [INF] Server desktop-3ro9ejj:36684:15257a27 All dispatchers stopped
2026-09-10 10:06:48.629 +02:00 [INF] Server desktop-3ro9ejj:36684:15257a27 successfully reported itself as stopped in 1,5616 ms
2026-09-10 10:06:48.632 +02:00 [INF] Server desktop-3ro9ejj:36684:15257a27 has been stopped in total 17,924 ms
2026-09-10 10:06:57.307 +02:00 [WRN] No instantiatable types implementing `IEntityTypeConfiguration` were found while scanning assembly 'Payroll.Infrastructure, Version=1.0.0.0, Culture=neutral, PublicKeyToken=null'.
2026-09-10 10:06:59.080 +02:00 [WRN] The WebRootPath was not found: D:\repos\payrollsa\Backend\src\Payroll.Api\wwwroot. Static files may be unavailable.
2026-09-10 10:06:59.160 +02:00 [WRN] The WebRootPath was not found: D:\repos\payrollsa\Backend\src\Payroll.Api\wwwroot. Static files may be unavailable.
2026-09-10 10:06:59.247 +02:00 [INF] Starting Hangfire Server using job storage: 'In-Memory Storage'
2026-09-10 10:06:59.249 +02:00 [INF] Using the following options for Hangfire Server:
    Worker count: 20
    Listening queues: 'default'
    Shutdown timeout: 00:00:15
    Schedule polling interval: 00:00:15
2026-09-10 10:06:59.273 +02:00 [INF] Server desktop-3ro9ejj:37904:76ec511c successfully announced in 6,4124 ms
2026-09-10 10:06:59.280 +02:00 [INF] Server desktop-3ro9ejj:37904:76ec511c is starting the registered dispatchers: ServerWatchdog, ServerJobCancellationWatcher, Worker, DelayedJobScheduler, RecurringJobScheduler...
2026-09-10 10:06:59.292 +02:00 [INF] Server desktop-3ro9ejj:37904:76ec511c all the dispatchers started
2026-09-10 10:07:03.913 +02:00 [WRN] Failed to determine the https port for redirect.
2026-09-10 10:07:04.171 +02:00 [INF] HTTP OPTIONS /api/tax/year responded 204 in 269.3555 ms
2026-09-10 10:07:04.190 +02:00 [INF] HTTP OPTIONS /api/tax/year responded 204 in 293.2254 ms
2026-09-10 10:07:04.512 +02:00 [WRN] You do not have a valid license key for the Lucky Penny software MediatR. This is allowed for development and testing scenarios. If you are running in production you are required to have a licensed version. Please visit https://luckypennysoftware.com to obtain a valid license.
2026-09-10 10:07:04.874 +02:00 [WRN] Compiling a query which loads related collections for more than one collection navigation, either via 'Include' or through projection, but no 'QuerySplittingBehavior' has been configured. By default, Entity Framework will use 'QuerySplittingBehavior.SingleQuery', which can potentially result in slow query performance. See https://go.microsoft.com/fwlink/?linkid=2134277 for more information. To identify the query that's triggering this warning call 'ConfigureWarnings(w => w.Throw(RelationalEventId.MultipleCollectionIncludeWarning))'.
2026-09-10 10:07:05.213 +02:00 [INF] HTTP GET /api/tax/year responded 200 in 1007.4427 ms
2026-09-10 10:07:05.232 +02:00 [INF] HTTP GET /api/tax/year responded 200 in 30.8736 ms
2026-09-10 10:07:19.938 +02:00 [INF] HTTP OPTIONS /api/payroll/periods responded 204 in 18.6455 ms
2026-09-10 10:07:20.122 +02:00 [INF] HTTP GET /api/payroll/periods responded 200 in 177.3380 ms
2026-09-10 10:07:21.348 +02:00 [INF] HTTP OPTIONS /api/payroll/c10315d7-c3f3-4db4-b42c-bcd5beca2afe responded 204 in 5.6929 ms
2026-09-10 10:07:21.516 +02:00 [INF] HTTP OPTIONS /api/payroll/c10315d7-c3f3-4db4-b42c-bcd5beca2afe/lines responded 204 in 172.4518 ms
2026-09-10 10:07:21.695 +02:00 [WRN] Compiling a query which loads related collections for more than one collection navigation, either via 'Include' or through projection, but no 'QuerySplittingBehavior' has been configured. By default, Entity Framework will use 'QuerySplittingBehavior.SingleQuery', which can potentially result in slow query performance. See https://go.microsoft.com/fwlink/?linkid=2134277 for more information. To identify the query that's triggering this warning call 'ConfigureWarnings(w => w.Throw(RelationalEventId.MultipleCollectionIncludeWarning))'.
2026-09-10 10:07:21.756 +02:00 [INF] HTTP GET /api/payroll/c10315d7-c3f3-4db4-b42c-bcd5beca2afe responded 200 in 401.4734 ms
2026-09-10 10:07:22.247 +02:00 [INF] HTTP GET /api/payroll/c10315d7-c3f3-4db4-b42c-bcd5beca2afe/lines responded 200 in 649.2840 ms
2026-09-10 10:07:29.210 +02:00 [INF] HTTP OPTIONS /api/payslips/periods responded 204 in 11.6034 ms
2026-09-10 10:07:29.301 +02:00 [INF] HTTP GET /api/payslips/periods responded 200 in 80.5876 ms
2026-09-10 10:07:30.394 +02:00 [INF] HTTP OPTIONS /api/payslips/period/c10315d7-c3f3-4db4-b42c-bcd5beca2afe responded 204 in 7.2063 ms
2026-09-10 10:07:30.491 +02:00 [INF] HTTP GET /api/payslips/period/c10315d7-c3f3-4db4-b42c-bcd5beca2afe responded 200 in 89.4434 ms
2026-09-10 10:07:32.782 +02:00 [INF] HTTP OPTIONS /api/payslips/83cd27c0-eae5-4d54-ae36-7ae3eae06c6a/detail responded 204 in 7.4849 ms
2026-09-10 10:07:32.867 +02:00 [WRN] Compiling a query which loads related collections for more than one collection navigation, either via 'Include' or through projection, but no 'QuerySplittingBehavior' has been configured. By default, Entity Framework will use 'QuerySplittingBehavior.SingleQuery', which can potentially result in slow query performance. See https://go.microsoft.com/fwlink/?linkid=2134277 for more information. To identify the query that's triggering this warning call 'ConfigureWarnings(w => w.Throw(RelationalEventId.MultipleCollectionIncludeWarning))'.
2026-09-10 10:07:33.157 +02:00 [INF] HTTP GET /api/payslips/83cd27c0-eae5-4d54-ae36-7ae3eae06c6a/detail responded 200 in 368.0172 ms
2026-09-10 10:23:57.338 +02:00 [INF] HTTP OPTIONS /api/employees responded 204 in 17.9953 ms
2026-09-10 10:23:57.371 +02:00 [INF] HTTP GET /api/employees responded 401 in 26.5957 ms
2026-09-10 10:23:59.276 +02:00 [INF] HTTP OPTIONS /api/auth/login responded 204 in 8.4373 ms
2026-09-10 10:23:59.781 +02:00 [ERR] Could not persist audit log for /api/auth/login
Microsoft.EntityFrameworkCore.DbUpdateConcurrencyException: The database operation was expected to affect 1 row(s), but actually affected 0 row(s); data may have been modified or deleted since entities were loaded. See https://go.microsoft.com/fwlink/?LinkId=527962 for information on understanding and handling optimistic concurrency exceptions.
   at Microsoft.EntityFrameworkCore.Update.AffectedCountModificationCommandBatch.ThrowAggregateUpdateConcurrencyExceptionAsync(RelationalDataReader reader, Int32 commandIndex, Int32 expectedRowsAffected, Int32 rowsAffected, CancellationToken cancellationToken)
   at Microsoft.EntityFrameworkCore.Update.AffectedCountModificationCommandBatch.ConsumeResultSetWithRowsAffectedOnlyAsync(Int32 commandIndex, RelationalDataReader reader, CancellationToken cancellationToken)
   at Microsoft.EntityFrameworkCore.Update.AffectedCountModificationCommandBatch.ConsumeAsync(RelationalDataReader reader, CancellationToken cancellationToken)
   at Microsoft.EntityFrameworkCore.Update.ReaderModificationCommandBatch.ExecuteAsync(IRelationalConnection connection, CancellationToken cancellationToken)
   at Microsoft.EntityFrameworkCore.Update.ReaderModificationCommandBatch.ExecuteAsync(IRelationalConnection connection, CancellationToken cancellationToken)
   at Microsoft.EntityFrameworkCore.Update.Internal.BatchExecutor.ExecuteAsync(IEnumerable`1 commandBatches, IRelationalConnection connection, CancellationToken cancellationToken)
   at Microsoft.EntityFrameworkCore.Update.Internal.BatchExecutor.ExecuteAsync(IEnumerable`1 commandBatches, IRelationalConnection connection, CancellationToken cancellationToken)
   at Microsoft.EntityFrameworkCore.Update.Internal.BatchExecutor.ExecuteAsync(IEnumerable`1 commandBatches, IRelationalConnection connection, CancellationToken cancellationToken)
   at Microsoft.EntityFrameworkCore.Storage.RelationalDatabase.SaveChangesAsync(IList`1 entries, CancellationToken cancellationToken)
   at Microsoft.EntityFrameworkCore.ChangeTracking.Internal.StateManager.SaveChangesAsync(IList`1 entriesToSave, CancellationToken cancellationToken)
   at Microsoft.EntityFrameworkCore.ChangeTracking.Internal.StateManager.SaveChangesAsync(StateManager stateManager, Boolean acceptAllChangesOnSuccess, CancellationToken cancellationToken)
   at Microsoft.EntityFrameworkCore.DbContext.SaveChangesAsync(Boolean acceptAllChangesOnSuccess, CancellationToken cancellationToken)
   at Payroll.Api.Middleware.AuditMiddleware.InvokeAsync(HttpContext context, AppDbContext db) in D:\repos\payrollsa\Backend\src\Payroll.Api\Middleware\AuditMiddleware.cs:line 47
2026-09-10 10:23:59.827 +02:00 [INF] HTTP POST /api/auth/login responded 200 in 544.5170 ms
2026-09-10 10:23:59.861 +02:00 [INF] HTTP OPTIONS /api/dashboard/summary responded 204 in 4.9694 ms
2026-09-10 10:23:59.886 +02:00 [INF] HTTP OPTIONS /api/dashboard/summary responded 204 in 26.3272 ms
2026-09-10 10:24:00.040 +02:00 [INF] HTTP GET /api/dashboard/summary responded 200 in 168.5450 ms
2026-09-10 10:24:00.052 +02:00 [INF] HTTP GET /api/dashboard/summary responded 200 in 13.0366 ms
2026-09-10 10:24:03.593 +02:00 [INF] HTTP OPTIONS /api/employees responded 204 in 6.7629 ms
2026-09-10 10:24:03.679 +02:00 [INF] HTTP GET /api/employees responded 200 in 79.6775 ms
2026-09-10 10:24:03.753 +02:00 [INF] HTTP OPTIONS /api/users responded 204 in 166.1334 ms
2026-09-10 10:24:03.859 +02:00 [INF] HTTP GET /api/users responded 200 in 98.2137 ms
2026-09-10 10:25:28.218 +02:00 [INF] Server desktop-3ro9ejj:37904:76ec511c caught stopping signal...
2026-09-10 10:25:28.231 +02:00 [INF] Server desktop-3ro9ejj:37904:76ec511c All dispatchers stopped
2026-09-10 10:25:28.241 +02:00 [INF] Server desktop-3ro9ejj:37904:76ec511c successfully reported itself as stopped in 2,0839 ms
2026-09-10 10:25:28.244 +02:00 [INF] Server desktop-3ro9ejj:37904:76ec511c has been stopped in total 21,2383 ms
2026-09-10 10:27:09.376 +02:00 [WRN] No instantiatable types implementing `IEntityTypeConfiguration` were found while scanning assembly 'Payroll.Infrastructure, Version=1.0.0.0, Culture=neutral, PublicKeyToken=null'.
2026-09-10 10:27:10.792 +02:00 [WRN] The WebRootPath was not found: D:\repos\payrollsa\Backend\src\Payroll.Api\wwwroot. Static files may be unavailable.
2026-09-10 10:27:10.850 +02:00 [WRN] The WebRootPath was not found: D:\repos\payrollsa\Backend\src\Payroll.Api\wwwroot. Static files may be unavailable.
2026-09-10 10:27:10.932 +02:00 [INF] Starting Hangfire Server using job storage: 'In-Memory Storage'
2026-09-10 10:27:10.934 +02:00 [INF] Using the following options for Hangfire Server:
    Worker count: 20
    Listening queues: 'default'
    Shutdown timeout: 00:00:15
    Schedule polling interval: 00:00:15
2026-09-10 10:27:10.955 +02:00 [INF] Server desktop-3ro9ejj:6004:f4ea39f3 successfully announced in 4,6736 ms
2026-09-10 10:27:10.959 +02:00 [INF] Server desktop-3ro9ejj:6004:f4ea39f3 is starting the registered dispatchers: ServerWatchdog, ServerJobCancellationWatcher, Worker, DelayedJobScheduler, RecurringJobScheduler...
2026-09-10 10:27:10.970 +02:00 [INF] Server desktop-3ro9ejj:6004:f4ea39f3 all the dispatchers started
2026-09-10 10:27:20.843 +02:00 [WRN] Failed to determine the https port for redirect.
2026-09-10 10:27:21.318 +02:00 [INF] HTTP OPTIONS /api/users responded 204 in 484.2125 ms
2026-09-10 10:27:21.318 +02:00 [INF] HTTP OPTIONS /api/employees responded 204 in 485.7974 ms
2026-09-10 10:27:21.655 +02:00 [WRN] You do not have a valid license key for the Lucky Penny software MediatR. This is allowed for development and testing scenarios. If you are running in production you are required to have a licensed version. Please visit https://luckypennysoftware.com to obtain a valid license.
2026-09-10 10:27:21.655 +02:00 [WRN] You do not have a valid license key for the Lucky Penny software MediatR. This is allowed for development and testing scenarios. If you are running in production you are required to have a licensed version. Please visit https://luckypennysoftware.com to obtain a valid license.
2026-09-10 10:27:22.048 +02:00 [INF] HTTP GET /api/employees responded 200 in 696.3297 ms
2026-09-10 10:27:22.344 +02:00 [INF] HTTP GET /api/users responded 200 in 991.6023 ms
2026-09-10 10:31:07.122 +02:00 [INF] HTTP OPTIONS /api/employees responded 204 in 15.2989 ms
2026-09-10 10:31:07.160 +02:00 [INF] HTTP GET /api/employees responded 200 in 32.8487 ms
2026-09-10 10:31:56.176 +02:00 [INF] HTTP OPTIONS /api/employees responded 204 in 11.6629 ms
2026-09-10 10:31:56.215 +02:00 [INF] HTTP GET /api/employees responded 200 in 24.9478 ms
2026-09-10 10:31:56.233 +02:00 [INF] HTTP GET /api/employees responded 200 in 16.8522 ms
2026-09-10 10:31:59.763 +02:00 [INF] HTTP GET /api/employees responded 200 in 14.3182 ms
2026-09-10 10:31:59.786 +02:00 [INF] HTTP GET /api/employees responded 200 in 9.7802 ms
2026-09-10 10:32:02.330 +02:00 [INF] HTTP OPTIONS /api/employees responded 204 in 7.9240 ms
2026-09-10 10:32:02.353 +02:00 [INF] HTTP GET /api/employees responded 200 in 12.2096 ms
2026-09-10 10:32:02.366 +02:00 [INF] HTTP GET /api/employees responded 200 in 12.6109 ms
2026-09-10 10:32:09.518 +02:00 [INF] HTTP OPTIONS /api/employees responded 204 in 8.9216 ms
2026-09-10 10:32:09.550 +02:00 [INF] HTTP GET /api/employees responded 200 in 16.2361 ms
2026-09-10 10:32:09.565 +02:00 [INF] HTTP GET /api/employees responded 200 in 15.2524 ms
2026-09-10 10:32:14.870 +02:00 [INF] HTTP OPTIONS /api/employees responded 204 in 7.1179 ms
2026-09-10 10:32:14.898 +02:00 [INF] HTTP GET /api/employees responded 200 in 12.9199 ms
2026-09-10 10:32:14.915 +02:00 [INF] HTTP GET /api/employees responded 200 in 19.3157 ms
2026-09-10 10:32:18.436 +02:00 [INF] HTTP GET /api/employees responded 200 in 12.3334 ms
2026-09-10 10:32:18.451 +02:00 [INF] HTTP GET /api/employees responded 200 in 11.9560 ms
2026-09-10 10:32:42.124 +02:00 [INF] HTTP OPTIONS /api/employees responded 204 in 4.8645 ms
2026-09-10 10:32:42.136 +02:00 [INF] HTTP OPTIONS /api/employees responded 204 in 4.0419 ms
2026-09-10 10:32:42.162 +02:00 [INF] HTTP GET /api/employees responded 200 in 30.1592 ms
2026-09-10 10:32:42.166 +02:00 [INF] HTTP GET /api/employees responded 200 in 5.9916 ms
2026-09-10 10:32:46.006 +02:00 [INF] HTTP GET /api/employees responded 200 in 12.3548 ms
2026-09-10 10:32:46.032 +02:00 [INF] HTTP GET /api/employees responded 200 in 15.8310 ms
2026-09-10 10:32:52.328 +02:00 [INF] HTTP OPTIONS /api/employees responded 204 in 9.7967 ms
2026-09-10 10:32:52.349 +02:00 [INF] HTTP GET /api/employees responded 200 in 11.2534 ms
2026-09-10 10:32:52.358 +02:00 [INF] HTTP GET /api/employees responded 200 in 11.1416 ms
2026-09-10 10:33:23.498 +02:00 [INF] HTTP OPTIONS /api/employees responded 204 in 6.0729 ms
2026-09-10 10:33:23.508 +02:00 [INF] HTTP OPTIONS /api/employees responded 204 in 5.2885 ms
2026-09-10 10:33:23.518 +02:00 [INF] HTTP GET /api/employees responded 200 in 7.8301 ms
2026-09-10 10:33:23.526 +02:00 [INF] HTTP GET /api/employees responded 200 in 9.8126 ms
2026-09-10 10:33:39.373 +02:00 [INF] HTTP OPTIONS /api/employees responded 204 in 9.4732 ms
2026-09-10 10:33:39.384 +02:00 [INF] HTTP GET /api/employees responded 200 in 5.8982 ms
2026-09-10 10:33:39.533 +02:00 [INF] HTTP OPTIONS /api/employees responded 204 in 161.5521 ms
2026-09-10 10:33:39.550 +02:00 [INF] HTTP GET /api/employees responded 200 in 8.8455 ms
2026-09-10 10:33:42.768 +02:00 [INF] HTTP GET /api/employees responded 200 in 8.1274 ms
2026-09-10 10:33:42.795 +02:00 [INF] HTTP GET /api/employees responded 200 in 10.7047 ms
2026-09-10 10:36:50.971 +02:00 [INF] HTTP OPTIONS /api/payroll/periods responded 204 in 5.1165 ms
2026-09-10 10:36:51.263 +02:00 [INF] HTTP GET /api/payroll/periods responded 200 in 287.0415 ms
2026-09-10 10:36:55.957 +02:00 [INF] HTTP OPTIONS /api/leave responded 204 in 4.5640 ms
2026-09-10 10:36:56.062 +02:00 [INF] HTTP GET /api/leave responded 200 in 100.5158 ms
2026-09-10 10:36:58.618 +02:00 [INF] HTTP OPTIONS /api/payslips/periods responded 204 in 6.0605 ms
2026-09-10 10:36:58.683 +02:00 [INF] HTTP GET /api/payslips/periods responded 200 in 59.4298 ms
2026-09-10 10:37:09.986 +02:00 [INF] HTTP OPTIONS /api/settings/leave-types responded 204 in 4.8779 ms
2026-09-10 10:37:10.036 +02:00 [INF] HTTP GET /api/settings/leave-types responded 200 in 45.2277 ms
2026-09-10 10:38:26.359 +02:00 [INF] Server desktop-3ro9ejj:6004:f4ea39f3 caught stopping signal...
2026-09-10 10:38:26.375 +02:00 [INF] Server desktop-3ro9ejj:6004:f4ea39f3 All dispatchers stopped
2026-09-10 10:38:26.385 +02:00 [INF] Server desktop-3ro9ejj:6004:f4ea39f3 successfully reported itself as stopped in 1,6504 ms
2026-09-10 10:38:26.386 +02:00 [INF] Server desktop-3ro9ejj:6004:f4ea39f3 has been stopped in total 20,8155 ms
2026-09-10 10:50:22.415 +02:00 [WRN] No instantiatable types implementing `IEntityTypeConfiguration` were found while scanning assembly 'Payroll.Infrastructure, Version=1.0.0.0, Culture=neutral, PublicKeyToken=null'.
2026-09-10 10:50:27.032 +02:00 [WRN] The WebRootPath was not found: D:\repos\payrollsa\Backend\src\Payroll.Api\wwwroot. Static files may be unavailable.
2026-09-10 10:50:27.242 +02:00 [WRN] The WebRootPath was not found: D:\repos\payrollsa\Backend\src\Payroll.Api\wwwroot. Static files may be unavailable.
2026-09-10 10:50:27.495 +02:00 [INF] Starting Hangfire Server using job storage: 'In-Memory Storage'
2026-09-10 10:50:27.500 +02:00 [INF] Using the following options for Hangfire Server:
    Worker count: 20
    Listening queues: 'default'
    Shutdown timeout: 00:00:15
    Schedule polling interval: 00:00:15
2026-09-10 10:50:27.569 +02:00 [INF] Server desktop-3ro9ejj:35984:ba86b598 successfully announced in 15,1696 ms
2026-09-10 10:50:27.583 +02:00 [INF] Server desktop-3ro9ejj:35984:ba86b598 is starting the registered dispatchers: ServerWatchdog, ServerJobCancellationWatcher, Worker, DelayedJobScheduler, RecurringJobScheduler...
2026-09-10 10:50:27.609 +02:00 [INF] Server desktop-3ro9ejj:35984:ba86b598 all the dispatchers started
2026-09-10 10:50:46.273 +02:00 [WRN] Failed to determine the https port for redirect.
2026-09-10 10:50:46.770 +02:00 [INF] HTTP OPTIONS /api/auth/login responded 204 in 507.9189 ms
2026-09-10 10:50:46.976 +02:00 [WRN] You do not have a valid license key for the Lucky Penny software MediatR. This is allowed for development and testing scenarios. If you are running in production you are required to have a licensed version. Please visit https://luckypennysoftware.com to obtain a valid license.
2026-09-10 10:50:47.911 +02:00 [ERR] Could not persist audit log for /api/auth/login
Microsoft.EntityFrameworkCore.DbUpdateConcurrencyException: The database operation was expected to affect 1 row(s), but actually affected 0 row(s); data may have been modified or deleted since entities were loaded. See https://go.microsoft.com/fwlink/?LinkId=527962 for information on understanding and handling optimistic concurrency exceptions.
   at Microsoft.EntityFrameworkCore.Update.AffectedCountModificationCommandBatch.ThrowAggregateUpdateConcurrencyExceptionAsync(RelationalDataReader reader, Int32 commandIndex, Int32 expectedRowsAffected, Int32 rowsAffected, CancellationToken cancellationToken)
   at Microsoft.EntityFrameworkCore.Update.AffectedCountModificationCommandBatch.ConsumeResultSetWithRowsAffectedOnlyAsync(Int32 commandIndex, RelationalDataReader reader, CancellationToken cancellationToken)
   at Microsoft.EntityFrameworkCore.Update.AffectedCountModificationCommandBatch.ConsumeAsync(RelationalDataReader reader, CancellationToken cancellationToken)
   at Microsoft.EntityFrameworkCore.Update.ReaderModificationCommandBatch.ExecuteAsync(IRelationalConnection connection, CancellationToken cancellationToken)
   at Microsoft.EntityFrameworkCore.Update.ReaderModificationCommandBatch.ExecuteAsync(IRelationalConnection connection, CancellationToken cancellationToken)
   at Microsoft.EntityFrameworkCore.Update.Internal.BatchExecutor.ExecuteAsync(IEnumerable`1 commandBatches, IRelationalConnection connection, CancellationToken cancellationToken)
   at Microsoft.EntityFrameworkCore.Update.Internal.BatchExecutor.ExecuteAsync(IEnumerable`1 commandBatches, IRelationalConnection connection, CancellationToken cancellationToken)
   at Microsoft.EntityFrameworkCore.Update.Internal.BatchExecutor.ExecuteAsync(IEnumerable`1 commandBatches, IRelationalConnection connection, CancellationToken cancellationToken)
   at Microsoft.EntityFrameworkCore.Storage.RelationalDatabase.SaveChangesAsync(IList`1 entries, CancellationToken cancellationToken)
   at Microsoft.EntityFrameworkCore.ChangeTracking.Internal.StateManager.SaveChangesAsync(IList`1 entriesToSave, CancellationToken cancellationToken)
   at Microsoft.EntityFrameworkCore.ChangeTracking.Internal.StateManager.SaveChangesAsync(StateManager stateManager, Boolean acceptAllChangesOnSuccess, CancellationToken cancellationToken)
   at Microsoft.EntityFrameworkCore.DbContext.SaveChangesAsync(Boolean acceptAllChangesOnSuccess, CancellationToken cancellationToken)
   at Payroll.Api.Middleware.AuditMiddleware.InvokeAsync(HttpContext context, AppDbContext db) in D:\repos\payrollsa\Backend\src\Payroll.Api\Middleware\AuditMiddleware.cs:line 47
2026-09-10 10:50:47.958 +02:00 [INF] HTTP POST /api/auth/login responded 200 in 1159.5903 ms
2026-09-10 10:51:06.625 +02:00 [INF] HTTP OPTIONS /api/companies responded 204 in 11.7875 ms
2026-09-10 10:51:06.855 +02:00 [INF] HTTP GET /api/companies responded 200 in 223.3448 ms
2026-09-10 10:51:06.884 +02:00 [INF] HTTP OPTIONS /api/payslips/periods responded 204 in 18.6475 ms
2026-09-10 10:51:07.070 +02:00 [INF] HTTP GET /api/payslips/periods responded 200 in 179.1463 ms
2026-09-10 10:51:07.528 +02:00 [INF] HTTP OPTIONS /api/support/tickets responded 204 in 9.9283 ms
2026-09-10 10:51:07.560 +02:00 [INF] HTTP GET /api/companies responded 200 in 44.4891 ms
2026-09-10 10:51:07.722 +02:00 [INF] HTTP GET /api/support/tickets responded 200 in 187.0274 ms
2026-09-10 10:59:10.316 +02:00 [INF] HTTP OPTIONS /api/settings/leave-types responded 204 in 39.0378 ms
2026-09-10 10:59:10.331 +02:00 [INF] HTTP OPTIONS /api/settings/leave-types responded 204 in 48.8310 ms
2026-09-10 10:59:10.402 +02:00 [INF] HTTP GET /api/settings/leave-types responded 200 in 80.3104 ms
2026-09-10 10:59:10.413 +02:00 [INF] HTTP GET /api/settings/leave-types responded 200 in 15.2958 ms
2026-09-10 10:59:13.007 +02:00 [INF] HTTP OPTIONS /api/dashboard/summary responded 204 in 5.2396 ms
2026-09-10 10:59:13.199 +02:00 [INF] HTTP GET /api/dashboard/summary responded 200 in 187.6286 ms
2026-09-10 10:59:14.340 +02:00 [INF] HTTP OPTIONS /api/payroll/periods responded 204 in 5.2130 ms
2026-09-10 10:59:14.386 +02:00 [INF] HTTP GET /api/payroll/periods responded 200 in 42.0629 ms
2026-09-10 10:59:15.623 +02:00 [INF] HTTP OPTIONS /api/payroll/generate responded 204 in 6.2801 ms
2026-09-10 10:59:15.672 +02:00 [INF] HTTP POST /api/payroll/generate responded 400 in 45.0243 ms
2026-09-10 10:59:19.366 +02:00 [INF] HTTP OPTIONS /api/payroll/c10315d7-c3f3-4db4-b42c-bcd5beca2afe responded 204 in 6.6122 ms
2026-09-10 10:59:19.448 +02:00 [INF] HTTP GET /api/payroll/c10315d7-c3f3-4db4-b42c-bcd5beca2afe responded 200 in 72.0175 ms
2026-09-10 10:59:19.528 +02:00 [INF] HTTP OPTIONS /api/payroll/c10315d7-c3f3-4db4-b42c-bcd5beca2afe/lines responded 204 in 167.0990 ms
2026-09-10 10:59:19.577 +02:00 [WRN] Compiling a query which loads related collections for more than one collection navigation, either via 'Include' or through projection, but no 'QuerySplittingBehavior' has been configured. By default, Entity Framework will use 'QuerySplittingBehavior.SingleQuery', which can potentially result in slow query performance. See https://go.microsoft.com/fwlink/?linkid=2134277 for more information. To identify the query that's triggering this warning call 'ConfigureWarnings(w => w.Throw(RelationalEventId.MultipleCollectionIncludeWarning))'.
2026-09-10 10:59:19.872 +02:00 [INF] HTTP GET /api/payroll/c10315d7-c3f3-4db4-b42c-bcd5beca2afe/lines responded 200 in 338.6969 ms
2026-09-10 11:08:37.168 +02:00 [INF] HTTP OPTIONS /api/payroll/c10315d7-c3f3-4db4-b42c-bcd5beca2afe responded 204 in 15.6145 ms
2026-09-10 11:08:37.179 +02:00 [INF] HTTP OPTIONS /api/payroll/c10315d7-c3f3-4db4-b42c-bcd5beca2afe/lines responded 204 in 21.5019 ms
2026-09-10 11:08:37.183 +02:00 [INF] HTTP GET /api/payroll/c10315d7-c3f3-4db4-b42c-bcd5beca2afe responded 200 in 9.2659 ms
2026-09-10 11:08:37.194 +02:00 [INF] HTTP GET /api/payroll/c10315d7-c3f3-4db4-b42c-bcd5beca2afe/lines responded 200 in 10.4723 ms
2026-09-10 11:08:37.319 +02:00 [INF] HTTP OPTIONS /api/payroll/c10315d7-c3f3-4db4-b42c-bcd5beca2afe/lines responded 204 in 166.2802 ms
2026-09-10 11:08:37.334 +02:00 [INF] HTTP GET /api/payroll/c10315d7-c3f3-4db4-b42c-bcd5beca2afe/lines responded 200 in 10.4396 ms
2026-09-10 11:08:37.344 +02:00 [INF] HTTP OPTIONS /api/payroll/c10315d7-c3f3-4db4-b42c-bcd5beca2afe responded 204 in 186.1229 ms
2026-09-10 11:08:37.352 +02:00 [INF] HTTP GET /api/payroll/c10315d7-c3f3-4db4-b42c-bcd5beca2afe responded 200 in 6.0548 ms
2026-09-10 11:08:38.389 +02:00 [INF] HTTP OPTIONS /api/support/tickets responded 204 in 4.5897 ms
2026-09-10 11:08:38.410 +02:00 [INF] HTTP GET /api/support/tickets responded 200 in 17.8104 ms
2026-09-10 11:09:07.908 +02:00 [INF] HTTP OPTIONS /api/support/tickets responded 204 in 5.6504 ms
2026-09-10 11:09:07.990 +02:00 [INF] HTTP GET /api/support/tickets responded 200 in 71.2251 ms
2026-09-10 11:13:19.574 +02:00 [INF] Server desktop-3ro9ejj:35984:ba86b598 caught stopping signal...
2026-09-10 11:13:19.582 +02:00 [INF] Server desktop-3ro9ejj:35984:ba86b598 All dispatchers stopped
2026-09-10 11:13:19.584 +02:00 [INF] Server desktop-3ro9ejj:35984:ba86b598 successfully reported itself as stopped in 0,7079 ms
2026-09-10 11:13:19.585 +02:00 [INF] Server desktop-3ro9ejj:35984:ba86b598 has been stopped in total 7,3097 ms
2026-09-10 11:16:57.551 +02:00 [WRN] No instantiatable types implementing `IEntityTypeConfiguration` were found while scanning assembly 'Payroll.Infrastructure, Version=1.0.0.0, Culture=neutral, PublicKeyToken=null'.
2026-09-10 11:16:59.137 +02:00 [WRN] The WebRootPath was not found: D:\repos\payrollsa\Backend\src\Payroll.Api\wwwroot. Static files may be unavailable.
2026-09-10 11:16:59.203 +02:00 [WRN] The WebRootPath was not found: D:\repos\payrollsa\Backend\src\Payroll.Api\wwwroot. Static files may be unavailable.
2026-09-10 11:16:59.280 +02:00 [INF] Starting Hangfire Server using job storage: 'In-Memory Storage'
2026-09-10 11:16:59.283 +02:00 [INF] Using the following options for Hangfire Server:
    Worker count: 20
    Listening queues: 'default'
    Shutdown timeout: 00:00:15
    Schedule polling interval: 00:00:15
2026-09-10 11:16:59.305 +02:00 [INF] Server desktop-3ro9ejj:12664:424fa053 successfully announced in 4,6457 ms
2026-09-10 11:16:59.309 +02:00 [INF] Server desktop-3ro9ejj:12664:424fa053 is starting the registered dispatchers: ServerWatchdog, ServerJobCancellationWatcher, Worker, DelayedJobScheduler, RecurringJobScheduler...
2026-09-10 11:16:59.321 +02:00 [INF] Server desktop-3ro9ejj:12664:424fa053 all the dispatchers started
2026-09-10 11:18:56.604 +02:00 [WRN] Failed to determine the https port for redirect.
2026-09-10 11:18:56.848 +02:00 [INF] HTTP OPTIONS /api/companies responded 204 in 252.9411 ms
2026-09-10 11:18:56.849 +02:00 [INF] HTTP OPTIONS /api/support/tickets responded 204 in 255.7473 ms
2026-09-10 11:18:56.858 +02:00 [INF] HTTP OPTIONS /api/support/tickets responded 204 in 263.9830 ms
2026-09-10 11:18:56.867 +02:00 [INF] HTTP OPTIONS /api/companies responded 204 in 273.4916 ms
2026-09-10 11:18:56.976 +02:00 [WRN] You do not have a valid license key for the Lucky Penny software MediatR. This is allowed for development and testing scenarios. If you are running in production you are required to have a licensed version. Please visit https://luckypennysoftware.com to obtain a valid license.
2026-09-10 11:18:56.976 +02:00 [WRN] You do not have a valid license key for the Lucky Penny software MediatR. This is allowed for development and testing scenarios. If you are running in production you are required to have a licensed version. Please visit https://luckypennysoftware.com to obtain a valid license.
2026-09-10 11:18:57.084 +02:00 [INF] HTTP GET /api/companies responded 200 in 223.7006 ms
2026-09-10 11:18:57.094 +02:00 [INF] HTTP GET /api/companies responded 200 in 14.6267 ms
2026-09-10 11:18:57.103 +02:00 [INF] HTTP GET /api/support/tickets responded 200 in 242.7616 ms
2026-09-10 11:18:57.110 +02:00 [INF] HTTP GET /api/support/tickets responded 200 in 9.0861 ms
2026-09-10 11:18:58.050 +02:00 [INF] HTTP GET /api/companies responded 200 in 15.4939 ms
2026-09-10 11:18:58.055 +02:00 [INF] HTTP GET /api/companies responded 200 in 9.4499 ms
2026-09-10 11:18:58.057 +02:00 [INF] HTTP GET /api/support/tickets responded 200 in 8.8821 ms
2026-09-10 11:18:58.215 +02:00 [INF] HTTP GET /api/support/tickets responded 200 in 180.8339 ms
2026-09-10 11:19:01.088 +02:00 [INF] HTTP GET /api/support/tickets responded 200 in 8.4577 ms
2026-09-10 11:19:01.092 +02:00 [INF] HTTP GET /api/support/tickets responded 200 in 7.3286 ms
2026-09-10 11:19:01.256 +02:00 [INF] HTTP GET /api/companies responded 200 in 176.3514 ms
2026-09-10 11:19:01.409 +02:00 [INF] HTTP GET /api/companies responded 200 in 322.7228 ms
2026-09-10 11:19:46.137 +02:00 [INF] HTTP OPTIONS /api/companies responded 204 in 5.9966 ms
2026-09-10 11:19:46.156 +02:00 [INF] HTTP GET /api/companies responded 200 in 10.1817 ms
2026-09-10 11:19:46.162 +02:00 [INF] HTTP OPTIONS /api/management/summary responded 204 in 1.0241 ms
2026-09-10 11:19:46.165 +02:00 [INF] HTTP OPTIONS /api/management/audit responded 204 in 2.0512 ms
2026-09-10 11:19:46.206 +02:00 [INF] HTTP GET /api/management/audit responded 200 in 37.5381 ms
2026-09-10 11:19:46.271 +02:00 [INF] HTTP GET /api/management/summary responded 200 in 104.6427 ms
2026-09-10 11:19:54.976 +02:00 [INF] HTTP OPTIONS /api/companies responded 204 in 4.8198 ms
2026-09-10 11:19:54.991 +02:00 [INF] HTTP GET /api/companies responded 200 in 9.2018 ms
2026-09-10 11:19:55.002 +02:00 [INF] HTTP OPTIONS /api/users responded 204 in 4.1090 ms
2026-09-10 11:19:55.092 +02:00 [INF] HTTP GET /api/users responded 200 in 87.1420 ms
2026-09-10 11:19:55.157 +02:00 [INF] HTTP OPTIONS /api/employees responded 204 in 160.4678 ms
2026-09-10 11:19:55.203 +02:00 [INF] HTTP GET /api/employees responded 200 in 42.3928 ms
2026-09-10 11:20:15.200 +02:00 [INF] HTTP OPTIONS /api/companies responded 204 in 6.1057 ms
2026-09-10 11:20:15.212 +02:00 [INF] HTTP GET /api/companies responded 200 in 8.3945 ms
2026-09-10 11:20:15.220 +02:00 [INF] HTTP OPTIONS /api/payroll/periods responded 204 in 4.1121 ms
2026-09-10 11:20:15.268 +02:00 [INF] HTTP GET /api/payroll/periods responded 200 in 44.4191 ms
2026-09-10 11:20:17.760 +02:00 [INF] HTTP OPTIONS /api/payroll/periods responded 204 in 6.2299 ms
2026-09-10 11:20:17.779 +02:00 [INF] HTTP GET /api/payroll/periods responded 200 in 14.8173 ms
2026-09-10 11:20:21.724 +02:00 [INF] HTTP OPTIONS /api/payroll/c10315d7-c3f3-4db4-b42c-bcd5beca2afe responded 204 in 5.5326 ms
2026-09-10 11:20:21.908 +02:00 [INF] HTTP DELETE /api/payroll/c10315d7-c3f3-4db4-b42c-bcd5beca2afe responded 200 in 178.6967 ms
2026-09-10 11:20:21.916 +02:00 [INF] HTTP GET /api/payroll/periods responded 200 in 4.8436 ms
2026-09-10 11:24:34.225 +02:00 [INF] Server desktop-3ro9ejj:12664:424fa053 caught stopping signal...
2026-09-10 11:24:34.243 +02:00 [INF] Server desktop-3ro9ejj:12664:424fa053 All dispatchers stopped
2026-09-10 11:24:34.253 +02:00 [INF] Server desktop-3ro9ejj:12664:424fa053 successfully reported itself as stopped in 3,2196 ms
2026-09-10 11:24:34.257 +02:00 [INF] Server desktop-3ro9ejj:12664:424fa053 has been stopped in total 18,7087 ms
2026-09-10 11:37:11.571 +02:00 [WRN] No instantiatable types implementing `IEntityTypeConfiguration` were found while scanning assembly 'Payroll.Infrastructure, Version=1.0.0.0, Culture=neutral, PublicKeyToken=null'.
2026-09-10 11:37:12.821 +02:00 [WRN] The WebRootPath was not found: D:\repos\payrollsa\Backend\src\Payroll.Api\wwwroot. Static files may be unavailable.
2026-09-10 11:37:12.892 +02:00 [WRN] The WebRootPath was not found: D:\repos\payrollsa\Backend\src\Payroll.Api\wwwroot. Static files may be unavailable.
2026-09-10 11:37:12.969 +02:00 [INF] Starting Hangfire Server using job storage: 'In-Memory Storage'
2026-09-10 11:37:12.971 +02:00 [INF] Using the following options for Hangfire Server:
    Worker count: 20
    Listening queues: 'default'
    Shutdown timeout: 00:00:15
    Schedule polling interval: 00:00:15
2026-09-10 11:37:12.992 +02:00 [INF] Server desktop-3ro9ejj:38032:0dfea411 successfully announced in 5,1984 ms
2026-09-10 11:37:12.997 +02:00 [INF] Server desktop-3ro9ejj:38032:0dfea411 is starting the registered dispatchers: ServerWatchdog, ServerJobCancellationWatcher, Worker, DelayedJobScheduler, RecurringJobScheduler...
2026-09-10 11:37:13.006 +02:00 [INF] Server desktop-3ro9ejj:38032:0dfea411 all the dispatchers started
2026-09-10 11:37:57.384 +02:00 [WRN] Failed to determine the https port for redirect.
2026-09-10 11:37:57.584 +02:00 [INF] HTTP OPTIONS /api/auth/login responded 204 in 204.5830 ms
2026-09-10 11:37:57.773 +02:00 [WRN] You do not have a valid license key for the Lucky Penny software MediatR. This is allowed for development and testing scenarios. If you are running in production you are required to have a licensed version. Please visit https://luckypennysoftware.com to obtain a valid license.
2026-09-10 11:37:58.112 +02:00 [ERR] Could not persist audit log for /api/auth/login
Microsoft.EntityFrameworkCore.DbUpdateConcurrencyException: The database operation was expected to affect 1 row(s), but actually affected 0 row(s); data may have been modified or deleted since entities were loaded. See https://go.microsoft.com/fwlink/?LinkId=527962 for information on understanding and handling optimistic concurrency exceptions.
   at Microsoft.EntityFrameworkCore.Update.AffectedCountModificationCommandBatch.ThrowAggregateUpdateConcurrencyExceptionAsync(RelationalDataReader reader, Int32 commandIndex, Int32 expectedRowsAffected, Int32 rowsAffected, CancellationToken cancellationToken)
   at Microsoft.EntityFrameworkCore.Update.AffectedCountModificationCommandBatch.ConsumeResultSetWithRowsAffectedOnlyAsync(Int32 commandIndex, RelationalDataReader reader, CancellationToken cancellationToken)
   at Microsoft.EntityFrameworkCore.Update.AffectedCountModificationCommandBatch.ConsumeAsync(RelationalDataReader reader, CancellationToken cancellationToken)
   at Microsoft.EntityFrameworkCore.Update.ReaderModificationCommandBatch.ExecuteAsync(IRelationalConnection connection, CancellationToken cancellationToken)
   at Microsoft.EntityFrameworkCore.Update.ReaderModificationCommandBatch.ExecuteAsync(IRelationalConnection connection, CancellationToken cancellationToken)
   at Microsoft.EntityFrameworkCore.Update.Internal.BatchExecutor.ExecuteAsync(IEnumerable`1 commandBatches, IRelationalConnection connection, CancellationToken cancellationToken)
   at Microsoft.EntityFrameworkCore.Update.Internal.BatchExecutor.ExecuteAsync(IEnumerable`1 commandBatches, IRelationalConnection connection, CancellationToken cancellationToken)
   at Microsoft.EntityFrameworkCore.Update.Internal.BatchExecutor.ExecuteAsync(IEnumerable`1 commandBatches, IRelationalConnection connection, CancellationToken cancellationToken)
   at Microsoft.EntityFrameworkCore.Storage.RelationalDatabase.SaveChangesAsync(IList`1 entries, CancellationToken cancellationToken)
   at Microsoft.EntityFrameworkCore.ChangeTracking.Internal.StateManager.SaveChangesAsync(IList`1 entriesToSave, CancellationToken cancellationToken)
   at Microsoft.EntityFrameworkCore.ChangeTracking.Internal.StateManager.SaveChangesAsync(StateManager stateManager, Boolean acceptAllChangesOnSuccess, CancellationToken cancellationToken)
   at Microsoft.EntityFrameworkCore.DbContext.SaveChangesAsync(Boolean acceptAllChangesOnSuccess, CancellationToken cancellationToken)
   at Payroll.Api.Middleware.AuditMiddleware.InvokeAsync(HttpContext context, AppDbContext db) in D:\repos\payrollsa\Backend\src\Payroll.Api\Middleware\AuditMiddleware.cs:line 47
2026-09-10 11:37:58.142 +02:00 [INF] HTTP POST /api/auth/login responded 200 in 546.0447 ms
2026-09-10 11:37:58.177 +02:00 [INF] HTTP OPTIONS /api/dashboard/summary responded 204 in 12.0733 ms
2026-09-10 11:37:58.187 +02:00 [INF] HTTP OPTIONS /api/dashboard/summary responded 204 in 17.5696 ms
2026-09-10 11:37:58.367 +02:00 [INF] HTTP GET /api/dashboard/summary responded 200 in 184.6156 ms
2026-09-10 11:37:58.373 +02:00 [INF] HTTP GET /api/dashboard/summary responded 200 in 12.3163 ms
2026-09-10 11:38:11.869 +02:00 [INF] HTTP OPTIONS /api/payslips/periods responded 204 in 15.1352 ms
2026-09-10 11:38:11.996 +02:00 [INF] HTTP GET /api/payslips/periods responded 200 in 114.6193 ms
2026-09-10 11:38:22.043 +02:00 [INF] HTTP OPTIONS /api/dashboard/summary responded 204 in 7.3769 ms
2026-09-10 11:38:22.064 +02:00 [INF] HTTP GET /api/dashboard/summary responded 200 in 17.4827 ms
2026-09-10 11:38:22.918 +02:00 [INF] HTTP OPTIONS /api/employees responded 204 in 5.5849 ms
2026-09-10 11:38:22.968 +02:00 [INF] HTTP GET /api/employees responded 200 in 45.4674 ms
2026-09-10 11:38:24.277 +02:00 [INF] HTTP OPTIONS /api/payroll/periods responded 204 in 6.7840 ms
2026-09-10 11:38:24.304 +02:00 [INF] HTTP GET /api/payroll/periods responded 200 in 23.0347 ms
2026-09-10 11:38:28.008 +02:00 [INF] HTTP OPTIONS /api/leave responded 204 in 5.3981 ms
2026-09-10 11:38:28.049 +02:00 [INF] HTTP GET /api/leave responded 200 in 35.7693 ms
2026-09-10 11:38:32.015 +02:00 [INF] HTTP OPTIONS /api/payslips/periods responded 204 in 4.7826 ms
2026-09-10 11:38:32.029 +02:00 [INF] HTTP GET /api/payslips/periods responded 200 in 9.6626 ms
2026-09-10 11:38:34.857 +02:00 [INF] HTTP OPTIONS /api/support/tickets responded 204 in 5.5886 ms
2026-09-10 11:38:34.925 +02:00 [INF] HTTP GET /api/support/tickets responded 200 in 61.3281 ms
2026-09-10 11:38:40.623 +02:00 [INF] HTTP OPTIONS /api/companies/6266b913-2edc-4388-9585-0fd6464bf4eb responded 204 in 4.8274 ms
2026-09-10 11:38:40.718 +02:00 [INF] HTTP GET /api/companies/6266b913-2edc-4388-9585-0fd6464bf4eb responded 200 in 89.2136 ms
2026-09-10 11:38:49.055 +02:00 [INF] HTTP OPTIONS /api/employees responded 204 in 7.4476 ms
2026-09-10 11:38:49.070 +02:00 [INF] HTTP GET /api/employees responded 200 in 8.6850 ms
2026-09-10 11:38:49.221 +02:00 [INF] HTTP OPTIONS /api/users responded 204 in 170.8864 ms
2026-09-10 11:38:49.341 +02:00 [INF] HTTP GET /api/users responded 200 in 116.0118 ms
2026-09-10 11:38:51.322 +02:00 [INF] HTTP OPTIONS /api/settings/deduction-types responded 204 in 6.0756 ms
2026-09-10 11:38:51.361 +02:00 [INF] HTTP GET /api/settings/deduction-types responded 200 in 32.8721 ms
2026-09-10 11:38:51.488 +02:00 [INF] HTTP OPTIONS /api/settings/earning-types responded 204 in 172.1308 ms
2026-09-10 11:38:51.514 +02:00 [INF] HTTP GET /api/settings/earning-types responded 200 in 22.7414 ms
2026-09-10 11:39:00.870 +02:00 [INF] HTTP OPTIONS /api/settings/deduction-types responded 204 in 5.7114 ms
2026-09-10 11:39:00.887 +02:00 [INF] HTTP GET /api/settings/deduction-types responded 200 in 8.7578 ms
2026-09-10 11:39:01.026 +02:00 [INF] HTTP OPTIONS /api/employees responded 204 in 163.2730 ms
2026-09-10 11:39:01.036 +02:00 [INF] HTTP GET /api/employees responded 200 in 6.0449 ms
2026-09-10 11:39:08.796 +02:00 [INF] HTTP OPTIONS /api/payroll/periods responded 204 in 8.2657 ms
2026-09-10 11:39:08.815 +02:00 [INF] HTTP GET /api/payroll/periods responded 200 in 11.6214 ms
2026-09-10 11:39:08.821 +02:00 [INF] HTTP OPTIONS /api/settings/earning-types responded 204 in 31.4264 ms
2026-09-10 11:39:08.838 +02:00 [INF] HTTP GET /api/settings/earning-types responded 200 in 7.9411 ms
2026-09-10 11:39:08.960 +02:00 [INF] HTTP OPTIONS /api/employees responded 204 in 172.7871 ms
2026-09-10 11:39:08.969 +02:00 [INF] HTTP GET /api/employees responded 200 in 4.5031 ms
2026-09-10 11:39:12.144 +02:00 [INF] HTTP OPTIONS /api/departments responded 204 in 5.7080 ms
2026-09-10 11:39:12.179 +02:00 [ERR] Failed executing DbCommand (4ms) [Parameters=[@companyId='?' (DbType = Guid)], CommandType='"Text"', CommandTimeout='30']
SELECT "d"."Id", "d"."CompanyId", "d"."Name", "d"."IsSystemDepartment", "d"."IsDefault"
FROM "Departments" AS "d"
WHERE "d"."CompanyId" = @companyId AND NOT ("d"."IsDeleted")
ORDER BY "d"."IsSystemDepartment" DESC, "d"."Name"
2026-09-10 11:39:12.187 +02:00 [ERR] An exception occurred while iterating over the results of a query for context type 'Payroll.Infrastructure.Persistence.AppDbContext'.
Microsoft.Data.Sqlite.SqliteException (0x80004005): SQLite Error 1: 'no such column: d.IsDefault'.
   at Microsoft.Data.Sqlite.SqliteCommand.PrepareAndEnumerateStatements()+MoveNext()
   at Microsoft.Data.Sqlite.SqliteCommand.GetStatements()+MoveNext()
   at Microsoft.Data.Sqlite.SqliteDataReader.NextResult()
   at Microsoft.Data.Sqlite.SqliteCommand.ExecuteReader(CommandBehavior behavior)
   at Microsoft.Data.Sqlite.SqliteCommand.ExecuteDbDataReaderAsync(CommandBehavior behavior, CancellationToken cancellationToken)
   at Microsoft.EntityFrameworkCore.Storage.RelationalCommand.ExecuteReaderAsync(RelationalCommandParameterObject parameterObject, CancellationToken cancellationToken)
   at Microsoft.EntityFrameworkCore.Storage.RelationalCommand.ExecuteReaderAsync(RelationalCommandParameterObject parameterObject, CancellationToken cancellationToken)
   at Microsoft.EntityFrameworkCore.Query.Internal.SingleQueryingEnumerable`1.AsyncEnumerator.InitializeReaderAsync(AsyncEnumerator enumerator, CancellationToken cancellationToken)
   at Microsoft.EntityFrameworkCore.Query.Internal.SingleQueryingEnumerable`1.AsyncEnumerator.MoveNextAsync()
Microsoft.Data.Sqlite.SqliteException (0x80004005): SQLite Error 1: 'no such column: d.IsDefault'.
   at Microsoft.Data.Sqlite.SqliteCommand.PrepareAndEnumerateStatements()+MoveNext()
   at Microsoft.Data.Sqlite.SqliteCommand.GetStatements()+MoveNext()
   at Microsoft.Data.Sqlite.SqliteDataReader.NextResult()
   at Microsoft.Data.Sqlite.SqliteCommand.ExecuteReader(CommandBehavior behavior)
   at Microsoft.Data.Sqlite.SqliteCommand.ExecuteDbDataReaderAsync(CommandBehavior behavior, CancellationToken cancellationToken)
   at Microsoft.EntityFrameworkCore.Storage.RelationalCommand.ExecuteReaderAsync(RelationalCommandParameterObject parameterObject, CancellationToken cancellationToken)
   at Microsoft.EntityFrameworkCore.Storage.RelationalCommand.ExecuteReaderAsync(RelationalCommandParameterObject parameterObject, CancellationToken cancellationToken)
   at Microsoft.EntityFrameworkCore.Query.Internal.SingleQueryingEnumerable`1.AsyncEnumerator.InitializeReaderAsync(AsyncEnumerator enumerator, CancellationToken cancellationToken)
   at Microsoft.EntityFrameworkCore.Query.Internal.SingleQueryingEnumerable`1.AsyncEnumerator.MoveNextAsync()
2026-09-10 11:39:12.200 +02:00 [ERR] Unhandled exception: SQLite Error 1: 'no such column: d.IsDefault'.
Microsoft.Data.Sqlite.SqliteException (0x80004005): SQLite Error 1: 'no such column: d.IsDefault'.
   at Microsoft.Data.Sqlite.SqliteCommand.PrepareAndEnumerateStatements()+MoveNext()
   at Microsoft.Data.Sqlite.SqliteCommand.GetStatements()+MoveNext()
   at Microsoft.Data.Sqlite.SqliteDataReader.NextResult()
   at Microsoft.Data.Sqlite.SqliteCommand.ExecuteReader(CommandBehavior behavior)
   at Microsoft.Data.Sqlite.SqliteCommand.ExecuteDbDataReaderAsync(CommandBehavior behavior, CancellationToken cancellationToken)
   at Microsoft.EntityFrameworkCore.Storage.RelationalCommand.ExecuteReaderAsync(RelationalCommandParameterObject parameterObject, CancellationToken cancellationToken)
   at Microsoft.EntityFrameworkCore.Storage.RelationalCommand.ExecuteReaderAsync(RelationalCommandParameterObject parameterObject, CancellationToken cancellationToken)
   at Microsoft.EntityFrameworkCore.Query.Internal.SingleQueryingEnumerable`1.AsyncEnumerator.InitializeReaderAsync(AsyncEnumerator enumerator, CancellationToken cancellationToken)
   at Microsoft.EntityFrameworkCore.Query.Internal.SingleQueryingEnumerable`1.AsyncEnumerator.MoveNextAsync()
   at Microsoft.EntityFrameworkCore.EntityFrameworkQueryableExtensions.ToListAsync[TSource](IQueryable`1 source, CancellationToken cancellationToken)
   at Microsoft.EntityFrameworkCore.EntityFrameworkQueryableExtensions.ToListAsync[TSource](IQueryable`1 source, CancellationToken cancellationToken)
   at Payroll.Application.Employees.GetDepartmentsHandler.Handle(GetDepartmentsQuery request, CancellationToken ct) in D:\repos\payrollsa\Backend\src\Payroll.Application\Employees\DepartmentOperations.cs:line 19
   at Payroll.Application.Common.Behaviours.LoggingBehaviour`2.Handle(TRequest request, RequestHandlerDelegate`1 next, CancellationToken ct) in D:\repos\payrollsa\Backend\src\Payroll.Application\Common\Behaviours\LoggingBehaviour.cs:line 14
   at Payroll.Application.Common.Behaviours.ValidationBehaviour`2.Handle(TRequest request, RequestHandlerDelegate`1 next, CancellationToken ct) in D:\repos\payrollsa\Backend\src\Payroll.Application\Common\Behaviours\ValidationBehaviour.cs:line 15
   at Payroll.Api.Controllers.DepartmentsController.GetAll(Guid companyId, CancellationToken ct) in D:\repos\payrollsa\Backend\src\Payroll.Api\Controllers\DepartmentsController.cs:line 15
   at Microsoft.AspNetCore.Mvc.Infrastructure.ActionMethodExecutor.TaskOfIActionResultExecutor.Execute(ActionContext actionContext, IActionResultTypeMapper mapper, ObjectMethodExecutor executor, Object controller, Object[] arguments)
   at Microsoft.AspNetCore.Mvc.Infrastructure.ControllerActionInvoker.<InvokeActionMethodAsync>g__Awaited|12_0(ControllerActionInvoker invoker, ValueTask`1 actionResultValueTask)
   at Microsoft.AspNetCore.Mvc.Infrastructure.ControllerActionInvoker.<InvokeNextActionFilterAsync>g__Awaited|10_0(ControllerActionInvoker invoker, Task lastTask, State next, Scope scope, Object state, Boolean isCompleted)
   at Microsoft.AspNetCore.Mvc.Infrastructure.ControllerActionInvoker.Rethrow(ActionExecutedContextSealed context)
   at Microsoft.AspNetCore.Mvc.Infrastructure.ControllerActionInvoker.Next(State& next, Scope& scope, Object& state, Boolean& isCompleted)
   at Microsoft.AspNetCore.Mvc.Infrastructure.ControllerActionInvoker.InvokeInnerFilterAsync()
--- End of stack trace from previous location ---
   at Microsoft.AspNetCore.Mvc.Infrastructure.ResourceInvoker.<InvokeFilterPipelineAsync>g__Awaited|20_0(ResourceInvoker invoker, Task lastTask, State next, Scope scope, Object state, Boolean isCompleted)
   at Microsoft.AspNetCore.Mvc.Infrastructure.ResourceInvoker.<InvokeAsync>g__Awaited|17_0(ResourceInvoker invoker, Task task, IDisposable scope)
   at Microsoft.AspNetCore.Mvc.Infrastructure.ResourceInvoker.<InvokeAsync>g__Awaited|17_0(ResourceInvoker invoker, Task task, IDisposable scope)
   at Swashbuckle.AspNetCore.SwaggerUI.SwaggerUIMiddleware.Invoke(HttpContext httpContext)
   at Swashbuckle.AspNetCore.Swagger.SwaggerMiddleware.Invoke(HttpContext httpContext, ISwaggerProvider swaggerProvider)
   at Microsoft.AspNetCore.Authorization.AuthorizationMiddleware.Invoke(HttpContext context)
   at Microsoft.AspNetCore.Authentication.AuthenticationMiddleware.Invoke(HttpContext context)
   at Payroll.Api.Middleware.AuditMiddleware.InvokeAsync(HttpContext context, AppDbContext db) in D:\repos\payrollsa\Backend\src\Payroll.Api\Middleware\AuditMiddleware.cs:line 16
   at Payroll.Api.Middleware.AuditMiddleware.InvokeAsync(HttpContext context, AppDbContext db) in D:\repos\payrollsa\Backend\src\Payroll.Api\Middleware\AuditMiddleware.cs:line 54
   at Payroll.Api.Middleware.ExceptionMiddleware.InvokeAsync(HttpContext context) in D:\repos\payrollsa\Backend\src\Payroll.Api\Middleware\ExceptionMiddleware.cs:line 14
2026-09-10 11:39:12.224 +02:00 [ERR] HTTP GET /api/departments responded 500 in 75.3633 ms
2026-09-10 11:39:18.386 +02:00 [INF] HTTP OPTIONS /api/settings/leave-types responded 204 in 3.9136 ms
2026-09-10 11:39:18.419 +02:00 [INF] HTTP GET /api/settings/leave-types responded 200 in 27.7014 ms
2026-09-10 11:39:20.246 +02:00 [INF] HTTP OPTIONS /api/tax/year responded 204 in 3.6962 ms
2026-09-10 11:39:20.273 +02:00 [WRN] Compiling a query which loads related collections for more than one collection navigation, either via 'Include' or through projection, but no 'QuerySplittingBehavior' has been configured. By default, Entity Framework will use 'QuerySplittingBehavior.SingleQuery', which can potentially result in slow query performance. See https://go.microsoft.com/fwlink/?linkid=2134277 for more information. To identify the query that's triggering this warning call 'ConfigureWarnings(w => w.Throw(RelationalEventId.MultipleCollectionIncludeWarning))'.
2026-09-10 11:39:20.401 +02:00 [INF] HTTP GET /api/tax/year responded 200 in 150.5257 ms
2026-09-10 11:39:21.349 +02:00 [INF] HTTP GET /api/settings/leave-types responded 200 in 12.2036 ms
2026-09-10 11:50:03.182 +02:00 [INF] HTTP OPTIONS /api/tax/year responded 204 in 11.6375 ms
2026-09-10 11:50:03.194 +02:00 [INF] HTTP GET /api/tax/year responded 200 in 8.4650 ms
2026-09-10 11:50:04.789 +02:00 [INF] HTTP OPTIONS /api/support/tickets responded 204 in 7.1036 ms
2026-09-10 11:50:04.798 +02:00 [INF] HTTP GET /api/support/tickets responded 200 in 6.3422 ms
2026-09-10 11:50:06.392 +02:00 [INF] HTTP OPTIONS /api/leave responded 204 in 5.7903 ms
2026-09-10 11:50:06.400 +02:00 [INF] HTTP GET /api/leave responded 200 in 6.1651 ms
2026-09-10 11:50:06.800 +02:00 [INF] HTTP OPTIONS /api/payroll/periods responded 204 in 6.7087 ms
2026-09-10 11:50:06.810 +02:00 [INF] HTTP GET /api/payroll/periods responded 200 in 6.7323 ms
2026-09-10 11:50:08.696 +02:00 [INF] HTTP OPTIONS /api/employees responded 204 in 4.8710 ms
2026-09-10 11:50:08.712 +02:00 [INF] HTTP GET /api/employees responded 200 in 8.8362 ms
2026-09-10 11:50:08.719 +02:00 [INF] HTTP OPTIONS /api/settings/deduction-types responded 204 in 25.6767 ms
2026-09-10 11:50:08.731 +02:00 [INF] HTTP GET /api/settings/deduction-types responded 200 in 6.9973 ms
2026-09-10 11:50:10.988 +02:00 [INF] HTTP OPTIONS /api/dashboard/summary responded 204 in 4.1465 ms
2026-09-10 11:50:10.999 +02:00 [INF] HTTP GET /api/dashboard/summary responded 200 in 6.3564 ms
2026-09-10 11:50:27.685 +02:00 [INF] HTTP OPTIONS /api/leave responded 204 in 5.2747 ms
2026-09-10 11:50:27.697 +02:00 [INF] HTTP GET /api/leave responded 200 in 7.2232 ms
2026-09-10 11:50:28.359 +02:00 [INF] HTTP OPTIONS /api/payroll/periods responded 204 in 7.4978 ms
2026-09-10 11:50:28.372 +02:00 [INF] HTTP GET /api/payroll/periods responded 200 in 7.5954 ms
2026-09-10 11:50:29.747 +02:00 [INF] HTTP OPTIONS /api/payslips/periods responded 204 in 6.8097 ms
2026-09-10 11:50:29.756 +02:00 [INF] HTTP GET /api/payslips/periods responded 200 in 6.3467 ms
2026-09-10 11:50:30.234 +02:00 [INF] HTTP OPTIONS /api/employees responded 204 in 4.7543 ms
2026-09-10 11:50:30.243 +02:00 [INF] HTTP GET /api/employees responded 200 in 4.7975 ms
2026-09-10 11:54:58.680 +02:00 [INF] HTTP OPTIONS /api/employees responded 204 in 5.4662 ms
2026-09-10 11:54:58.689 +02:00 [INF] HTTP GET /api/employees responded 200 in 4.9281 ms
2026-09-10 11:54:58.715 +02:00 [INF] HTTP GET /api/employees responded 200 in 6.4704 ms
2026-09-10 12:08:16.044 +02:00 [INF] HTTP OPTIONS /api/companies responded 204 in 13.4250 ms
2026-09-10 12:08:16.059 +02:00 [INF] HTTP GET /api/companies responded 401 in 11.1119 ms
2026-09-10 12:08:16.221 +02:00 [INF] HTTP OPTIONS /api/companies responded 204 in 179.0156 ms
2026-09-10 12:08:16.230 +02:00 [INF] HTTP GET /api/companies responded 401 in 3.9954 ms
2026-09-10 12:08:26.554 +02:00 [INF] HTTP OPTIONS /api/auth/login responded 204 in 5.6960 ms
2026-09-10 12:08:26.618 +02:00 [ERR] Could not persist audit log for /api/auth/login
Microsoft.EntityFrameworkCore.DbUpdateConcurrencyException: The database operation was expected to affect 1 row(s), but actually affected 0 row(s); data may have been modified or deleted since entities were loaded. See https://go.microsoft.com/fwlink/?LinkId=527962 for information on understanding and handling optimistic concurrency exceptions.
   at Microsoft.EntityFrameworkCore.Update.AffectedCountModificationCommandBatch.ThrowAggregateUpdateConcurrencyExceptionAsync(RelationalDataReader reader, Int32 commandIndex, Int32 expectedRowsAffected, Int32 rowsAffected, CancellationToken cancellationToken)
   at Microsoft.EntityFrameworkCore.Update.AffectedCountModificationCommandBatch.ConsumeResultSetWithRowsAffectedOnlyAsync(Int32 commandIndex, RelationalDataReader reader, CancellationToken cancellationToken)
   at Microsoft.EntityFrameworkCore.Update.AffectedCountModificationCommandBatch.ConsumeAsync(RelationalDataReader reader, CancellationToken cancellationToken)
   at Microsoft.EntityFrameworkCore.Update.ReaderModificationCommandBatch.ExecuteAsync(IRelationalConnection connection, CancellationToken cancellationToken)
   at Microsoft.EntityFrameworkCore.Update.ReaderModificationCommandBatch.ExecuteAsync(IRelationalConnection connection, CancellationToken cancellationToken)
   at Microsoft.EntityFrameworkCore.Update.Internal.BatchExecutor.ExecuteAsync(IEnumerable`1 commandBatches, IRelationalConnection connection, CancellationToken cancellationToken)
   at Microsoft.EntityFrameworkCore.Update.Internal.BatchExecutor.ExecuteAsync(IEnumerable`1 commandBatches, IRelationalConnection connection, CancellationToken cancellationToken)
   at Microsoft.EntityFrameworkCore.Update.Internal.BatchExecutor.ExecuteAsync(IEnumerable`1 commandBatches, IRelationalConnection connection, CancellationToken cancellationToken)
   at Microsoft.EntityFrameworkCore.Storage.RelationalDatabase.SaveChangesAsync(IList`1 entries, CancellationToken cancellationToken)
   at Microsoft.EntityFrameworkCore.ChangeTracking.Internal.StateManager.SaveChangesAsync(IList`1 entriesToSave, CancellationToken cancellationToken)
   at Microsoft.EntityFrameworkCore.ChangeTracking.Internal.StateManager.SaveChangesAsync(StateManager stateManager, Boolean acceptAllChangesOnSuccess, CancellationToken cancellationToken)
   at Microsoft.EntityFrameworkCore.DbContext.SaveChangesAsync(Boolean acceptAllChangesOnSuccess, CancellationToken cancellationToken)
   at Payroll.Api.Middleware.AuditMiddleware.InvokeAsync(HttpContext context, AppDbContext db) in D:\repos\payrollsa\Backend\src\Payroll.Api\Middleware\AuditMiddleware.cs:line 47
2026-09-10 12:08:26.621 +02:00 [INF] HTTP POST /api/auth/login responded 200 in 64.1499 ms
2026-09-10 12:08:44.571 +02:00 [INF] HTTP OPTIONS /api/employees responded 204 in 4.1013 ms
2026-09-10 12:08:44.576 +02:00 [INF] HTTP OPTIONS /api/employees responded 204 in 3.7998 ms
2026-09-10 12:08:44.583 +02:00 [INF] HTTP GET /api/employees responded 200 in 6.9559 ms
2026-09-10 12:08:44.590 +02:00 [INF] HTTP GET /api/employees responded 200 in 6.1087 ms
2026-09-10 12:08:54.470 +02:00 [INF] HTTP OPTIONS /api/leave responded 204 in 5.1398 ms
2026-09-10 12:08:54.479 +02:00 [INF] HTTP GET /api/leave responded 200 in 4.9668 ms
2026-09-10 12:08:55.036 +02:00 [INF] HTTP OPTIONS /api/payroll/periods responded 204 in 4.1688 ms
2026-09-10 12:08:55.044 +02:00 [INF] HTTP GET /api/payroll/periods responded 200 in 5.3759 ms
2026-09-10 12:08:56.006 +02:00 [INF] HTTP OPTIONS /api/payslips/periods responded 204 in 3.8406 ms
2026-09-10 12:08:56.014 +02:00 [INF] HTTP GET /api/payslips/periods responded 200 in 4.5269 ms
2026-09-10 12:08:57.679 +02:00 [INF] HTTP OPTIONS /api/support/tickets responded 204 in 4.3411 ms
2026-09-10 12:08:57.698 +02:00 [INF] HTTP GET /api/support/tickets responded 200 in 13.3453 ms
2026-09-10 12:09:00.444 +02:00 [INF] HTTP OPTIONS /api/employees responded 204 in 8.1838 ms
2026-09-10 12:09:00.447 +02:00 [INF] HTTP OPTIONS /api/users responded 204 in 9.7380 ms
2026-09-10 12:09:00.457 +02:00 [INF] HTTP GET /api/employees responded 200 in 5.8798 ms
2026-09-10 12:09:00.470 +02:00 [INF] HTTP GET /api/users responded 200 in 13.0739 ms
2026-09-10 12:09:02.289 +02:00 [INF] HTTP OPTIONS /api/leave responded 204 in 6.7710 ms
2026-09-10 12:09:02.296 +02:00 [INF] HTTP GET /api/leave responded 200 in 4.6566 ms
2026-09-10 12:09:03.646 +02:00 [INF] HTTP OPTIONS /api/payroll/periods responded 204 in 6.1997 ms
2026-09-10 12:09:03.656 +02:00 [INF] HTTP GET /api/payroll/periods responded 200 in 5.1134 ms
2026-09-10 12:09:04.976 +02:00 [INF] HTTP OPTIONS /api/companies/6266b913-2edc-4388-9585-0fd6464bf4eb responded 204 in 4.3518 ms
2026-09-10 12:09:04.989 +02:00 [INF] HTTP GET /api/companies/6266b913-2edc-4388-9585-0fd6464bf4eb responded 200 in 7.6889 ms
2026-09-10 12:09:06.327 +02:00 [INF] HTTP OPTIONS /api/settings/earning-types responded 204 in 3.1682 ms
2026-09-10 12:09:06.337 +02:00 [INF] HTTP GET /api/settings/earning-types responded 200 in 5.6518 ms
2026-09-10 12:09:06.494 +02:00 [INF] HTTP OPTIONS /api/settings/deduction-types responded 204 in 169.3812 ms
2026-09-10 12:09:06.501 +02:00 [INF] HTTP GET /api/settings/deduction-types responded 200 in 4.0229 ms
2026-09-10 12:10:18.614 +02:00 [INF] HTTP OPTIONS /api/settings/deduction-types responded 204 in 3.6763 ms
2026-09-10 12:10:18.628 +02:00 [INF] HTTP OPTIONS /api/settings/deduction-types responded 204 in 4.1722 ms
2026-09-10 12:10:18.640 +02:00 [INF] HTTP GET /api/settings/deduction-types responded 200 in 3.8193 ms
2026-09-10 12:10:18.644 +02:00 [INF] HTTP GET /api/settings/deduction-types responded 200 in 4.6536 ms
2026-09-10 12:10:18.658 +02:00 [INF] HTTP OPTIONS /api/settings/earning-types responded 204 in 15.2481 ms
2026-09-10 12:10:18.666 +02:00 [INF] HTTP GET /api/settings/earning-types responded 200 in 4.4229 ms
2026-09-10 12:10:18.776 +02:00 [INF] HTTP OPTIONS /api/settings/earning-types responded 204 in 165.2587 ms
2026-09-10 12:10:18.785 +02:00 [INF] HTTP GET /api/settings/earning-types responded 200 in 3.7537 ms
2026-09-10 12:10:32.568 +02:00 [INF] HTTP GET /index.html responded 404 in 8.8522 ms
2026-09-10 12:10:46.169 +02:00 [INF] HTTP OPTIONS /api/settings/deduction-types responded 204 in 3.4015 ms
2026-09-10 12:10:46.175 +02:00 [INF] HTTP OPTIONS /api/settings/deduction-types responded 204 in 3.2177 ms
2026-09-10 12:10:46.181 +02:00 [INF] HTTP GET /api/settings/deduction-types responded 200 in 5.1860 ms
2026-09-10 12:10:46.196 +02:00 [INF] HTTP GET /api/settings/deduction-types responded 200 in 16.3042 ms
2026-09-10 12:10:46.332 +02:00 [INF] HTTP OPTIONS /api/settings/earning-types responded 204 in 166.6342 ms
2026-09-10 12:10:46.339 +02:00 [INF] HTTP GET /api/settings/earning-types responded 200 in 4.0258 ms
2026-09-10 12:10:46.496 +02:00 [INF] HTTP OPTIONS /api/settings/earning-types responded 204 in 323.8581 ms
2026-09-10 12:10:46.504 +02:00 [INF] HTTP GET /api/settings/earning-types responded 200 in 4.8685 ms
2026-09-10 12:10:46.972 +02:00 [INF] HTTP OPTIONS /api/companies/6266b913-2edc-4388-9585-0fd6464bf4eb responded 204 in 4.7290 ms
2026-09-10 12:10:46.981 +02:00 [INF] HTTP GET /api/companies/6266b913-2edc-4388-9585-0fd6464bf4eb responded 200 in 5.4342 ms
2026-09-10 12:10:47.551 +02:00 [INF] HTTP OPTIONS /api/employees responded 204 in 3.8970 ms
2026-09-10 12:10:47.560 +02:00 [INF] HTTP GET /api/employees responded 200 in 5.3070 ms
2026-09-10 12:10:47.707 +02:00 [INF] HTTP OPTIONS /api/users responded 204 in 159.9197 ms
2026-09-10 12:10:47.720 +02:00 [INF] HTTP GET /api/users responded 200 in 6.5593 ms
2026-09-10 12:10:48.269 +02:00 [INF] HTTP GET /api/settings/earning-types responded 200 in 4.8311 ms
2026-09-10 12:10:48.429 +02:00 [INF] HTTP GET /api/settings/deduction-types responded 200 in 161.5213 ms
2026-09-10 12:10:49.211 +02:00 [INF] HTTP GET /api/employees responded 200 in 8.8779 ms
2026-09-10 12:10:49.377 +02:00 [INF] HTTP GET /api/settings/deduction-types responded 200 in 174.6704 ms
2026-09-10 12:10:49.882 +02:00 [INF] HTTP OPTIONS /api/payroll/periods responded 204 in 4.0115 ms
2026-09-10 12:10:49.890 +02:00 [INF] HTTP GET /api/payroll/periods responded 200 in 4.1632 ms
2026-09-10 12:10:50.349 +02:00 [INF] HTTP OPTIONS /api/leave responded 204 in 4.5061 ms
2026-09-10 12:10:50.359 +02:00 [INF] HTTP GET /api/leave responded 200 in 5.2994 ms
2026-09-10 12:28:30.637 +02:00 [INF] HTTP OPTIONS /api/leave responded 204 in 10.2611 ms
2026-09-10 12:28:30.661 +02:00 [INF] HTTP OPTIONS /api/leave responded 204 in 3.5238 ms
2026-09-10 12:28:30.665 +02:00 [INF] HTTP GET /api/leave responded 200 in 4.1587 ms
2026-09-10 12:28:30.669 +02:00 [INF] HTTP GET /api/leave responded 200 in 3.9260 ms
2026-09-10 12:34:03.529 +02:00 [INF] HTTP OPTIONS /api/auth/login responded 204 in 4.4862 ms
2026-09-10 12:34:07.688 +02:00 [INF] HTTP OPTIONS /api/auth/login responded 204 in 3.7673 ms
2026-09-10 12:34:18.073 +02:00 [INF] HTTP OPTIONS /api/auth/login responded 204 in 5.5867 ms
2026-09-10 12:34:33.965 +02:00 [INF] HTTP OPTIONS /api/auth/login responded 204 in 4.3491 ms
2026-09-10 12:34:35.293 +02:00 [INF] HTTP OPTIONS /api/auth/login responded 204 in 6.3972 ms
2026-09-10 12:34:35.478 +02:00 [INF] HTTP OPTIONS /api/auth/login responded 204 in 6.9752 ms
2026-09-10 12:34:35.698 +02:00 [INF] HTTP OPTIONS /api/auth/login responded 204 in 5.6485 ms
2026-09-10 12:34:41.016 +02:00 [INF] HTTP OPTIONS /api/auth/login responded 204 in 3.7347 ms
2026-09-10 12:41:54.350 +02:00 [INF] HTTP OPTIONS /api/auth/login responded 204 in 13.7066 ms
2026-09-10 12:41:58.425 +02:00 [INF] HTTP OPTIONS /api/auth/login responded 204 in 3.5687 ms
2026-09-10 12:42:57.307 +02:00 [INF] HTTP OPTIONS /api/auth/login responded 204 in 4.2688 ms
2026-09-10 12:42:59.473 +02:00 [INF] HTTP OPTIONS /api/auth/login responded 204 in 5.5313 ms
2026-09-10 12:43:02.663 +02:00 [INF] Server desktop-3ro9ejj:38032:0dfea411 caught stopping signal...
2026-09-10 12:43:02.675 +02:00 [INF] Server desktop-3ro9ejj:38032:0dfea411 All dispatchers stopped
2026-09-10 12:43:02.681 +02:00 [INF] Server desktop-3ro9ejj:38032:0dfea411 successfully reported itself as stopped in 3,3208 ms
2026-09-10 12:43:02.683 +02:00 [INF] Server desktop-3ro9ejj:38032:0dfea411 has been stopped in total 16,2636 ms
2026-09-10 12:43:27.244 +02:00 [WRN] No instantiatable types implementing `IEntityTypeConfiguration` were found while scanning assembly 'Payroll.Infrastructure, Version=1.0.0.0, Culture=neutral, PublicKeyToken=null'.
2026-09-10 12:43:29.171 +02:00 [WRN] The WebRootPath was not found: D:\repos\payrollsa\Backend\src\Payroll.Api\wwwroot. Static files may be unavailable.
2026-09-10 12:43:29.241 +02:00 [WRN] The WebRootPath was not found: D:\repos\payrollsa\Backend\src\Payroll.Api\wwwroot. Static files may be unavailable.
2026-09-10 12:43:29.311 +02:00 [INF] Starting Hangfire Server using job storage: 'In-Memory Storage'
2026-09-10 12:43:29.313 +02:00 [INF] Using the following options for Hangfire Server:
    Worker count: 20
    Listening queues: 'default'
    Shutdown timeout: 00:00:15
    Schedule polling interval: 00:00:15
2026-09-10 12:43:29.332 +02:00 [INF] Server desktop-3ro9ejj:36220:2ed1d58f successfully announced in 4,421 ms
2026-09-10 12:43:29.336 +02:00 [INF] Server desktop-3ro9ejj:36220:2ed1d58f is starting the registered dispatchers: ServerWatchdog, ServerJobCancellationWatcher, Worker, DelayedJobScheduler, RecurringJobScheduler...
2026-09-10 12:43:29.342 +02:00 [INF] Server desktop-3ro9ejj:36220:2ed1d58f all the dispatchers started
2026-09-10 12:43:35.103 +02:00 [INF] Server desktop-3ro9ejj:36220:2ed1d58f caught stopping signal...
2026-09-10 12:43:35.108 +02:00 [INF] Server desktop-3ro9ejj:36220:2ed1d58f All dispatchers stopped
2026-09-10 12:43:35.112 +02:00 [INF] Server desktop-3ro9ejj:36220:2ed1d58f successfully reported itself as stopped in 1,2443 ms
2026-09-10 12:43:35.114 +02:00 [INF] Server desktop-3ro9ejj:36220:2ed1d58f has been stopped in total 8,4297 ms
2026-09-10 12:43:43.641 +02:00 [WRN] No instantiatable types implementing `IEntityTypeConfiguration` were found while scanning assembly 'Payroll.Infrastructure, Version=1.0.0.0, Culture=neutral, PublicKeyToken=null'.
2026-09-10 12:43:44.742 +02:00 [WRN] The WebRootPath was not found: D:\repos\payrollsa\Backend\src\Payroll.Api\wwwroot. Static files may be unavailable.
2026-09-10 12:43:44.798 +02:00 [WRN] The WebRootPath was not found: D:\repos\payrollsa\Backend\src\Payroll.Api\wwwroot. Static files may be unavailable.
2026-09-10 12:43:44.856 +02:00 [INF] Starting Hangfire Server using job storage: 'In-Memory Storage'
2026-09-10 12:43:44.857 +02:00 [INF] Using the following options for Hangfire Server:
    Worker count: 20
    Listening queues: 'default'
    Shutdown timeout: 00:00:15
    Schedule polling interval: 00:00:15
2026-09-10 12:43:44.875 +02:00 [INF] Server desktop-3ro9ejj:23012:8d20150f successfully announced in 3,7954 ms
2026-09-10 12:43:44.878 +02:00 [INF] Server desktop-3ro9ejj:23012:8d20150f is starting the registered dispatchers: ServerWatchdog, ServerJobCancellationWatcher, Worker, DelayedJobScheduler, RecurringJobScheduler...
2026-09-10 12:43:44.892 +02:00 [INF] Server desktop-3ro9ejj:23012:8d20150f all the dispatchers started
2026-09-10 12:43:45.069 +02:00 [WRN] Failed to determine the https port for redirect.
2026-09-10 12:43:45.261 +02:00 [INF] HTTP OPTIONS /api/auth/login responded 204 in 197.3408 ms
2026-09-10 12:43:45.359 +02:00 [WRN] You do not have a valid license key for the Lucky Penny software MediatR. This is allowed for development and testing scenarios. If you are running in production you are required to have a licensed version. Please visit https://luckypennysoftware.com to obtain a valid license.
2026-09-10 12:43:45.897 +02:00 [ERR] Could not persist audit log for /api/auth/login
Microsoft.EntityFrameworkCore.DbUpdateConcurrencyException: The database operation was expected to affect 1 row(s), but actually affected 0 row(s); data may have been modified or deleted since entities were loaded. See https://go.microsoft.com/fwlink/?LinkId=527962 for information on understanding and handling optimistic concurrency exceptions.
   at Microsoft.EntityFrameworkCore.Update.AffectedCountModificationCommandBatch.ThrowAggregateUpdateConcurrencyExceptionAsync(RelationalDataReader reader, Int32 commandIndex, Int32 expectedRowsAffected, Int32 rowsAffected, CancellationToken cancellationToken)
   at Microsoft.EntityFrameworkCore.Update.AffectedCountModificationCommandBatch.ConsumeResultSetWithRowsAffectedOnlyAsync(Int32 commandIndex, RelationalDataReader reader, CancellationToken cancellationToken)
   at Microsoft.EntityFrameworkCore.Update.AffectedCountModificationCommandBatch.ConsumeAsync(RelationalDataReader reader, CancellationToken cancellationToken)
   at Microsoft.EntityFrameworkCore.Update.ReaderModificationCommandBatch.ExecuteAsync(IRelationalConnection connection, CancellationToken cancellationToken)
   at Microsoft.EntityFrameworkCore.Update.ReaderModificationCommandBatch.ExecuteAsync(IRelationalConnection connection, CancellationToken cancellationToken)
   at Microsoft.EntityFrameworkCore.Update.Internal.BatchExecutor.ExecuteAsync(IEnumerable`1 commandBatches, IRelationalConnection connection, CancellationToken cancellationToken)
   at Microsoft.EntityFrameworkCore.Update.Internal.BatchExecutor.ExecuteAsync(IEnumerable`1 commandBatches, IRelationalConnection connection, CancellationToken cancellationToken)
   at Microsoft.EntityFrameworkCore.Update.Internal.BatchExecutor.ExecuteAsync(IEnumerable`1 commandBatches, IRelationalConnection connection, CancellationToken cancellationToken)
   at Microsoft.EntityFrameworkCore.Storage.RelationalDatabase.SaveChangesAsync(IList`1 entries, CancellationToken cancellationToken)
   at Microsoft.EntityFrameworkCore.ChangeTracking.Internal.StateManager.SaveChangesAsync(IList`1 entriesToSave, CancellationToken cancellationToken)
   at Microsoft.EntityFrameworkCore.ChangeTracking.Internal.StateManager.SaveChangesAsync(StateManager stateManager, Boolean acceptAllChangesOnSuccess, CancellationToken cancellationToken)
   at Microsoft.EntityFrameworkCore.DbContext.SaveChangesAsync(Boolean acceptAllChangesOnSuccess, CancellationToken cancellationToken)
   at Payroll.Api.Middleware.AuditMiddleware.InvokeAsync(HttpContext context, AppDbContext db) in D:\repos\payrollsa\Backend\src\Payroll.Api\Middleware\AuditMiddleware.cs:line 47
2026-09-10 12:43:45.920 +02:00 [INF] HTTP POST /api/auth/login responded 200 in 644.4491 ms
2026-09-10 12:43:46.035 +02:00 [INF] HTTP OPTIONS /api/dashboard/summary responded 204 in 15.1580 ms
2026-09-10 12:43:46.048 +02:00 [INF] HTTP OPTIONS /api/dashboard/summary responded 204 in 20.6034 ms
2026-09-10 12:43:46.359 +02:00 [INF] HTTP GET /api/dashboard/summary responded 200 in 318.5960 ms
2026-09-10 12:43:46.380 +02:00 [INF] HTTP GET /api/dashboard/summary responded 200 in 25.3258 ms
2026-09-10 12:43:50.280 +02:00 [INF] HTTP GET /api/dashboard/summary responded 200 in 19.7638 ms
2026-09-10 12:43:50.291 +02:00 [INF] HTTP GET /api/dashboard/summary responded 200 in 14.1333 ms
2026-09-10 12:43:57.141 +02:00 [INF] HTTP OPTIONS /api/dashboard/summary responded 204 in 6.7052 ms
2026-09-10 12:43:57.163 +02:00 [INF] HTTP GET /api/dashboard/summary responded 200 in 16.0639 ms
2026-09-10 12:43:57.174 +02:00 [INF] HTTP GET /api/dashboard/summary responded 200 in 12.8586 ms
2026-09-10 12:44:54.151 +02:00 [INF] HTTP OPTIONS /api/dashboard/summary responded 204 in 5.6461 ms
2026-09-10 12:44:54.163 +02:00 [INF] HTTP GET /api/dashboard/summary responded 200 in 8.7772 ms
2026-09-10 12:44:54.172 +02:00 [INF] HTTP GET /api/dashboard/summary responded 200 in 8.4136 ms
2026-09-10 12:46:56.549 +02:00 [INF] Server desktop-3ro9ejj:23012:8d20150f caught stopping signal...
2026-09-10 12:46:56.576 +02:00 [INF] Server desktop-3ro9ejj:23012:8d20150f All dispatchers stopped
2026-09-10 12:46:56.580 +02:00 [INF] Server desktop-3ro9ejj:23012:8d20150f successfully reported itself as stopped in 0,6182 ms
2026-09-10 12:46:56.580 +02:00 [INF] Server desktop-3ro9ejj:23012:8d20150f has been stopped in total 6,7458 ms
2026-09-10 13:02:52.834 +02:00 [WRN] No instantiatable types implementing `IEntityTypeConfiguration` were found while scanning assembly 'Payroll.Infrastructure, Version=1.0.0.0, Culture=neutral, PublicKeyToken=null'.
2026-09-10 13:02:54.666 +02:00 [WRN] The WebRootPath was not found: D:\repos\payrollsa\Backend\src\Payroll.Api\wwwroot. Static files may be unavailable.
2026-09-10 13:02:54.742 +02:00 [WRN] The WebRootPath was not found: D:\repos\payrollsa\Backend\src\Payroll.Api\wwwroot. Static files may be unavailable.
2026-09-10 13:02:54.853 +02:00 [INF] Starting Hangfire Server using job storage: 'In-Memory Storage'
2026-09-10 13:02:54.856 +02:00 [INF] Using the following options for Hangfire Server:
    Worker count: 20
    Listening queues: 'default'
    Shutdown timeout: 00:00:15
    Schedule polling interval: 00:00:15
2026-09-10 13:02:54.885 +02:00 [INF] Server desktop-3ro9ejj:872:c9085387 successfully announced in 6,8128 ms
2026-09-10 13:02:54.891 +02:00 [INF] Server desktop-3ro9ejj:872:c9085387 is starting the registered dispatchers: ServerWatchdog, ServerJobCancellationWatcher, Worker, DelayedJobScheduler, RecurringJobScheduler...
2026-09-10 13:02:54.916 +02:00 [INF] Server desktop-3ro9ejj:872:c9085387 all the dispatchers started
2026-09-10 13:04:17.963 +02:00 [WRN] No instantiatable types implementing `IEntityTypeConfiguration` were found while scanning assembly 'Payroll.Infrastructure, Version=1.0.0.0, Culture=neutral, PublicKeyToken=null'.
2026-09-10 13:04:19.508 +02:00 [WRN] The WebRootPath was not found: D:\repos\payrollsa\Backend\src\Payroll.Api\wwwroot. Static files may be unavailable.
2026-09-10 13:04:19.550 +02:00 [WRN] The WebRootPath was not found: D:\repos\payrollsa\Backend\src\Payroll.Api\wwwroot. Static files may be unavailable.
2026-09-10 13:04:19.605 +02:00 [INF] Starting Hangfire Server using job storage: 'In-Memory Storage'
2026-09-10 13:04:19.607 +02:00 [INF] Using the following options for Hangfire Server:
    Worker count: 20
    Listening queues: 'default'
    Shutdown timeout: 00:00:15
    Schedule polling interval: 00:00:15
2026-09-10 13:04:19.628 +02:00 [INF] Server desktop-3ro9ejj:808:dee0392e successfully announced in 3,5481 ms
2026-09-10 13:04:19.631 +02:00 [INF] Server desktop-3ro9ejj:808:dee0392e is starting the registered dispatchers: ServerWatchdog, ServerJobCancellationWatcher, Worker, DelayedJobScheduler, RecurringJobScheduler...
2026-09-10 13:04:19.640 +02:00 [INF] Server desktop-3ro9ejj:808:dee0392e all the dispatchers started
2026-09-10 13:21:40.163 +02:00 [WRN] Failed to determine the https port for redirect.
2026-09-10 13:21:40.591 +02:00 [INF] HTTP OPTIONS /api/leave responded 204 in 436.7530 ms
2026-09-10 13:21:40.721 +02:00 [INF] HTTP OPTIONS /api/leave responded 204 in 570.9276 ms
2026-09-10 13:21:41.019 +02:00 [INF] HTTP GET /api/leave responded 401 in 398.1968 ms
2026-09-10 13:21:41.059 +02:00 [INF] HTTP GET /api/leave responded 401 in 31.5500 ms
