2026-09-08 12:54:08.308 +02:00 [WRN] No instantiatable types implementing `IEntityTypeConfiguration` were found while scanning assembly 'Payroll.Infrastructure, Version=1.0.0.0, Culture=neutral, PublicKeyToken=null'.
2026-09-08 12:54:10.266 +02:00 [WRN] The WebRootPath was not found: C:\Users\g990564\source\repos\payrollsa\payrollsa\Backend\src\Payroll.Api\wwwroot. Static files may be unavailable.
2026-09-08 12:54:10.373 +02:00 [WRN] The WebRootPath was not found: C:\Users\g990564\source\repos\payrollsa\payrollsa\Backend\src\Payroll.Api\wwwroot. Static files may be unavailable.
2026-09-08 12:54:10.472 +02:00 [INF] Starting Hangfire Server using job storage: 'In-Memory Storage'
2026-09-08 12:54:10.477 +02:00 [INF] Using the following options for Hangfire Server:
    Worker count: 20
    Listening queues: 'default'
    Shutdown timeout: 00:00:15
    Schedule polling interval: 00:00:15
2026-09-08 12:54:10.508 +02:00 [INF] Server pf66lh68:25648:1ada76a2 successfully announced in 4.9337 ms
2026-09-08 12:54:10.515 +02:00 [INF] Server pf66lh68:25648:1ada76a2 is starting the registered dispatchers: ServerWatchdog, ServerJobCancellationWatcher, Worker, DelayedJobScheduler, RecurringJobScheduler...
2026-09-08 12:54:10.541 +02:00 [INF] Server pf66lh68:25648:1ada76a2 all the dispatchers started
2026-09-08 12:57:30.165 +02:00 [WRN] Failed to determine the https port for redirect.
2026-09-08 12:57:30.278 +02:00 [INF] HTTP OPTIONS /api/auth/login responded 204 in 118.6507 ms
2026-09-08 12:57:30.555 +02:00 [WRN] You do not have a valid license key for the Lucky Penny software MediatR. This is allowed for development and testing scenarios. If you are running in production you are required to have a licensed version. Please visit https://luckypennysoftware.com to obtain a valid license.
2026-09-08 12:57:31.804 +02:00 [INF] HTTP POST /api/auth/login responded 200 in 1480.6490 ms
2026-09-08 12:57:37.317 +02:00 [INF] HTTP OPTIONS /api/companies responded 204 in 1.7444 ms
2026-09-08 12:57:37.702 +02:00 [INF] HTTP GET /api/companies responded 200 in 374.0559 ms
2026-09-08 12:57:37.721 +02:00 [INF] HTTP OPTIONS /api/employees responded 204 in 0.3942 ms
2026-09-08 12:57:37.725 +02:00 [INF] HTTP OPTIONS /api/users responded 204 in 0.2266 ms
2026-09-08 12:57:37.865 +02:00 [INF] HTTP GET /api/employees responded 200 in 129.3895 ms
2026-09-08 12:57:37.939 +02:00 [INF] HTTP GET /api/users responded 200 in 199.2732 ms
2026-09-08 13:02:48.939 +02:00 [INF] HTTP OPTIONS /api/companies responded 204 in 0.2543 ms
2026-09-08 13:02:48.993 +02:00 [INF] HTTP GET /api/companies responded 200 in 22.2225 ms
2026-09-08 13:02:49.008 +02:00 [INF] HTTP OPTIONS /api/employees responded 204 in 0.1700 ms
2026-09-08 13:02:49.013 +02:00 [INF] HTTP OPTIONS /api/users responded 204 in 0.1854 ms
2026-09-08 13:02:49.029 +02:00 [INF] HTTP GET /api/employees responded 200 in 7.7491 ms
2026-09-08 13:02:49.037 +02:00 [INF] HTTP GET /api/users responded 200 in 9.1618 ms
2026-09-08 13:05:34.348 +02:00 [INF] Server pf66lh68:25648:1ada76a2 caught stopping signal...
2026-09-08 13:05:34.357 +02:00 [INF] Server pf66lh68:25648:1ada76a2 All dispatchers stopped
2026-09-08 13:05:34.366 +02:00 [INF] Server pf66lh68:25648:1ada76a2 successfully reported itself as stopped in 2.0998 ms
2026-09-08 13:05:34.370 +02:00 [INF] Server pf66lh68:25648:1ada76a2 has been stopped in total 18.3222 ms
2026-09-08 13:05:53.562 +02:00 [WRN] No instantiatable types implementing `IEntityTypeConfiguration` were found while scanning assembly 'Payroll.Infrastructure, Version=1.0.0.0, Culture=neutral, PublicKeyToken=null'.
2026-09-08 13:05:55.269 +02:00 [WRN] The WebRootPath was not found: C:\Users\g990564\source\repos\payrollsa\payrollsa\Backend\src\Payroll.Api\wwwroot. Static files may be unavailable.
2026-09-08 13:05:55.347 +02:00 [WRN] The WebRootPath was not found: C:\Users\g990564\source\repos\payrollsa\payrollsa\Backend\src\Payroll.Api\wwwroot. Static files may be unavailable.
2026-09-08 13:05:55.461 +02:00 [INF] Starting Hangfire Server using job storage: 'In-Memory Storage'
2026-09-08 13:05:55.464 +02:00 [INF] Using the following options for Hangfire Server:
    Worker count: 20
    Listening queues: 'default'
    Shutdown timeout: 00:00:15
    Schedule polling interval: 00:00:15
2026-09-08 13:05:55.514 +02:00 [INF] Server pf66lh68:26848:b8cc47ba successfully announced in 23.4661 ms
2026-09-08 13:05:55.554 +02:00 [INF] Server pf66lh68:26848:b8cc47ba is starting the registered dispatchers: ServerWatchdog, ServerJobCancellationWatcher, Worker, DelayedJobScheduler, RecurringJobScheduler...
2026-09-08 13:05:55.586 +02:00 [INF] Server pf66lh68:26848:b8cc47ba all the dispatchers started
2026-09-08 13:06:11.035 +02:00 [WRN] Failed to determine the https port for redirect.
2026-09-08 13:06:11.133 +02:00 [INF] HTTP OPTIONS /api/companies responded 204 in 106.0854 ms
2026-09-08 13:06:11.133 +02:00 [INF] HTTP OPTIONS /api/companies responded 204 in 105.6359 ms
2026-09-08 13:06:11.538 +02:00 [WRN] You do not have a valid license key for the Lucky Penny software MediatR. This is allowed for development and testing scenarios. If you are running in production you are required to have a licensed version. Please visit https://luckypennysoftware.com to obtain a valid license.
2026-09-08 13:06:11.777 +02:00 [INF] HTTP GET /api/companies responded 200 in 601.1511 ms
2026-09-08 13:06:11.802 +02:00 [INF] HTTP OPTIONS /api/employees responded 204 in 0.2712 ms
2026-09-08 13:06:11.806 +02:00 [INF] HTTP OPTIONS /api/users responded 204 in 0.1483 ms
2026-09-08 13:06:11.970 +02:00 [INF] HTTP GET /api/companies responded 200 in 190.8945 ms
2026-09-08 13:06:12.061 +02:00 [INF] HTTP GET /api/employees responded 200 in 247.8873 ms
2026-09-08 13:06:12.076 +02:00 [INF] HTTP GET /api/employees responded 200 in 11.4051 ms
2026-09-08 13:06:12.247 +02:00 [INF] HTTP GET /api/users responded 200 in 431.4299 ms
2026-09-08 13:06:12.268 +02:00 [INF] HTTP GET /api/users responded 200 in 18.7434 ms
2026-09-08 13:06:24.445 +02:00 [INF] HTTP OPTIONS /api/auth/login responded 204 in 1.3337 ms
2026-09-08 13:06:25.320 +02:00 [INF] HTTP POST /api/auth/login responded 200 in 862.3854 ms
2026-09-08 13:06:31.444 +02:00 [INF] HTTP OPTIONS /api/companies responded 204 in 0.4868 ms
2026-09-08 13:06:31.464 +02:00 [INF] HTTP GET /api/companies responded 200 in 8.5339 ms
2026-09-08 13:06:31.488 +02:00 [INF] HTTP OPTIONS /api/employees responded 204 in 0.1603 ms
2026-09-08 13:06:31.488 +02:00 [INF] HTTP OPTIONS /api/users responded 204 in 0.0993 ms
2026-09-08 13:06:31.508 +02:00 [INF] HTTP GET /api/employees responded 200 in 9.3723 ms
2026-09-08 13:06:31.534 +02:00 [INF] HTTP GET /api/users responded 200 in 27.6343 ms
2026-09-08 13:06:37.622 +02:00 [INF] HTTP OPTIONS /api/employees responded 204 in 0.4782 ms
2026-09-08 13:06:37.627 +02:00 [INF] HTTP OPTIONS /api/users responded 204 in 0.8311 ms
2026-09-08 13:06:37.647 +02:00 [INF] HTTP GET /api/employees responded 200 in 7.6462 ms
2026-09-08 13:06:37.659 +02:00 [INF] HTTP GET /api/users responded 200 in 7.5136 ms
2026-09-08 13:06:40.984 +02:00 [INF] HTTP OPTIONS /api/users responded 204 in 0.4423 ms
2026-09-08 13:06:40.984 +02:00 [INF] HTTP OPTIONS /api/employees responded 204 in 0.4488 ms
2026-09-08 13:06:41.005 +02:00 [INF] HTTP GET /api/users responded 200 in 6.1641 ms
2026-09-08 13:06:41.012 +02:00 [INF] HTTP GET /api/employees responded 200 in 4.5370 ms
2026-09-08 13:06:44.405 +02:00 [INF] HTTP OPTIONS /api/employees responded 204 in 0.2952 ms
2026-09-08 13:06:44.409 +02:00 [INF] HTTP OPTIONS /api/users responded 204 in 0.6398 ms
2026-09-08 13:06:44.428 +02:00 [INF] HTTP GET /api/employees responded 200 in 6.8497 ms
2026-09-08 13:06:44.439 +02:00 [INF] HTTP GET /api/users responded 200 in 7.5016 ms
2026-09-08 13:06:48.299 +02:00 [INF] HTTP OPTIONS /api/employees responded 204 in 0.3040 ms
2026-09-08 13:06:48.302 +02:00 [INF] HTTP OPTIONS /api/users responded 204 in 1.1906 ms
2026-09-08 13:06:48.324 +02:00 [INF] HTTP GET /api/employees responded 200 in 5.4099 ms
2026-09-08 13:06:48.332 +02:00 [INF] HTTP GET /api/users responded 200 in 6.1211 ms
2026-09-08 13:07:01.751 +02:00 [INF] HTTP OPTIONS /api/tax/year responded 204 in 0.3939 ms
2026-09-08 13:07:01.970 +02:00 [WRN] Compiling a query which loads related collections for more than one collection navigation, either via 'Include' or through projection, but no 'QuerySplittingBehavior' has been configured. By default, Entity Framework will use 'QuerySplittingBehavior.SingleQuery', which can potentially result in slow query performance. See https://go.microsoft.com/fwlink/?linkid=2134277 for more information. To identify the query that's triggering this warning call 'ConfigureWarnings(w => w.Throw(RelationalEventId.MultipleCollectionIncludeWarning))'.
2026-09-08 13:07:02.409 +02:00 [INF] HTTP GET /api/tax/year responded 200 in 632.4611 ms
2026-09-08 13:08:03.069 +02:00 [INF] HTTP OPTIONS /api/companies responded 204 in 0.2308 ms
2026-09-08 13:08:03.083 +02:00 [INF] HTTP GET /api/companies responded 200 in 3.1778 ms
2026-09-08 13:08:03.103 +02:00 [INF] HTTP OPTIONS /api/payslips/periods responded 204 in 0.1477 ms
2026-09-08 13:08:03.242 +02:00 [INF] HTTP GET /api/payslips/periods responded 200 in 129.5957 ms
2026-09-08 13:08:06.449 +02:00 [INF] HTTP GET /api/payslips/periods responded 200 in 11.0249 ms
2026-09-08 13:08:09.749 +02:00 [INF] HTTP OPTIONS /api/payslips/periods responded 204 in 0.2684 ms
2026-09-08 13:08:09.772 +02:00 [INF] HTTP GET /api/payslips/periods responded 200 in 5.5171 ms
2026-09-08 13:08:16.342 +02:00 [INF] HTTP OPTIONS /api/payslips/periods responded 204 in 0.1594 ms
2026-09-08 13:08:16.403 +02:00 [INF] HTTP GET /api/payslips/periods responded 200 in 38.4919 ms
2026-09-08 13:08:42.636 +02:00 [INF] HTTP OPTIONS /api/companies responded 204 in 0.3275 ms
2026-09-08 13:08:42.647 +02:00 [INF] HTTP GET /api/companies responded 200 in 4.0905 ms
2026-09-08 13:08:42.662 +02:00 [INF] HTTP OPTIONS /api/payslips/periods responded 204 in 0.1238 ms
2026-09-08 13:08:42.686 +02:00 [INF] HTTP GET /api/payslips/periods responded 200 in 4.6385 ms
2026-09-08 13:08:48.840 +02:00 [INF] HTTP OPTIONS /api/payslips/periods responded 204 in 0.1738 ms
2026-09-08 13:08:48.864 +02:00 [INF] HTTP GET /api/payslips/periods responded 200 in 5.4279 ms
2026-09-08 13:08:53.812 +02:00 [INF] HTTP OPTIONS /api/companies responded 204 in 0.1075 ms
2026-09-08 13:08:53.836 +02:00 [INF] HTTP GET /api/companies responded 200 in 6.0729 ms
2026-09-08 13:08:53.859 +02:00 [INF] HTTP OPTIONS /api/departments responded 204 in 0.0820 ms
2026-09-08 13:08:53.918 +02:00 [INF] HTTP GET /api/departments responded 200 in 45.6953 ms
2026-09-08 13:08:58.613 +02:00 [INF] HTTP GET /api/departments responded 200 in 7.9480 ms
2026-09-08 13:09:00.912 +02:00 [INF] HTTP OPTIONS /api/departments responded 204 in 0.1590 ms
2026-09-08 13:09:00.936 +02:00 [INF] HTTP GET /api/departments responded 200 in 9.7592 ms
2026-09-08 13:09:04.637 +02:00 [INF] HTTP OPTIONS /api/departments responded 204 in 0.0966 ms
2026-09-08 13:09:04.671 +02:00 [INF] HTTP GET /api/departments responded 200 in 3.3303 ms
2026-09-08 13:26:54.996 +02:00 [INF] Server pf66lh68:26848:b8cc47ba caught stopping signal...
2026-09-08 13:26:55.009 +02:00 [INF] Server pf66lh68:26848:b8cc47ba All dispatchers stopped
2026-09-08 13:26:55.016 +02:00 [INF] Server pf66lh68:26848:b8cc47ba successfully reported itself as stopped in 1.175 ms
2026-09-08 13:26:55.019 +02:00 [INF] Server pf66lh68:26848:b8cc47ba has been stopped in total 18.8323 ms
2026-09-08 13:27:09.234 +02:00 [WRN] No instantiatable types implementing `IEntityTypeConfiguration` were found while scanning assembly 'Payroll.Infrastructure, Version=1.0.0.0, Culture=neutral, PublicKeyToken=null'.
2026-09-08 13:27:09.900 +02:00 [WRN] No instantiatable types implementing `IEntityTypeConfiguration` were found while scanning assembly 'Payroll.Infrastructure, Version=1.0.0.0, Culture=neutral, PublicKeyToken=null'.
2026-09-08 13:27:09.995 +02:00 [FTL] Application startup failed.
System.InvalidOperationException: An error was generated for warning 'Microsoft.EntityFrameworkCore.Migrations.PendingModelChangesWarning': The model for context 'AppDbContext' has pending changes. Add a new migration before updating the database. See https://aka.ms/efcore-docs-pending-changes. This exception can be suppressed or logged by passing event ID 'RelationalEventId.PendingModelChangesWarning' to the 'ConfigureWarnings' method in 'DbContext.OnConfiguring' or 'AddDbContext'.
   at Microsoft.EntityFrameworkCore.Diagnostics.EventDefinition`1.Log[TLoggerCategory](IDiagnosticsLogger`1 logger, TParam arg)
   at Microsoft.EntityFrameworkCore.Diagnostics.RelationalLoggerExtensions.PendingModelChangesWarning(IDiagnosticsLogger`1 diagnostics, Type contextType)
   at Microsoft.EntityFrameworkCore.Migrations.Internal.Migrator.ValidateMigrations(Boolean useTransaction, String targetMigration)
   at Microsoft.EntityFrameworkCore.Migrations.Internal.Migrator.MigrateAsync(String targetMigration, CancellationToken cancellationToken)
   at Program.<Main>$(String[] args) in C:\Users\g990564\source\repos\payrollsa\payrollsa\Backend\src\Payroll.Api\Program.cs:line 59
2026-09-08 13:36:58.405 +02:00 [WRN] No instantiatable types implementing `IEntityTypeConfiguration` were found while scanning assembly 'Payroll.Infrastructure, Version=1.0.0.0, Culture=neutral, PublicKeyToken=null'.
2026-09-08 13:36:59.560 +02:00 [WRN] The WebRootPath was not found: C:\Users\g990564\source\repos\payrollsa\payrollsa\Backend\src\Payroll.Api\wwwroot. Static files may be unavailable.
2026-09-08 13:36:59.628 +02:00 [WRN] The WebRootPath was not found: C:\Users\g990564\source\repos\payrollsa\payrollsa\Backend\src\Payroll.Api\wwwroot. Static files may be unavailable.
2026-09-08 13:36:59.719 +02:00 [INF] Starting Hangfire Server using job storage: 'In-Memory Storage'
2026-09-08 13:36:59.721 +02:00 [INF] Using the following options for Hangfire Server:
    Worker count: 20
    Listening queues: 'default'
    Shutdown timeout: 00:00:15
    Schedule polling interval: 00:00:15
2026-09-08 13:36:59.746 +02:00 [INF] Server pf66lh68:30900:53d44993 successfully announced in 5.2129 ms
2026-09-08 13:36:59.750 +02:00 [INF] Server pf66lh68:30900:53d44993 is starting the registered dispatchers: ServerWatchdog, ServerJobCancellationWatcher, Worker, DelayedJobScheduler, RecurringJobScheduler...
2026-09-08 13:36:59.764 +02:00 [INF] Server pf66lh68:30900:53d44993 all the dispatchers started
2026-09-08 13:37:27.828 +02:00 [WRN] Failed to determine the https port for redirect.
2026-09-08 13:37:28.292 +02:00 [ERR] Failed executing DbCommand (7ms) [Parameters=[@p0='?' (DbType = Guid), @p1='?' (Size = 23), @p2='?' (DbType = Guid), @p3='?' (DbType = DateTime), @p4='?', @p5='?' (DbType = DateTime), @p6='?', @p7='?' (Size = 7), @p8='?' (Size = 3), @p9='?' (DbType = Boolean), @p10='?' (DbType = DateTime), @p11='?', @p12='?' (DbType = DateTime), @p13='?' (Size = 15), @p14='?' (DbType = Int32), @p15='?', @p16='?' (DbType = Guid)], CommandType='"Text"', CommandTimeout='30']
INSERT INTO "AuditLogs" ("Id", "Action", "CompanyId", "CreatedAt", "CreatedBy", "DeletedAt", "DeletedBy", "HttpMethod", "IpAddress", "IsDeleted", "ModifiedAt", "ModifiedBy", "OccurredAt", "Path", "StatusCode", "UserEmail", "UserId")
VALUES (@p0, @p1, @p2, @p3, @p4, @p5, @p6, @p7, @p8, @p9, @p10, @p11, @p12, @p13, @p14, @p15, @p16);
2026-09-08 13:37:28.356 +02:00 [ERR] An exception occurred in the database while saving changes for context type 'Payroll.Infrastructure.Persistence.AppDbContext'.
Microsoft.EntityFrameworkCore.DbUpdateException: An error occurred while saving the entity changes. See the inner exception for details.
 ---> Microsoft.Data.Sqlite.SqliteException (0x80004005): SQLite Error 1: 'no such table: AuditLogs'.
   at Microsoft.Data.Sqlite.SqliteException.ThrowExceptionForRC(Int32 rc, sqlite3 db)
   at Microsoft.Data.Sqlite.SqliteCommand.PrepareAndEnumerateStatements()+MoveNext()
   at Microsoft.Data.Sqlite.SqliteCommand.GetStatements()+MoveNext()
   at Microsoft.Data.Sqlite.SqliteDataReader.NextResult()
   at Microsoft.Data.Sqlite.SqliteCommand.ExecuteReader(CommandBehavior behavior)
   at Microsoft.Data.Sqlite.SqliteCommand.ExecuteReaderAsync(CommandBehavior behavior, CancellationToken cancellationToken)
   at Microsoft.Data.Sqlite.SqliteCommand.ExecuteDbDataReaderAsync(CommandBehavior behavior, CancellationToken cancellationToken)
   at Microsoft.EntityFrameworkCore.Storage.RelationalCommand.ExecuteReaderAsync(RelationalCommandParameterObject parameterObject, CancellationToken cancellationToken)
   at Microsoft.EntityFrameworkCore.Storage.RelationalCommand.ExecuteReaderAsync(RelationalCommandParameterObject parameterObject, CancellationToken cancellationToken)
   at Microsoft.EntityFrameworkCore.Update.ReaderModificationCommandBatch.ExecuteAsync(IRelationalConnection connection, CancellationToken cancellationToken)
   --- End of inner exception stack trace ---
   at Microsoft.EntityFrameworkCore.Update.ReaderModificationCommandBatch.ExecuteAsync(IRelationalConnection connection, CancellationToken cancellationToken)
   at Microsoft.EntityFrameworkCore.Update.Internal.BatchExecutor.ExecuteAsync(IEnumerable`1 commandBatches, IRelationalConnection connection, CancellationToken cancellationToken)
   at Microsoft.EntityFrameworkCore.Update.Internal.BatchExecutor.ExecuteAsync(IEnumerable`1 commandBatches, IRelationalConnection connection, CancellationToken cancellationToken)
   at Microsoft.EntityFrameworkCore.Update.Internal.BatchExecutor.ExecuteAsync(IEnumerable`1 commandBatches, IRelationalConnection connection, CancellationToken cancellationToken)
   at Microsoft.EntityFrameworkCore.Storage.RelationalDatabase.SaveChangesAsync(IList`1 entries, CancellationToken cancellationToken)
   at Microsoft.EntityFrameworkCore.ChangeTracking.Internal.StateManager.SaveChangesAsync(IList`1 entriesToSave, CancellationToken cancellationToken)
   at Microsoft.EntityFrameworkCore.ChangeTracking.Internal.StateManager.SaveChangesAsync(StateManager stateManager, Boolean acceptAllChangesOnSuccess, CancellationToken cancellationToken)
   at Microsoft.EntityFrameworkCore.DbContext.SaveChangesAsync(Boolean acceptAllChangesOnSuccess, CancellationToken cancellationToken)
Microsoft.EntityFrameworkCore.DbUpdateException: An error occurred while saving the entity changes. See the inner exception for details.
 ---> Microsoft.Data.Sqlite.SqliteException (0x80004005): SQLite Error 1: 'no such table: AuditLogs'.
   at Microsoft.Data.Sqlite.SqliteException.ThrowExceptionForRC(Int32 rc, sqlite3 db)
   at Microsoft.Data.Sqlite.SqliteCommand.PrepareAndEnumerateStatements()+MoveNext()
   at Microsoft.Data.Sqlite.SqliteCommand.GetStatements()+MoveNext()
   at Microsoft.Data.Sqlite.SqliteDataReader.NextResult()
   at Microsoft.Data.Sqlite.SqliteCommand.ExecuteReader(CommandBehavior behavior)
   at Microsoft.Data.Sqlite.SqliteCommand.ExecuteReaderAsync(CommandBehavior behavior, CancellationToken cancellationToken)
   at Microsoft.Data.Sqlite.SqliteCommand.ExecuteDbDataReaderAsync(CommandBehavior behavior, CancellationToken cancellationToken)
   at Microsoft.EntityFrameworkCore.Storage.RelationalCommand.ExecuteReaderAsync(RelationalCommandParameterObject parameterObject, CancellationToken cancellationToken)
   at Microsoft.EntityFrameworkCore.Storage.RelationalCommand.ExecuteReaderAsync(RelationalCommandParameterObject parameterObject, CancellationToken cancellationToken)
   at Microsoft.EntityFrameworkCore.Update.ReaderModificationCommandBatch.ExecuteAsync(IRelationalConnection connection, CancellationToken cancellationToken)
   --- End of inner exception stack trace ---
   at Microsoft.EntityFrameworkCore.Update.ReaderModificationCommandBatch.ExecuteAsync(IRelationalConnection connection, CancellationToken cancellationToken)
   at Microsoft.EntityFrameworkCore.Update.Internal.BatchExecutor.ExecuteAsync(IEnumerable`1 commandBatches, IRelationalConnection connection, CancellationToken cancellationToken)
   at Microsoft.EntityFrameworkCore.Update.Internal.BatchExecutor.ExecuteAsync(IEnumerable`1 commandBatches, IRelationalConnection connection, CancellationToken cancellationToken)
   at Microsoft.EntityFrameworkCore.Update.Internal.BatchExecutor.ExecuteAsync(IEnumerable`1 commandBatches, IRelationalConnection connection, CancellationToken cancellationToken)
   at Microsoft.EntityFrameworkCore.Storage.RelationalDatabase.SaveChangesAsync(IList`1 entries, CancellationToken cancellationToken)
   at Microsoft.EntityFrameworkCore.ChangeTracking.Internal.StateManager.SaveChangesAsync(IList`1 entriesToSave, CancellationToken cancellationToken)
   at Microsoft.EntityFrameworkCore.ChangeTracking.Internal.StateManager.SaveChangesAsync(StateManager stateManager, Boolean acceptAllChangesOnSuccess, CancellationToken cancellationToken)
   at Microsoft.EntityFrameworkCore.DbContext.SaveChangesAsync(Boolean acceptAllChangesOnSuccess, CancellationToken cancellationToken)
2026-09-08 13:37:28.395 +02:00 [ERR] Could not persist audit log for /api/auth/login
Microsoft.EntityFrameworkCore.DbUpdateException: An error occurred while saving the entity changes. See the inner exception for details.
 ---> Microsoft.Data.Sqlite.SqliteException (0x80004005): SQLite Error 1: 'no such table: AuditLogs'.
   at Microsoft.Data.Sqlite.SqliteException.ThrowExceptionForRC(Int32 rc, sqlite3 db)
   at Microsoft.Data.Sqlite.SqliteCommand.PrepareAndEnumerateStatements()+MoveNext()
   at Microsoft.Data.Sqlite.SqliteCommand.GetStatements()+MoveNext()
   at Microsoft.Data.Sqlite.SqliteDataReader.NextResult()
   at Microsoft.Data.Sqlite.SqliteCommand.ExecuteReader(CommandBehavior behavior)
   at Microsoft.Data.Sqlite.SqliteCommand.ExecuteReaderAsync(CommandBehavior behavior, CancellationToken cancellationToken)
   at Microsoft.Data.Sqlite.SqliteCommand.ExecuteDbDataReaderAsync(CommandBehavior behavior, CancellationToken cancellationToken)
   at Microsoft.EntityFrameworkCore.Storage.RelationalCommand.ExecuteReaderAsync(RelationalCommandParameterObject parameterObject, CancellationToken cancellationToken)
   at Microsoft.EntityFrameworkCore.Storage.RelationalCommand.ExecuteReaderAsync(RelationalCommandParameterObject parameterObject, CancellationToken cancellationToken)
   at Microsoft.EntityFrameworkCore.Update.ReaderModificationCommandBatch.ExecuteAsync(IRelationalConnection connection, CancellationToken cancellationToken)
   --- End of inner exception stack trace ---
   at Microsoft.EntityFrameworkCore.Update.ReaderModificationCommandBatch.ExecuteAsync(IRelationalConnection connection, CancellationToken cancellationToken)
   at Microsoft.EntityFrameworkCore.Update.Internal.BatchExecutor.ExecuteAsync(IEnumerable`1 commandBatches, IRelationalConnection connection, CancellationToken cancellationToken)
   at Microsoft.EntityFrameworkCore.Update.Internal.BatchExecutor.ExecuteAsync(IEnumerable`1 commandBatches, IRelationalConnection connection, CancellationToken cancellationToken)
   at Microsoft.EntityFrameworkCore.Update.Internal.BatchExecutor.ExecuteAsync(IEnumerable`1 commandBatches, IRelationalConnection connection, CancellationToken cancellationToken)
   at Microsoft.EntityFrameworkCore.Storage.RelationalDatabase.SaveChangesAsync(IList`1 entries, CancellationToken cancellationToken)
   at Microsoft.EntityFrameworkCore.ChangeTracking.Internal.StateManager.SaveChangesAsync(IList`1 entriesToSave, CancellationToken cancellationToken)
   at Microsoft.EntityFrameworkCore.ChangeTracking.Internal.StateManager.SaveChangesAsync(StateManager stateManager, Boolean acceptAllChangesOnSuccess, CancellationToken cancellationToken)
   at Microsoft.EntityFrameworkCore.DbContext.SaveChangesAsync(Boolean acceptAllChangesOnSuccess, CancellationToken cancellationToken)
   at Microsoft.EntityFrameworkCore.DbContext.SaveChangesAsync(Boolean acceptAllChangesOnSuccess, CancellationToken cancellationToken)
   at Payroll.Api.Middleware.AuditMiddleware.InvokeAsync(HttpContext context, AppDbContext db) in C:\Users\g990564\source\repos\payrollsa\payrollsa\Backend\src\Payroll.Api\Middleware\AuditMiddleware.cs:line 46
2026-09-08 13:37:28.428 +02:00 [INF] HTTP OPTIONS /api/auth/login responded 204 in 609.9427 ms
2026-09-08 13:37:28.668 +02:00 [WRN] You do not have a valid license key for the Lucky Penny software MediatR. This is allowed for development and testing scenarios. If you are running in production you are required to have a licensed version. Please visit https://luckypennysoftware.com to obtain a valid license.
2026-09-08 13:37:29.709 +02:00 [ERR] Failed executing DbCommand (0ms) [Parameters=[@p0='?' (DbType = Guid), @p1='?' (Size = 20), @p2='?' (DbType = Guid), @p3='?' (DbType = DateTime), @p4='?', @p5='?' (DbType = DateTime), @p6='?', @p7='?' (Size = 4), @p8='?' (Size = 3), @p9='?' (DbType = Boolean), @p10='?' (DbType = DateTime), @p11='?', @p12='?' (DbType = DateTime), @p13='?' (Size = 15), @p14='?' (DbType = Int32), @p15='?', @p16='?' (DbType = Guid)], CommandType='"Text"', CommandTimeout='30']
INSERT INTO "AuditLogs" ("Id", "Action", "CompanyId", "CreatedAt", "CreatedBy", "DeletedAt", "DeletedBy", "HttpMethod", "IpAddress", "IsDeleted", "ModifiedAt", "ModifiedBy", "OccurredAt", "Path", "StatusCode", "UserEmail", "UserId")
VALUES (@p0, @p1, @p2, @p3, @p4, @p5, @p6, @p7, @p8, @p9, @p10, @p11, @p12, @p13, @p14, @p15, @p16);
2026-09-08 13:37:29.720 +02:00 [ERR] An exception occurred in the database while saving changes for context type 'Payroll.Infrastructure.Persistence.AppDbContext'.
Microsoft.EntityFrameworkCore.DbUpdateException: An error occurred while saving the entity changes. See the inner exception for details.
 ---> Microsoft.Data.Sqlite.SqliteException (0x80004005): SQLite Error 1: 'no such table: AuditLogs'.
   at Microsoft.Data.Sqlite.SqliteException.ThrowExceptionForRC(Int32 rc, sqlite3 db)
   at Microsoft.Data.Sqlite.SqliteCommand.PrepareAndEnumerateStatements()+MoveNext()
   at Microsoft.Data.Sqlite.SqliteCommand.GetStatements()+MoveNext()
   at Microsoft.Data.Sqlite.SqliteDataReader.NextResult()
   at Microsoft.Data.Sqlite.SqliteCommand.ExecuteReader(CommandBehavior behavior)
   at Microsoft.Data.Sqlite.SqliteCommand.ExecuteReaderAsync(CommandBehavior behavior, CancellationToken cancellationToken)
   at Microsoft.Data.Sqlite.SqliteCommand.ExecuteDbDataReaderAsync(CommandBehavior behavior, CancellationToken cancellationToken)
   at Microsoft.EntityFrameworkCore.Storage.RelationalCommand.ExecuteReaderAsync(RelationalCommandParameterObject parameterObject, CancellationToken cancellationToken)
   at Microsoft.EntityFrameworkCore.Storage.RelationalCommand.ExecuteReaderAsync(RelationalCommandParameterObject parameterObject, CancellationToken cancellationToken)
   at Microsoft.EntityFrameworkCore.Update.ReaderModificationCommandBatch.ExecuteAsync(IRelationalConnection connection, CancellationToken cancellationToken)
   --- End of inner exception stack trace ---
   at Microsoft.EntityFrameworkCore.Update.ReaderModificationCommandBatch.ExecuteAsync(IRelationalConnection connection, CancellationToken cancellationToken)
   at Microsoft.EntityFrameworkCore.Update.Internal.BatchExecutor.ExecuteAsync(IEnumerable`1 commandBatches, IRelationalConnection connection, CancellationToken cancellationToken)
   at Microsoft.EntityFrameworkCore.Update.Internal.BatchExecutor.ExecuteAsync(IEnumerable`1 commandBatches, IRelationalConnection connection, CancellationToken cancellationToken)
   at Microsoft.EntityFrameworkCore.Update.Internal.BatchExecutor.ExecuteAsync(IEnumerable`1 commandBatches, IRelationalConnection connection, CancellationToken cancellationToken)
   at Microsoft.EntityFrameworkCore.Storage.RelationalDatabase.SaveChangesAsync(IList`1 entries, CancellationToken cancellationToken)
   at Microsoft.EntityFrameworkCore.ChangeTracking.Internal.StateManager.SaveChangesAsync(IList`1 entriesToSave, CancellationToken cancellationToken)
   at Microsoft.EntityFrameworkCore.ChangeTracking.Internal.StateManager.SaveChangesAsync(StateManager stateManager, Boolean acceptAllChangesOnSuccess, CancellationToken cancellationToken)
   at Microsoft.EntityFrameworkCore.DbContext.SaveChangesAsync(Boolean acceptAllChangesOnSuccess, CancellationToken cancellationToken)
Microsoft.EntityFrameworkCore.DbUpdateException: An error occurred while saving the entity changes. See the inner exception for details.
 ---> Microsoft.Data.Sqlite.SqliteException (0x80004005): SQLite Error 1: 'no such table: AuditLogs'.
   at Microsoft.Data.Sqlite.SqliteException.ThrowExceptionForRC(Int32 rc, sqlite3 db)
   at Microsoft.Data.Sqlite.SqliteCommand.PrepareAndEnumerateStatements()+MoveNext()
   at Microsoft.Data.Sqlite.SqliteCommand.GetStatements()+MoveNext()
   at Microsoft.Data.Sqlite.SqliteDataReader.NextResult()
   at Microsoft.Data.Sqlite.SqliteCommand.ExecuteReader(CommandBehavior behavior)
   at Microsoft.Data.Sqlite.SqliteCommand.ExecuteReaderAsync(CommandBehavior behavior, CancellationToken cancellationToken)
   at Microsoft.Data.Sqlite.SqliteCommand.ExecuteDbDataReaderAsync(CommandBehavior behavior, CancellationToken cancellationToken)
   at Microsoft.EntityFrameworkCore.Storage.RelationalCommand.ExecuteReaderAsync(RelationalCommandParameterObject parameterObject, CancellationToken cancellationToken)
   at Microsoft.EntityFrameworkCore.Storage.RelationalCommand.ExecuteReaderAsync(RelationalCommandParameterObject parameterObject, CancellationToken cancellationToken)
   at Microsoft.EntityFrameworkCore.Update.ReaderModificationCommandBatch.ExecuteAsync(IRelationalConnection connection, CancellationToken cancellationToken)
   --- End of inner exception stack trace ---
   at Microsoft.EntityFrameworkCore.Update.ReaderModificationCommandBatch.ExecuteAsync(IRelationalConnection connection, CancellationToken cancellationToken)
   at Microsoft.EntityFrameworkCore.Update.Internal.BatchExecutor.ExecuteAsync(IEnumerable`1 commandBatches, IRelationalConnection connection, CancellationToken cancellationToken)
   at Microsoft.EntityFrameworkCore.Update.Internal.BatchExecutor.ExecuteAsync(IEnumerable`1 commandBatches, IRelationalConnection connection, CancellationToken cancellationToken)
   at Microsoft.EntityFrameworkCore.Update.Internal.BatchExecutor.ExecuteAsync(IEnumerable`1 commandBatches, IRelationalConnection connection, CancellationToken cancellationToken)
   at Microsoft.EntityFrameworkCore.Storage.RelationalDatabase.SaveChangesAsync(IList`1 entries, CancellationToken cancellationToken)
   at Microsoft.EntityFrameworkCore.ChangeTracking.Internal.StateManager.SaveChangesAsync(IList`1 entriesToSave, CancellationToken cancellationToken)
   at Microsoft.EntityFrameworkCore.ChangeTracking.Internal.StateManager.SaveChangesAsync(StateManager stateManager, Boolean acceptAllChangesOnSuccess, CancellationToken cancellationToken)
   at Microsoft.EntityFrameworkCore.DbContext.SaveChangesAsync(Boolean acceptAllChangesOnSuccess, CancellationToken cancellationToken)
2026-09-08 13:37:29.758 +02:00 [ERR] Could not persist audit log for /api/auth/login
Microsoft.EntityFrameworkCore.DbUpdateException: An error occurred while saving the entity changes. See the inner exception for details.
 ---> Microsoft.Data.Sqlite.SqliteException (0x80004005): SQLite Error 1: 'no such table: AuditLogs'.
   at Microsoft.Data.Sqlite.SqliteException.ThrowExceptionForRC(Int32 rc, sqlite3 db)
   at Microsoft.Data.Sqlite.SqliteCommand.PrepareAndEnumerateStatements()+MoveNext()
   at Microsoft.Data.Sqlite.SqliteCommand.GetStatements()+MoveNext()
   at Microsoft.Data.Sqlite.SqliteDataReader.NextResult()
   at Microsoft.Data.Sqlite.SqliteCommand.ExecuteReader(CommandBehavior behavior)
   at Microsoft.Data.Sqlite.SqliteCommand.ExecuteReaderAsync(CommandBehavior behavior, CancellationToken cancellationToken)
   at Microsoft.Data.Sqlite.SqliteCommand.ExecuteDbDataReaderAsync(CommandBehavior behavior, CancellationToken cancellationToken)
   at Microsoft.EntityFrameworkCore.Storage.RelationalCommand.ExecuteReaderAsync(RelationalCommandParameterObject parameterObject, CancellationToken cancellationToken)
   at Microsoft.EntityFrameworkCore.Storage.RelationalCommand.ExecuteReaderAsync(RelationalCommandParameterObject parameterObject, CancellationToken cancellationToken)
   at Microsoft.EntityFrameworkCore.Update.ReaderModificationCommandBatch.ExecuteAsync(IRelationalConnection connection, CancellationToken cancellationToken)
   --- End of inner exception stack trace ---
   at Microsoft.EntityFrameworkCore.Update.ReaderModificationCommandBatch.ExecuteAsync(IRelationalConnection connection, CancellationToken cancellationToken)
   at Microsoft.EntityFrameworkCore.Update.Internal.BatchExecutor.ExecuteAsync(IEnumerable`1 commandBatches, IRelationalConnection connection, CancellationToken cancellationToken)
   at Microsoft.EntityFrameworkCore.Update.Internal.BatchExecutor.ExecuteAsync(IEnumerable`1 commandBatches, IRelationalConnection connection, CancellationToken cancellationToken)
   at Microsoft.EntityFrameworkCore.Update.Internal.BatchExecutor.ExecuteAsync(IEnumerable`1 commandBatches, IRelationalConnection connection, CancellationToken cancellationToken)
   at Microsoft.EntityFrameworkCore.Storage.RelationalDatabase.SaveChangesAsync(IList`1 entries, CancellationToken cancellationToken)
   at Microsoft.EntityFrameworkCore.ChangeTracking.Internal.StateManager.SaveChangesAsync(IList`1 entriesToSave, CancellationToken cancellationToken)
   at Microsoft.EntityFrameworkCore.ChangeTracking.Internal.StateManager.SaveChangesAsync(StateManager stateManager, Boolean acceptAllChangesOnSuccess, CancellationToken cancellationToken)
   at Microsoft.EntityFrameworkCore.DbContext.SaveChangesAsync(Boolean acceptAllChangesOnSuccess, CancellationToken cancellationToken)
   at Microsoft.EntityFrameworkCore.DbContext.SaveChangesAsync(Boolean acceptAllChangesOnSuccess, CancellationToken cancellationToken)
   at Payroll.Api.Middleware.AuditMiddleware.InvokeAsync(HttpContext context, AppDbContext db) in C:\Users\g990564\source\repos\payrollsa\payrollsa\Backend\src\Payroll.Api\Middleware\AuditMiddleware.cs:line 46
2026-09-08 13:37:29.779 +02:00 [INF] HTTP POST /api/auth/login responded 200 in 1317.4745 ms
2026-09-08 13:37:43.818 +02:00 [ERR] Failed executing DbCommand (0ms) [Parameters=[@p0='?' (DbType = Guid), @p1='?' (Size = 22), @p2='?' (DbType = Guid), @p3='?' (DbType = DateTime), @p4='?', @p5='?' (DbType = DateTime), @p6='?', @p7='?' (Size = 7), @p8='?' (Size = 3), @p9='?' (DbType = Boolean), @p10='?' (DbType = DateTime), @p11='?', @p12='?' (DbType = DateTime), @p13='?' (Size = 14), @p14='?' (DbType = Int32), @p15='?', @p16='?' (DbType = Guid)], CommandType='"Text"', CommandTimeout='30']
INSERT INTO "AuditLogs" ("Id", "Action", "CompanyId", "CreatedAt", "CreatedBy", "DeletedAt", "DeletedBy", "HttpMethod", "IpAddress", "IsDeleted", "ModifiedAt", "ModifiedBy", "OccurredAt", "Path", "StatusCode", "UserEmail", "UserId")
VALUES (@p0, @p1, @p2, @p3, @p4, @p5, @p6, @p7, @p8, @p9, @p10, @p11, @p12, @p13, @p14, @p15, @p16);
2026-09-08 13:37:43.825 +02:00 [ERR] An exception occurred in the database while saving changes for context type 'Payroll.Infrastructure.Persistence.AppDbContext'.
Microsoft.EntityFrameworkCore.DbUpdateException: An error occurred while saving the entity changes. See the inner exception for details.
 ---> Microsoft.Data.Sqlite.SqliteException (0x80004005): SQLite Error 1: 'no such table: AuditLogs'.
   at Microsoft.Data.Sqlite.SqliteException.ThrowExceptionForRC(Int32 rc, sqlite3 db)
   at Microsoft.Data.Sqlite.SqliteCommand.PrepareAndEnumerateStatements()+MoveNext()
   at Microsoft.Data.Sqlite.SqliteCommand.GetStatements()+MoveNext()
   at Microsoft.Data.Sqlite.SqliteDataReader.NextResult()
   at Microsoft.Data.Sqlite.SqliteCommand.ExecuteReader(CommandBehavior behavior)
   at Microsoft.Data.Sqlite.SqliteCommand.ExecuteReaderAsync(CommandBehavior behavior, CancellationToken cancellationToken)
   at Microsoft.Data.Sqlite.SqliteCommand.ExecuteDbDataReaderAsync(CommandBehavior behavior, CancellationToken cancellationToken)
   at Microsoft.EntityFrameworkCore.Storage.RelationalCommand.ExecuteReaderAsync(RelationalCommandParameterObject parameterObject, CancellationToken cancellationToken)
   at Microsoft.EntityFrameworkCore.Storage.RelationalCommand.ExecuteReaderAsync(RelationalCommandParameterObject parameterObject, CancellationToken cancellationToken)
   at Microsoft.EntityFrameworkCore.Update.ReaderModificationCommandBatch.ExecuteAsync(IRelationalConnection connection, CancellationToken cancellationToken)
   --- End of inner exception stack trace ---
   at Microsoft.EntityFrameworkCore.Update.ReaderModificationCommandBatch.ExecuteAsync(IRelationalConnection connection, CancellationToken cancellationToken)
   at Microsoft.EntityFrameworkCore.Update.Internal.BatchExecutor.ExecuteAsync(IEnumerable`1 commandBatches, IRelationalConnection connection, CancellationToken cancellationToken)
   at Microsoft.EntityFrameworkCore.Update.Internal.BatchExecutor.ExecuteAsync(IEnumerable`1 commandBatches, IRelationalConnection connection, CancellationToken cancellationToken)
   at Microsoft.EntityFrameworkCore.Update.Internal.BatchExecutor.ExecuteAsync(IEnumerable`1 commandBatches, IRelationalConnection connection, CancellationToken cancellationToken)
   at Microsoft.EntityFrameworkCore.Storage.RelationalDatabase.SaveChangesAsync(IList`1 entries, CancellationToken cancellationToken)
   at Microsoft.EntityFrameworkCore.ChangeTracking.Internal.StateManager.SaveChangesAsync(IList`1 entriesToSave, CancellationToken cancellationToken)
   at Microsoft.EntityFrameworkCore.ChangeTracking.Internal.StateManager.SaveChangesAsync(StateManager stateManager, Boolean acceptAllChangesOnSuccess, CancellationToken cancellationToken)
   at Microsoft.EntityFrameworkCore.DbContext.SaveChangesAsync(Boolean acceptAllChangesOnSuccess, CancellationToken cancellationToken)
Microsoft.EntityFrameworkCore.DbUpdateException: An error occurred while saving the entity changes. See the inner exception for details.
 ---> Microsoft.Data.Sqlite.SqliteException (0x80004005): SQLite Error 1: 'no such table: AuditLogs'.
   at Microsoft.Data.Sqlite.SqliteException.ThrowExceptionForRC(Int32 rc, sqlite3 db)
   at Microsoft.Data.Sqlite.SqliteCommand.PrepareAndEnumerateStatements()+MoveNext()
   at Microsoft.Data.Sqlite.SqliteCommand.GetStatements()+MoveNext()
   at Microsoft.Data.Sqlite.SqliteDataReader.NextResult()
   at Microsoft.Data.Sqlite.SqliteCommand.ExecuteReader(CommandBehavior behavior)
   at Microsoft.Data.Sqlite.SqliteCommand.ExecuteReaderAsync(CommandBehavior behavior, CancellationToken cancellationToken)
   at Microsoft.Data.Sqlite.SqliteCommand.ExecuteDbDataReaderAsync(CommandBehavior behavior, CancellationToken cancellationToken)
   at Microsoft.EntityFrameworkCore.Storage.RelationalCommand.ExecuteReaderAsync(RelationalCommandParameterObject parameterObject, CancellationToken cancellationToken)
   at Microsoft.EntityFrameworkCore.Storage.RelationalCommand.ExecuteReaderAsync(RelationalCommandParameterObject parameterObject, CancellationToken cancellationToken)
   at Microsoft.EntityFrameworkCore.Update.ReaderModificationCommandBatch.ExecuteAsync(IRelationalConnection connection, CancellationToken cancellationToken)
   --- End of inner exception stack trace ---
   at Microsoft.EntityFrameworkCore.Update.ReaderModificationCommandBatch.ExecuteAsync(IRelationalConnection connection, CancellationToken cancellationToken)
   at Microsoft.EntityFrameworkCore.Update.Internal.BatchExecutor.ExecuteAsync(IEnumerable`1 commandBatches, IRelationalConnection connection, CancellationToken cancellationToken)
   at Microsoft.EntityFrameworkCore.Update.Internal.BatchExecutor.ExecuteAsync(IEnumerable`1 commandBatches, IRelationalConnection connection, CancellationToken cancellationToken)
   at Microsoft.EntityFrameworkCore.Update.Internal.BatchExecutor.ExecuteAsync(IEnumerable`1 commandBatches, IRelationalConnection connection, CancellationToken cancellationToken)
   at Microsoft.EntityFrameworkCore.Storage.RelationalDatabase.SaveChangesAsync(IList`1 entries, CancellationToken cancellationToken)
   at Microsoft.EntityFrameworkCore.ChangeTracking.Internal.StateManager.SaveChangesAsync(IList`1 entriesToSave, CancellationToken cancellationToken)
   at Microsoft.EntityFrameworkCore.ChangeTracking.Internal.StateManager.SaveChangesAsync(StateManager stateManager, Boolean acceptAllChangesOnSuccess, CancellationToken cancellationToken)
   at Microsoft.EntityFrameworkCore.DbContext.SaveChangesAsync(Boolean acceptAllChangesOnSuccess, CancellationToken cancellationToken)
2026-09-08 13:37:43.849 +02:00 [ERR] Could not persist audit log for /api/companies
Microsoft.EntityFrameworkCore.DbUpdateException: An error occurred while saving the entity changes. See the inner exception for details.
 ---> Microsoft.Data.Sqlite.SqliteException (0x80004005): SQLite Error 1: 'no such table: AuditLogs'.
   at Microsoft.Data.Sqlite.SqliteException.ThrowExceptionForRC(Int32 rc, sqlite3 db)
   at Microsoft.Data.Sqlite.SqliteCommand.PrepareAndEnumerateStatements()+MoveNext()
   at Microsoft.Data.Sqlite.SqliteCommand.GetStatements()+MoveNext()
   at Microsoft.Data.Sqlite.SqliteDataReader.NextResult()
   at Microsoft.Data.Sqlite.SqliteCommand.ExecuteReader(CommandBehavior behavior)
   at Microsoft.Data.Sqlite.SqliteCommand.ExecuteReaderAsync(CommandBehavior behavior, CancellationToken cancellationToken)
   at Microsoft.Data.Sqlite.SqliteCommand.ExecuteDbDataReaderAsync(CommandBehavior behavior, CancellationToken cancellationToken)
   at Microsoft.EntityFrameworkCore.Storage.RelationalCommand.ExecuteReaderAsync(RelationalCommandParameterObject parameterObject, CancellationToken cancellationToken)
   at Microsoft.EntityFrameworkCore.Storage.RelationalCommand.ExecuteReaderAsync(RelationalCommandParameterObject parameterObject, CancellationToken cancellationToken)
   at Microsoft.EntityFrameworkCore.Update.ReaderModificationCommandBatch.ExecuteAsync(IRelationalConnection connection, CancellationToken cancellationToken)
   --- End of inner exception stack trace ---
   at Microsoft.EntityFrameworkCore.Update.ReaderModificationCommandBatch.ExecuteAsync(IRelationalConnection connection, CancellationToken cancellationToken)
   at Microsoft.EntityFrameworkCore.Update.Internal.BatchExecutor.ExecuteAsync(IEnumerable`1 commandBatches, IRelationalConnection connection, CancellationToken cancellationToken)
   at Microsoft.EntityFrameworkCore.Update.Internal.BatchExecutor.ExecuteAsync(IEnumerable`1 commandBatches, IRelationalConnection connection, CancellationToken cancellationToken)
   at Microsoft.EntityFrameworkCore.Update.Internal.BatchExecutor.ExecuteAsync(IEnumerable`1 commandBatches, IRelationalConnection connection, CancellationToken cancellationToken)
   at Microsoft.EntityFrameworkCore.Storage.RelationalDatabase.SaveChangesAsync(IList`1 entries, CancellationToken cancellationToken)
   at Microsoft.EntityFrameworkCore.ChangeTracking.Internal.StateManager.SaveChangesAsync(IList`1 entriesToSave, CancellationToken cancellationToken)
   at Microsoft.EntityFrameworkCore.ChangeTracking.Internal.StateManager.SaveChangesAsync(StateManager stateManager, Boolean acceptAllChangesOnSuccess, CancellationToken cancellationToken)
   at Microsoft.EntityFrameworkCore.DbContext.SaveChangesAsync(Boolean acceptAllChangesOnSuccess, CancellationToken cancellationToken)
   at Microsoft.EntityFrameworkCore.DbContext.SaveChangesAsync(Boolean acceptAllChangesOnSuccess, CancellationToken cancellationToken)
   at Payroll.Api.Middleware.AuditMiddleware.InvokeAsync(HttpContext context, AppDbContext db) in C:\Users\g990564\source\repos\payrollsa\payrollsa\Backend\src\Payroll.Api\Middleware\AuditMiddleware.cs:line 46
2026-09-08 13:37:43.869 +02:00 [INF] HTTP OPTIONS /api/companies responded 204 in 57.1009 ms
2026-09-08 13:37:44.136 +02:00 [ERR] Failed executing DbCommand (0ms) [Parameters=[@p0='?' (DbType = Guid), @p1='?' (Size = 18), @p2='?' (DbType = Guid), @p3='?' (DbType = DateTime), @p4='?', @p5='?' (DbType = DateTime), @p6='?', @p7='?' (Size = 3), @p8='?' (Size = 3), @p9='?' (DbType = Boolean), @p10='?' (DbType = DateTime), @p11='?', @p12='?' (DbType = DateTime), @p13='?' (Size = 14), @p14='?' (DbType = Int32), @p15='?' (Size = 21), @p16='?' (DbType = Guid)], CommandType='"Text"', CommandTimeout='30']
INSERT INTO "AuditLogs" ("Id", "Action", "CompanyId", "CreatedAt", "CreatedBy", "DeletedAt", "DeletedBy", "HttpMethod", "IpAddress", "IsDeleted", "ModifiedAt", "ModifiedBy", "OccurredAt", "Path", "StatusCode", "UserEmail", "UserId")
VALUES (@p0, @p1, @p2, @p3, @p4, @p5, @p6, @p7, @p8, @p9, @p10, @p11, @p12, @p13, @p14, @p15, @p16);
2026-09-08 13:37:44.150 +02:00 [ERR] An exception occurred in the database while saving changes for context type 'Payroll.Infrastructure.Persistence.AppDbContext'.
Microsoft.EntityFrameworkCore.DbUpdateException: An error occurred while saving the entity changes. See the inner exception for details.
 ---> Microsoft.Data.Sqlite.SqliteException (0x80004005): SQLite Error 1: 'no such table: AuditLogs'.
   at Microsoft.Data.Sqlite.SqliteException.ThrowExceptionForRC(Int32 rc, sqlite3 db)
   at Microsoft.Data.Sqlite.SqliteCommand.PrepareAndEnumerateStatements()+MoveNext()
   at Microsoft.Data.Sqlite.SqliteCommand.GetStatements()+MoveNext()
   at Microsoft.Data.Sqlite.SqliteDataReader.NextResult()
   at Microsoft.Data.Sqlite.SqliteCommand.ExecuteReader(CommandBehavior behavior)
   at Microsoft.Data.Sqlite.SqliteCommand.ExecuteReaderAsync(CommandBehavior behavior, CancellationToken cancellationToken)
   at Microsoft.Data.Sqlite.SqliteCommand.ExecuteDbDataReaderAsync(CommandBehavior behavior, CancellationToken cancellationToken)
   at Microsoft.EntityFrameworkCore.Storage.RelationalCommand.ExecuteReaderAsync(RelationalCommandParameterObject parameterObject, CancellationToken cancellationToken)
   at Microsoft.EntityFrameworkCore.Storage.RelationalCommand.ExecuteReaderAsync(RelationalCommandParameterObject parameterObject, CancellationToken cancellationToken)
   at Microsoft.EntityFrameworkCore.Update.ReaderModificationCommandBatch.ExecuteAsync(IRelationalConnection connection, CancellationToken cancellationToken)
   --- End of inner exception stack trace ---
   at Microsoft.EntityFrameworkCore.Update.ReaderModificationCommandBatch.ExecuteAsync(IRelationalConnection connection, CancellationToken cancellationToken)
   at Microsoft.EntityFrameworkCore.Update.Internal.BatchExecutor.ExecuteAsync(IEnumerable`1 commandBatches, IRelationalConnection connection, CancellationToken cancellationToken)
   at Microsoft.EntityFrameworkCore.Update.Internal.BatchExecutor.ExecuteAsync(IEnumerable`1 commandBatches, IRelationalConnection connection, CancellationToken cancellationToken)
   at Microsoft.EntityFrameworkCore.Update.Internal.BatchExecutor.ExecuteAsync(IEnumerable`1 commandBatches, IRelationalConnection connection, CancellationToken cancellationToken)
   at Microsoft.EntityFrameworkCore.Storage.RelationalDatabase.SaveChangesAsync(IList`1 entries, CancellationToken cancellationToken)
   at Microsoft.EntityFrameworkCore.ChangeTracking.Internal.StateManager.SaveChangesAsync(IList`1 entriesToSave, CancellationToken cancellationToken)
   at Microsoft.EntityFrameworkCore.ChangeTracking.Internal.StateManager.SaveChangesAsync(StateManager stateManager, Boolean acceptAllChangesOnSuccess, CancellationToken cancellationToken)
   at Microsoft.EntityFrameworkCore.DbContext.SaveChangesAsync(Boolean acceptAllChangesOnSuccess, CancellationToken cancellationToken)
Microsoft.EntityFrameworkCore.DbUpdateException: An error occurred while saving the entity changes. See the inner exception for details.
 ---> Microsoft.Data.Sqlite.SqliteException (0x80004005): SQLite Error 1: 'no such table: AuditLogs'.
   at Microsoft.Data.Sqlite.SqliteException.ThrowExceptionForRC(Int32 rc, sqlite3 db)
   at Microsoft.Data.Sqlite.SqliteCommand.PrepareAndEnumerateStatements()+MoveNext()
   at Microsoft.Data.Sqlite.SqliteCommand.GetStatements()+MoveNext()
   at Microsoft.Data.Sqlite.SqliteDataReader.NextResult()
   at Microsoft.Data.Sqlite.SqliteCommand.ExecuteReader(CommandBehavior behavior)
   at Microsoft.Data.Sqlite.SqliteCommand.ExecuteReaderAsync(CommandBehavior behavior, CancellationToken cancellationToken)
   at Microsoft.Data.Sqlite.SqliteCommand.ExecuteDbDataReaderAsync(CommandBehavior behavior, CancellationToken cancellationToken)
   at Microsoft.EntityFrameworkCore.Storage.RelationalCommand.ExecuteReaderAsync(RelationalCommandParameterObject parameterObject, CancellationToken cancellationToken)
   at Microsoft.EntityFrameworkCore.Storage.RelationalCommand.ExecuteReaderAsync(RelationalCommandParameterObject parameterObject, CancellationToken cancellationToken)
   at Microsoft.EntityFrameworkCore.Update.ReaderModificationCommandBatch.ExecuteAsync(IRelationalConnection connection, CancellationToken cancellationToken)
   --- End of inner exception stack trace ---
   at Microsoft.EntityFrameworkCore.Update.ReaderModificationCommandBatch.ExecuteAsync(IRelationalConnection connection, CancellationToken cancellationToken)
   at Microsoft.EntityFrameworkCore.Update.Internal.BatchExecutor.ExecuteAsync(IEnumerable`1 commandBatches, IRelationalConnection connection, CancellationToken cancellationToken)
   at Microsoft.EntityFrameworkCore.Update.Internal.BatchExecutor.ExecuteAsync(IEnumerable`1 commandBatches, IRelationalConnection connection, CancellationToken cancellationToken)
   at Microsoft.EntityFrameworkCore.Update.Internal.BatchExecutor.ExecuteAsync(IEnumerable`1 commandBatches, IRelationalConnection connection, CancellationToken cancellationToken)
   at Microsoft.EntityFrameworkCore.Storage.RelationalDatabase.SaveChangesAsync(IList`1 entries, CancellationToken cancellationToken)
   at Microsoft.EntityFrameworkCore.ChangeTracking.Internal.StateManager.SaveChangesAsync(IList`1 entriesToSave, CancellationToken cancellationToken)
   at Microsoft.EntityFrameworkCore.ChangeTracking.Internal.StateManager.SaveChangesAsync(StateManager stateManager, Boolean acceptAllChangesOnSuccess, CancellationToken cancellationToken)
   at Microsoft.EntityFrameworkCore.DbContext.SaveChangesAsync(Boolean acceptAllChangesOnSuccess, CancellationToken cancellationToken)
2026-09-08 13:37:44.201 +02:00 [ERR] Could not persist audit log for /api/companies
Microsoft.EntityFrameworkCore.DbUpdateException: An error occurred while saving the entity changes. See the inner exception for details.
 ---> Microsoft.Data.Sqlite.SqliteException (0x80004005): SQLite Error 1: 'no such table: AuditLogs'.
   at Microsoft.Data.Sqlite.SqliteException.ThrowExceptionForRC(Int32 rc, sqlite3 db)
   at Microsoft.Data.Sqlite.SqliteCommand.PrepareAndEnumerateStatements()+MoveNext()
   at Microsoft.Data.Sqlite.SqliteCommand.GetStatements()+MoveNext()
   at Microsoft.Data.Sqlite.SqliteDataReader.NextResult()
   at Microsoft.Data.Sqlite.SqliteCommand.ExecuteReader(CommandBehavior behavior)
   at Microsoft.Data.Sqlite.SqliteCommand.ExecuteReaderAsync(CommandBehavior behavior, CancellationToken cancellationToken)
   at Microsoft.Data.Sqlite.SqliteCommand.ExecuteDbDataReaderAsync(CommandBehavior behavior, CancellationToken cancellationToken)
   at Microsoft.EntityFrameworkCore.Storage.RelationalCommand.ExecuteReaderAsync(RelationalCommandParameterObject parameterObject, CancellationToken cancellationToken)
   at Microsoft.EntityFrameworkCore.Storage.RelationalCommand.ExecuteReaderAsync(RelationalCommandParameterObject parameterObject, CancellationToken cancellationToken)
   at Microsoft.EntityFrameworkCore.Update.ReaderModificationCommandBatch.ExecuteAsync(IRelationalConnection connection, CancellationToken cancellationToken)
   --- End of inner exception stack trace ---
   at Microsoft.EntityFrameworkCore.Update.ReaderModificationCommandBatch.ExecuteAsync(IRelationalConnection connection, CancellationToken cancellationToken)
   at Microsoft.EntityFrameworkCore.Update.Internal.BatchExecutor.ExecuteAsync(IEnumerable`1 commandBatches, IRelationalConnection connection, CancellationToken cancellationToken)
   at Microsoft.EntityFrameworkCore.Update.Internal.BatchExecutor.ExecuteAsync(IEnumerable`1 commandBatches, IRelationalConnection connection, CancellationToken cancellationToken)
   at Microsoft.EntityFrameworkCore.Update.Internal.BatchExecutor.ExecuteAsync(IEnumerable`1 commandBatches, IRelationalConnection connection, CancellationToken cancellationToken)
   at Microsoft.EntityFrameworkCore.Storage.RelationalDatabase.SaveChangesAsync(IList`1 entries, CancellationToken cancellationToken)
   at Microsoft.EntityFrameworkCore.ChangeTracking.Internal.StateManager.SaveChangesAsync(IList`1 entriesToSave, CancellationToken cancellationToken)
   at Microsoft.EntityFrameworkCore.ChangeTracking.Internal.StateManager.SaveChangesAsync(StateManager stateManager, Boolean acceptAllChangesOnSuccess, CancellationToken cancellationToken)
   at Microsoft.EntityFrameworkCore.DbContext.SaveChangesAsync(Boolean acceptAllChangesOnSuccess, CancellationToken cancellationToken)
   at Microsoft.EntityFrameworkCore.DbContext.SaveChangesAsync(Boolean acceptAllChangesOnSuccess, CancellationToken cancellationToken)
   at Payroll.Api.Middleware.AuditMiddleware.InvokeAsync(HttpContext context, AppDbContext db) in C:\Users\g990564\source\repos\payrollsa\payrollsa\Backend\src\Payroll.Api\Middleware\AuditMiddleware.cs:line 46
2026-09-08 13:37:44.218 +02:00 [INF] HTTP GET /api/companies responded 200 in 337.8524 ms
2026-09-08 13:37:44.234 +02:00 [INF] HTTP OPTIONS /api/management/summary responded 204 in 1.1382 ms
2026-09-08 13:37:44.240 +02:00 [INF] HTTP OPTIONS /api/management/audit responded 204 in 1.4562 ms
2026-09-08 13:37:44.335 +02:00 [ERR] Failed executing DbCommand (0ms) [Parameters=[@request_CompanyId='?' (DbType = Guid), @p='?' (DbType = Int32)], CommandType='"Text"', CommandTimeout='30']
SELECT "a"."Id", "a"."CompanyId", "a"."UserEmail", "a"."IpAddress", "a"."HttpMethod", "a"."Path", "a"."StatusCode", "a"."Action", "a"."OccurredAt"
FROM "AuditLogs" AS "a"
WHERE "a"."CompanyId" = @request_CompanyId
ORDER BY "a"."OccurredAt" DESC
LIMIT @p
2026-09-08 13:37:44.348 +02:00 [ERR] An exception occurred while iterating over the results of a query for context type 'Payroll.Infrastructure.Persistence.AppDbContext'.
Microsoft.Data.Sqlite.SqliteException (0x80004005): SQLite Error 1: 'no such table: AuditLogs'.
   at Microsoft.Data.Sqlite.SqliteException.ThrowExceptionForRC(Int32 rc, sqlite3 db)
   at Microsoft.Data.Sqlite.SqliteCommand.PrepareAndEnumerateStatements()+MoveNext()
   at Microsoft.Data.Sqlite.SqliteCommand.GetStatements()+MoveNext()
   at Microsoft.Data.Sqlite.SqliteDataReader.NextResult()
   at Microsoft.Data.Sqlite.SqliteCommand.ExecuteReader(CommandBehavior behavior)
   at Microsoft.Data.Sqlite.SqliteCommand.ExecuteReaderAsync(CommandBehavior behavior, CancellationToken cancellationToken)
   at Microsoft.Data.Sqlite.SqliteCommand.ExecuteDbDataReaderAsync(CommandBehavior behavior, CancellationToken cancellationToken)
   at Microsoft.EntityFrameworkCore.Storage.RelationalCommand.ExecuteReaderAsync(RelationalCommandParameterObject parameterObject, CancellationToken cancellationToken)
   at Microsoft.EntityFrameworkCore.Storage.RelationalCommand.ExecuteReaderAsync(RelationalCommandParameterObject parameterObject, CancellationToken cancellationToken)
   at Microsoft.EntityFrameworkCore.Query.Internal.SingleQueryingEnumerable`1.AsyncEnumerator.InitializeReaderAsync(AsyncEnumerator enumerator, CancellationToken cancellationToken)
   at Microsoft.EntityFrameworkCore.Query.Internal.SingleQueryingEnumerable`1.AsyncEnumerator.MoveNextAsync()
Microsoft.Data.Sqlite.SqliteException (0x80004005): SQLite Error 1: 'no such table: AuditLogs'.
   at Microsoft.Data.Sqlite.SqliteException.ThrowExceptionForRC(Int32 rc, sqlite3 db)
   at Microsoft.Data.Sqlite.SqliteCommand.PrepareAndEnumerateStatements()+MoveNext()
   at Microsoft.Data.Sqlite.SqliteCommand.GetStatements()+MoveNext()
   at Microsoft.Data.Sqlite.SqliteDataReader.NextResult()
   at Microsoft.Data.Sqlite.SqliteCommand.ExecuteReader(CommandBehavior behavior)
   at Microsoft.Data.Sqlite.SqliteCommand.ExecuteReaderAsync(CommandBehavior behavior, CancellationToken cancellationToken)
   at Microsoft.Data.Sqlite.SqliteCommand.ExecuteDbDataReaderAsync(CommandBehavior behavior, CancellationToken cancellationToken)
   at Microsoft.EntityFrameworkCore.Storage.RelationalCommand.ExecuteReaderAsync(RelationalCommandParameterObject parameterObject, CancellationToken cancellationToken)
   at Microsoft.EntityFrameworkCore.Storage.RelationalCommand.ExecuteReaderAsync(RelationalCommandParameterObject parameterObject, CancellationToken cancellationToken)
   at Microsoft.EntityFrameworkCore.Query.Internal.SingleQueryingEnumerable`1.AsyncEnumerator.InitializeReaderAsync(AsyncEnumerator enumerator, CancellationToken cancellationToken)
   at Microsoft.EntityFrameworkCore.Query.Internal.SingleQueryingEnumerable`1.AsyncEnumerator.MoveNextAsync()
2026-09-08 13:37:44.365 +02:00 [ERR] Unhandled exception: SQLite Error 1: 'no such table: AuditLogs'.
Microsoft.Data.Sqlite.SqliteException (0x80004005): SQLite Error 1: 'no such table: AuditLogs'.
   at Microsoft.Data.Sqlite.SqliteException.ThrowExceptionForRC(Int32 rc, sqlite3 db)
   at Microsoft.Data.Sqlite.SqliteCommand.PrepareAndEnumerateStatements()+MoveNext()
   at Microsoft.Data.Sqlite.SqliteCommand.GetStatements()+MoveNext()
   at Microsoft.Data.Sqlite.SqliteDataReader.NextResult()
   at Microsoft.Data.Sqlite.SqliteCommand.ExecuteReader(CommandBehavior behavior)
   at Microsoft.Data.Sqlite.SqliteCommand.ExecuteReaderAsync(CommandBehavior behavior, CancellationToken cancellationToken)
   at Microsoft.Data.Sqlite.SqliteCommand.ExecuteDbDataReaderAsync(CommandBehavior behavior, CancellationToken cancellationToken)
   at Microsoft.EntityFrameworkCore.Storage.RelationalCommand.ExecuteReaderAsync(RelationalCommandParameterObject parameterObject, CancellationToken cancellationToken)
   at Microsoft.EntityFrameworkCore.Storage.RelationalCommand.ExecuteReaderAsync(RelationalCommandParameterObject parameterObject, CancellationToken cancellationToken)
   at Microsoft.EntityFrameworkCore.Query.Internal.SingleQueryingEnumerable`1.AsyncEnumerator.InitializeReaderAsync(AsyncEnumerator enumerator, CancellationToken cancellationToken)
   at Microsoft.EntityFrameworkCore.Query.Internal.SingleQueryingEnumerable`1.AsyncEnumerator.MoveNextAsync()
   at Microsoft.EntityFrameworkCore.EntityFrameworkQueryableExtensions.ToListAsync[TSource](IQueryable`1 source, CancellationToken cancellationToken)
   at Microsoft.EntityFrameworkCore.EntityFrameworkQueryableExtensions.ToListAsync[TSource](IQueryable`1 source, CancellationToken cancellationToken)
   at Payroll.Application.Management.Queries.GetManagementAuditHandler.Handle(GetManagementAuditQuery request, CancellationToken ct) in C:\Users\g990564\source\repos\payrollsa\payrollsa\Backend\src\Payroll.Application\Management\Queries\ManagementQueries.cs:line 80
   at Payroll.Application.Common.Behaviours.LoggingBehaviour`2.Handle(TRequest request, RequestHandlerDelegate`1 next, CancellationToken ct) in C:\Users\g990564\source\repos\payrollsa\payrollsa\Backend\src\Payroll.Application\Common\Behaviours\LoggingBehaviour.cs:line 14
   at Payroll.Application.Common.Behaviours.ValidationBehaviour`2.Handle(TRequest request, RequestHandlerDelegate`1 next, CancellationToken ct) in C:\Users\g990564\source\repos\payrollsa\payrollsa\Backend\src\Payroll.Application\Common\Behaviours\ValidationBehaviour.cs:line 15
   at Payroll.Api.Controllers.ManagementController.GetAudit(Nullable`1 companyId, Int32 take, CancellationToken ct) in C:\Users\g990564\source\repos\payrollsa\payrollsa\Backend\src\Payroll.Api\Controllers\ManagementController.cs:line 18
   at Microsoft.AspNetCore.Mvc.Infrastructure.ActionMethodExecutor.TaskOfIActionResultExecutor.Execute(ActionContext actionContext, IActionResultTypeMapper mapper, ObjectMethodExecutor executor, Object controller, Object[] arguments)
   at Microsoft.AspNetCore.Mvc.Infrastructure.ControllerActionInvoker.<InvokeActionMethodAsync>g__Awaited|12_0(ControllerActionInvoker invoker, ValueTask`1 actionResultValueTask)
   at Microsoft.AspNetCore.Mvc.Infrastructure.ControllerActionInvoker.<InvokeNextActionFilterAsync>g__Awaited|10_0(ControllerActionInvoker invoker, Task lastTask, State next, Scope scope, Object state, Boolean isCompleted)
   at Microsoft.AspNetCore.Mvc.Infrastructure.ControllerActionInvoker.Rethrow(ActionExecutedContextSealed context)
   at Microsoft.AspNetCore.Mvc.Infrastructure.ControllerActionInvoker.Next(State& next, Scope& scope, Object& state, Boolean& isCompleted)
   at Microsoft.AspNetCore.Mvc.Infrastructure.ControllerActionInvoker.InvokeInnerFilterAsync()
--- End of stack trace from previous location ---
   at Microsoft.AspNetCore.Mvc.Infrastructure.ResourceInvoker.<InvokeFilterPipelineAsync>g__Awaited|20_0(ResourceInvoker invoker, Task lastTask, State next, Scope scope, Object state, Boolean isCompleted)
   at Microsoft.AspNetCore.Mvc.Infrastructure.ResourceInvoker.<InvokeAsync>g__Awaited|17_0(ResourceInvoker invoker, Task task, IDisposable scope)
   at Microsoft.AspNetCore.Mvc.Infrastructure.ResourceInvoker.<InvokeAsync>g__Awaited|17_0(ResourceInvoker invoker, Task task, IDisposable scope)
   at Swashbuckle.AspNetCore.SwaggerUI.SwaggerUIMiddleware.Invoke(HttpContext httpContext)
   at Swashbuckle.AspNetCore.Swagger.SwaggerMiddleware.Invoke(HttpContext httpContext, ISwaggerProvider swaggerProvider)
   at Microsoft.AspNetCore.Authorization.AuthorizationMiddleware.Invoke(HttpContext context)
   at Microsoft.AspNetCore.Authentication.AuthenticationMiddleware.Invoke(HttpContext context)
   at Payroll.Api.Middleware.AuditMiddleware.InvokeAsync(HttpContext context, AppDbContext db) in C:\Users\g990564\source\repos\payrollsa\payrollsa\Backend\src\Payroll.Api\Middleware\AuditMiddleware.cs:line 16
   at Payroll.Api.Middleware.AuditMiddleware.InvokeAsync(HttpContext context, AppDbContext db) in C:\Users\g990564\source\repos\payrollsa\payrollsa\Backend\src\Payroll.Api\Middleware\AuditMiddleware.cs:line 53
   at Payroll.Api.Middleware.ExceptionMiddleware.InvokeAsync(HttpContext context) in C:\Users\g990564\source\repos\payrollsa\payrollsa\Backend\src\Payroll.Api\Middleware\ExceptionMiddleware.cs:line 14
2026-09-08 13:37:44.412 +02:00 [ERR] HTTP GET /api/management/audit responded 500 in 160.3280 ms
2026-09-08 13:37:44.562 +02:00 [ERR] Failed executing DbCommand (0ms) [Parameters=[@request_CompanyId='?' (DbType = Guid)], CommandType='"Text"', CommandTimeout='30']
SELECT "a"."OccurredAt"
FROM "AuditLogs" AS "a"
WHERE "a"."CompanyId" = @request_CompanyId
ORDER BY "a"."OccurredAt" DESC
LIMIT 1
2026-09-08 13:37:44.573 +02:00 [ERR] An exception occurred while iterating over the results of a query for context type 'Payroll.Infrastructure.Persistence.AppDbContext'.
Microsoft.Data.Sqlite.SqliteException (0x80004005): SQLite Error 1: 'no such table: AuditLogs'.
   at Microsoft.Data.Sqlite.SqliteException.ThrowExceptionForRC(Int32 rc, sqlite3 db)
   at Microsoft.Data.Sqlite.SqliteCommand.PrepareAndEnumerateStatements()+MoveNext()
   at Microsoft.Data.Sqlite.SqliteCommand.GetStatements()+MoveNext()
   at Microsoft.Data.Sqlite.SqliteDataReader.NextResult()
   at Microsoft.Data.Sqlite.SqliteCommand.ExecuteReader(CommandBehavior behavior)
   at Microsoft.Data.Sqlite.SqliteCommand.ExecuteReaderAsync(CommandBehavior behavior, CancellationToken cancellationToken)
   at Microsoft.Data.Sqlite.SqliteCommand.ExecuteDbDataReaderAsync(CommandBehavior behavior, CancellationToken cancellationToken)
   at Microsoft.EntityFrameworkCore.Storage.RelationalCommand.ExecuteReaderAsync(RelationalCommandParameterObject parameterObject, CancellationToken cancellationToken)
   at Microsoft.EntityFrameworkCore.Storage.RelationalCommand.ExecuteReaderAsync(RelationalCommandParameterObject parameterObject, CancellationToken cancellationToken)
   at Microsoft.EntityFrameworkCore.Query.Internal.SingleQueryingEnumerable`1.AsyncEnumerator.InitializeReaderAsync(AsyncEnumerator enumerator, CancellationToken cancellationToken)
   at Microsoft.EntityFrameworkCore.Query.Internal.SingleQueryingEnumerable`1.AsyncEnumerator.MoveNextAsync()
Microsoft.Data.Sqlite.SqliteException (0x80004005): SQLite Error 1: 'no such table: AuditLogs'.
   at Microsoft.Data.Sqlite.SqliteException.ThrowExceptionForRC(Int32 rc, sqlite3 db)
   at Microsoft.Data.Sqlite.SqliteCommand.PrepareAndEnumerateStatements()+MoveNext()
   at Microsoft.Data.Sqlite.SqliteCommand.GetStatements()+MoveNext()
   at Microsoft.Data.Sqlite.SqliteDataReader.NextResult()
   at Microsoft.Data.Sqlite.SqliteCommand.ExecuteReader(CommandBehavior behavior)
   at Microsoft.Data.Sqlite.SqliteCommand.ExecuteReaderAsync(CommandBehavior behavior, CancellationToken cancellationToken)
   at Microsoft.Data.Sqlite.SqliteCommand.ExecuteDbDataReaderAsync(CommandBehavior behavior, CancellationToken cancellationToken)
   at Microsoft.EntityFrameworkCore.Storage.RelationalCommand.ExecuteReaderAsync(RelationalCommandParameterObject parameterObject, CancellationToken cancellationToken)
   at Microsoft.EntityFrameworkCore.Storage.RelationalCommand.ExecuteReaderAsync(RelationalCommandParameterObject parameterObject, CancellationToken cancellationToken)
   at Microsoft.EntityFrameworkCore.Query.Internal.SingleQueryingEnumerable`1.AsyncEnumerator.InitializeReaderAsync(AsyncEnumerator enumerator, CancellationToken cancellationToken)
   at Microsoft.EntityFrameworkCore.Query.Internal.SingleQueryingEnumerable`1.AsyncEnumerator.MoveNextAsync()
2026-09-08 13:37:44.587 +02:00 [ERR] Unhandled exception: SQLite Error 1: 'no such table: AuditLogs'.
Microsoft.Data.Sqlite.SqliteException (0x80004005): SQLite Error 1: 'no such table: AuditLogs'.
   at Microsoft.Data.Sqlite.SqliteException.ThrowExceptionForRC(Int32 rc, sqlite3 db)
   at Microsoft.Data.Sqlite.SqliteCommand.PrepareAndEnumerateStatements()+MoveNext()
   at Microsoft.Data.Sqlite.SqliteCommand.GetStatements()+MoveNext()
   at Microsoft.Data.Sqlite.SqliteDataReader.NextResult()
   at Microsoft.Data.Sqlite.SqliteCommand.ExecuteReader(CommandBehavior behavior)
   at Microsoft.Data.Sqlite.SqliteCommand.ExecuteReaderAsync(CommandBehavior behavior, CancellationToken cancellationToken)
   at Microsoft.Data.Sqlite.SqliteCommand.ExecuteDbDataReaderAsync(CommandBehavior behavior, CancellationToken cancellationToken)
   at Microsoft.EntityFrameworkCore.Storage.RelationalCommand.ExecuteReaderAsync(RelationalCommandParameterObject parameterObject, CancellationToken cancellationToken)
   at Microsoft.EntityFrameworkCore.Storage.RelationalCommand.ExecuteReaderAsync(RelationalCommandParameterObject parameterObject, CancellationToken cancellationToken)
   at Microsoft.EntityFrameworkCore.Query.Internal.SingleQueryingEnumerable`1.AsyncEnumerator.InitializeReaderAsync(AsyncEnumerator enumerator, CancellationToken cancellationToken)
   at Microsoft.EntityFrameworkCore.Query.Internal.SingleQueryingEnumerable`1.AsyncEnumerator.MoveNextAsync()
   at Microsoft.EntityFrameworkCore.Query.ShapedQueryCompilingExpressionVisitor.SingleOrDefaultAsync[TSource](IAsyncEnumerable`1 asyncEnumerable, CancellationToken cancellationToken)
   at Microsoft.EntityFrameworkCore.Query.ShapedQueryCompilingExpressionVisitor.SingleOrDefaultAsync[TSource](IAsyncEnumerable`1 asyncEnumerable, CancellationToken cancellationToken)
   at Payroll.Application.Management.Queries.GetCompanyManagementSummaryHandler.Handle(GetCompanyManagementSummaryQuery request, CancellationToken ct) in C:\Users\g990564\source\repos\payrollsa\payrollsa\Backend\src\Payroll.Application\Management\Queries\ManagementQueries.cs:line 44
   at Payroll.Application.Common.Behaviours.LoggingBehaviour`2.Handle(TRequest request, RequestHandlerDelegate`1 next, CancellationToken ct) in C:\Users\g990564\source\repos\payrollsa\payrollsa\Backend\src\Payroll.Application\Common\Behaviours\LoggingBehaviour.cs:line 14
   at Payroll.Application.Common.Behaviours.ValidationBehaviour`2.Handle(TRequest request, RequestHandlerDelegate`1 next, CancellationToken ct) in C:\Users\g990564\source\repos\payrollsa\payrollsa\Backend\src\Payroll.Application\Common\Behaviours\ValidationBehaviour.cs:line 15
   at Payroll.Api.Controllers.ManagementController.GetSummary(Guid companyId, CancellationToken ct) in C:\Users\g990564\source\repos\payrollsa\payrollsa\Backend\src\Payroll.Api\Controllers\ManagementController.cs:line 14
   at Microsoft.AspNetCore.Mvc.Infrastructure.ActionMethodExecutor.TaskOfIActionResultExecutor.Execute(ActionContext actionContext, IActionResultTypeMapper mapper, ObjectMethodExecutor executor, Object controller, Object[] arguments)
   at Microsoft.AspNetCore.Mvc.Infrastructure.ControllerActionInvoker.<InvokeActionMethodAsync>g__Awaited|12_0(ControllerActionInvoker invoker, ValueTask`1 actionResultValueTask)
   at Microsoft.AspNetCore.Mvc.Infrastructure.ControllerActionInvoker.<InvokeNextActionFilterAsync>g__Awaited|10_0(ControllerActionInvoker invoker, Task lastTask, State next, Scope scope, Object state, Boolean isCompleted)
   at Microsoft.AspNetCore.Mvc.Infrastructure.ControllerActionInvoker.Rethrow(ActionExecutedContextSealed context)
   at Microsoft.AspNetCore.Mvc.Infrastructure.ControllerActionInvoker.Next(State& next, Scope& scope, Object& state, Boolean& isCompleted)
   at Microsoft.AspNetCore.Mvc.Infrastructure.ControllerActionInvoker.InvokeInnerFilterAsync()
--- End of stack trace from previous location ---
   at Microsoft.AspNetCore.Mvc.Infrastructure.ResourceInvoker.<InvokeFilterPipelineAsync>g__Awaited|20_0(ResourceInvoker invoker, Task lastTask, State next, Scope scope, Object state, Boolean isCompleted)
   at Microsoft.AspNetCore.Mvc.Infrastructure.ResourceInvoker.<InvokeAsync>g__Awaited|17_0(ResourceInvoker invoker, Task task, IDisposable scope)
   at Microsoft.AspNetCore.Mvc.Infrastructure.ResourceInvoker.<InvokeAsync>g__Awaited|17_0(ResourceInvoker invoker, Task task, IDisposable scope)
   at Swashbuckle.AspNetCore.SwaggerUI.SwaggerUIMiddleware.Invoke(HttpContext httpContext)
   at Swashbuckle.AspNetCore.Swagger.SwaggerMiddleware.Invoke(HttpContext httpContext, ISwaggerProvider swaggerProvider)
   at Microsoft.AspNetCore.Authorization.AuthorizationMiddleware.Invoke(HttpContext context)
   at Microsoft.AspNetCore.Authentication.AuthenticationMiddleware.Invoke(HttpContext context)
   at Payroll.Api.Middleware.AuditMiddleware.InvokeAsync(HttpContext context, AppDbContext db) in C:\Users\g990564\source\repos\payrollsa\payrollsa\Backend\src\Payroll.Api\Middleware\AuditMiddleware.cs:line 16
   at Payroll.Api.Middleware.AuditMiddleware.InvokeAsync(HttpContext context, AppDbContext db) in C:\Users\g990564\source\repos\payrollsa\payrollsa\Backend\src\Payroll.Api\Middleware\AuditMiddleware.cs:line 53
   at Payroll.Api.Middleware.ExceptionMiddleware.InvokeAsync(HttpContext context) in C:\Users\g990564\source\repos\payrollsa\payrollsa\Backend\src\Payroll.Api\Middleware\ExceptionMiddleware.cs:line 14
2026-09-08 13:37:44.622 +02:00 [ERR] HTTP GET /api/management/summary responded 500 in 374.1260 ms
2026-09-08 13:37:55.630 +02:00 [ERR] Failed executing DbCommand (0ms) [Parameters=[@p0='?' (DbType = Guid), @p1='?' (Size = 22), @p2='?' (DbType = Guid), @p3='?' (DbType = DateTime), @p4='?', @p5='?' (DbType = DateTime), @p6='?', @p7='?' (Size = 7), @p8='?' (Size = 3), @p9='?' (DbType = Boolean), @p10='?' (DbType = DateTime), @p11='?', @p12='?' (DbType = DateTime), @p13='?' (Size = 14), @p14='?' (DbType = Int32), @p15='?', @p16='?' (DbType = Guid)], CommandType='"Text"', CommandTimeout='30']
INSERT INTO "AuditLogs" ("Id", "Action", "CompanyId", "CreatedAt", "CreatedBy", "DeletedAt", "DeletedBy", "HttpMethod", "IpAddress", "IsDeleted", "ModifiedAt", "ModifiedBy", "OccurredAt", "Path", "StatusCode", "UserEmail", "UserId")
VALUES (@p0, @p1, @p2, @p3, @p4, @p5, @p6, @p7, @p8, @p9, @p10, @p11, @p12, @p13, @p14, @p15, @p16);
2026-09-08 13:37:55.633 +02:00 [ERR] Failed executing DbCommand (0ms) [Parameters=[@p0='?' (DbType = Guid), @p1='?' (Size = 22), @p2='?' (DbType = Guid), @p3='?' (DbType = DateTime), @p4='?', @p5='?' (DbType = DateTime), @p6='?', @p7='?' (Size = 7), @p8='?' (Size = 3), @p9='?' (DbType = Boolean), @p10='?' (DbType = DateTime), @p11='?', @p12='?' (DbType = DateTime), @p13='?' (Size = 14), @p14='?' (DbType = Int32), @p15='?', @p16='?' (DbType = Guid)], CommandType='"Text"', CommandTimeout='30']
INSERT INTO "AuditLogs" ("Id", "Action", "CompanyId", "CreatedAt", "CreatedBy", "DeletedAt", "DeletedBy", "HttpMethod", "IpAddress", "IsDeleted", "ModifiedAt", "ModifiedBy", "OccurredAt", "Path", "StatusCode", "UserEmail", "UserId")
VALUES (@p0, @p1, @p2, @p3, @p4, @p5, @p6, @p7, @p8, @p9, @p10, @p11, @p12, @p13, @p14, @p15, @p16);
2026-09-08 13:37:55.637 +02:00 [ERR] An exception occurred in the database while saving changes for context type 'Payroll.Infrastructure.Persistence.AppDbContext'.
Microsoft.EntityFrameworkCore.DbUpdateException: An error occurred while saving the entity changes. See the inner exception for details.
 ---> Microsoft.Data.Sqlite.SqliteException (0x80004005): SQLite Error 1: 'no such table: AuditLogs'.
   at Microsoft.Data.Sqlite.SqliteException.ThrowExceptionForRC(Int32 rc, sqlite3 db)
   at Microsoft.Data.Sqlite.SqliteCommand.PrepareAndEnumerateStatements()+MoveNext()
   at Microsoft.Data.Sqlite.SqliteCommand.GetStatements()+MoveNext()
   at Microsoft.Data.Sqlite.SqliteDataReader.NextResult()
   at Microsoft.Data.Sqlite.SqliteCommand.ExecuteReader(CommandBehavior behavior)
   at Microsoft.Data.Sqlite.SqliteCommand.ExecuteReaderAsync(CommandBehavior behavior, CancellationToken cancellationToken)
   at Microsoft.Data.Sqlite.SqliteCommand.ExecuteDbDataReaderAsync(CommandBehavior behavior, CancellationToken cancellationToken)
   at Microsoft.EntityFrameworkCore.Storage.RelationalCommand.ExecuteReaderAsync(RelationalCommandParameterObject parameterObject, CancellationToken cancellationToken)
   at Microsoft.EntityFrameworkCore.Storage.RelationalCommand.ExecuteReaderAsync(RelationalCommandParameterObject parameterObject, CancellationToken cancellationToken)
   at Microsoft.EntityFrameworkCore.Update.ReaderModificationCommandBatch.ExecuteAsync(IRelationalConnection connection, CancellationToken cancellationToken)
   --- End of inner exception stack trace ---
   at Microsoft.EntityFrameworkCore.Update.ReaderModificationCommandBatch.ExecuteAsync(IRelationalConnection connection, CancellationToken cancellationToken)
   at Microsoft.EntityFrameworkCore.Update.Internal.BatchExecutor.ExecuteAsync(IEnumerable`1 commandBatches, IRelationalConnection connection, CancellationToken cancellationToken)
   at Microsoft.EntityFrameworkCore.Update.Internal.BatchExecutor.ExecuteAsync(IEnumerable`1 commandBatches, IRelationalConnection connection, CancellationToken cancellationToken)
   at Microsoft.EntityFrameworkCore.Update.Internal.BatchExecutor.ExecuteAsync(IEnumerable`1 commandBatches, IRelationalConnection connection, CancellationToken cancellationToken)
   at Microsoft.EntityFrameworkCore.Storage.RelationalDatabase.SaveChangesAsync(IList`1 entries, CancellationToken cancellationToken)
   at Microsoft.EntityFrameworkCore.ChangeTracking.Internal.StateManager.SaveChangesAsync(IList`1 entriesToSave, CancellationToken cancellationToken)
   at Microsoft.EntityFrameworkCore.ChangeTracking.Internal.StateManager.SaveChangesAsync(StateManager stateManager, Boolean acceptAllChangesOnSuccess, CancellationToken cancellationToken)
   at Microsoft.EntityFrameworkCore.DbContext.SaveChangesAsync(Boolean acceptAllChangesOnSuccess, CancellationToken cancellationToken)
Microsoft.EntityFrameworkCore.DbUpdateException: An error occurred while saving the entity changes. See the inner exception for details.
 ---> Microsoft.Data.Sqlite.SqliteException (0x80004005): SQLite Error 1: 'no such table: AuditLogs'.
   at Microsoft.Data.Sqlite.SqliteException.ThrowExceptionForRC(Int32 rc, sqlite3 db)
   at Microsoft.Data.Sqlite.SqliteCommand.PrepareAndEnumerateStatements()+MoveNext()
   at Microsoft.Data.Sqlite.SqliteCommand.GetStatements()+MoveNext()
   at Microsoft.Data.Sqlite.SqliteDataReader.NextResult()
   at Microsoft.Data.Sqlite.SqliteCommand.ExecuteReader(CommandBehavior behavior)
   at Microsoft.Data.Sqlite.SqliteCommand.ExecuteReaderAsync(CommandBehavior behavior, CancellationToken cancellationToken)
   at Microsoft.Data.Sqlite.SqliteCommand.ExecuteDbDataReaderAsync(CommandBehavior behavior, CancellationToken cancellationToken)
   at Microsoft.EntityFrameworkCore.Storage.RelationalCommand.ExecuteReaderAsync(RelationalCommandParameterObject parameterObject, CancellationToken cancellationToken)
   at Microsoft.EntityFrameworkCore.Storage.RelationalCommand.ExecuteReaderAsync(RelationalCommandParameterObject parameterObject, CancellationToken cancellationToken)
   at Microsoft.EntityFrameworkCore.Update.ReaderModificationCommandBatch.ExecuteAsync(IRelationalConnection connection, CancellationToken cancellationToken)
   --- End of inner exception stack trace ---
   at Microsoft.EntityFrameworkCore.Update.ReaderModificationCommandBatch.ExecuteAsync(IRelationalConnection connection, CancellationToken cancellationToken)
   at Microsoft.EntityFrameworkCore.Update.Internal.BatchExecutor.ExecuteAsync(IEnumerable`1 commandBatches, IRelationalConnection connection, CancellationToken cancellationToken)
   at Microsoft.EntityFrameworkCore.Update.Internal.BatchExecutor.ExecuteAsync(IEnumerable`1 commandBatches, IRelationalConnection connection, CancellationToken cancellationToken)
   at Microsoft.EntityFrameworkCore.Update.Internal.BatchExecutor.ExecuteAsync(IEnumerable`1 commandBatches, IRelationalConnection connection, CancellationToken cancellationToken)
   at Microsoft.EntityFrameworkCore.Storage.RelationalDatabase.SaveChangesAsync(IList`1 entries, CancellationToken cancellationToken)
   at Microsoft.EntityFrameworkCore.ChangeTracking.Internal.StateManager.SaveChangesAsync(IList`1 entriesToSave, CancellationToken cancellationToken)
   at Microsoft.EntityFrameworkCore.ChangeTracking.Internal.StateManager.SaveChangesAsync(StateManager stateManager, Boolean acceptAllChangesOnSuccess, CancellationToken cancellationToken)
   at Microsoft.EntityFrameworkCore.DbContext.SaveChangesAsync(Boolean acceptAllChangesOnSuccess, CancellationToken cancellationToken)
2026-09-08 13:37:55.640 +02:00 [ERR] An exception occurred in the database while saving changes for context type 'Payroll.Infrastructure.Persistence.AppDbContext'.
Microsoft.EntityFrameworkCore.DbUpdateException: An error occurred while saving the entity changes. See the inner exception for details.
 ---> Microsoft.Data.Sqlite.SqliteException (0x80004005): SQLite Error 1: 'no such table: AuditLogs'.
   at Microsoft.Data.Sqlite.SqliteException.ThrowExceptionForRC(Int32 rc, sqlite3 db)
   at Microsoft.Data.Sqlite.SqliteCommand.PrepareAndEnumerateStatements()+MoveNext()
   at Microsoft.Data.Sqlite.SqliteCommand.GetStatements()+MoveNext()
   at Microsoft.Data.Sqlite.SqliteDataReader.NextResult()
   at Microsoft.Data.Sqlite.SqliteCommand.ExecuteReader(CommandBehavior behavior)
   at Microsoft.Data.Sqlite.SqliteCommand.ExecuteReaderAsync(CommandBehavior behavior, CancellationToken cancellationToken)
   at Microsoft.Data.Sqlite.SqliteCommand.ExecuteDbDataReaderAsync(CommandBehavior behavior, CancellationToken cancellationToken)
   at Microsoft.EntityFrameworkCore.Storage.RelationalCommand.ExecuteReaderAsync(RelationalCommandParameterObject parameterObject, CancellationToken cancellationToken)
   at Microsoft.EntityFrameworkCore.Storage.RelationalCommand.ExecuteReaderAsync(RelationalCommandParameterObject parameterObject, CancellationToken cancellationToken)
   at Microsoft.EntityFrameworkCore.Update.ReaderModificationCommandBatch.ExecuteAsync(IRelationalConnection connection, CancellationToken cancellationToken)
   --- End of inner exception stack trace ---
   at Microsoft.EntityFrameworkCore.Update.ReaderModificationCommandBatch.ExecuteAsync(IRelationalConnection connection, CancellationToken cancellationToken)
   at Microsoft.EntityFrameworkCore.Update.Internal.BatchExecutor.ExecuteAsync(IEnumerable`1 commandBatches, IRelationalConnection connection, CancellationToken cancellationToken)
   at Microsoft.EntityFrameworkCore.Update.Internal.BatchExecutor.ExecuteAsync(IEnumerable`1 commandBatches, IRelationalConnection connection, CancellationToken cancellationToken)
   at Microsoft.EntityFrameworkCore.Update.Internal.BatchExecutor.ExecuteAsync(IEnumerable`1 commandBatches, IRelationalConnection connection, CancellationToken cancellationToken)
   at Microsoft.EntityFrameworkCore.Storage.RelationalDatabase.SaveChangesAsync(IList`1 entries, CancellationToken cancellationToken)
   at Microsoft.EntityFrameworkCore.ChangeTracking.Internal.StateManager.SaveChangesAsync(IList`1 entriesToSave, CancellationToken cancellationToken)
   at Microsoft.EntityFrameworkCore.ChangeTracking.Internal.StateManager.SaveChangesAsync(StateManager stateManager, Boolean acceptAllChangesOnSuccess, CancellationToken cancellationToken)
   at Microsoft.EntityFrameworkCore.DbContext.SaveChangesAsync(Boolean acceptAllChangesOnSuccess, CancellationToken cancellationToken)
Microsoft.EntityFrameworkCore.DbUpdateException: An error occurred while saving the entity changes. See the inner exception for details.
 ---> Microsoft.Data.Sqlite.SqliteException (0x80004005): SQLite Error 1: 'no such table: AuditLogs'.
   at Microsoft.Data.Sqlite.SqliteException.ThrowExceptionForRC(Int32 rc, sqlite3 db)
   at Microsoft.Data.Sqlite.SqliteCommand.PrepareAndEnumerateStatements()+MoveNext()
   at Microsoft.Data.Sqlite.SqliteCommand.GetStatements()+MoveNext()
   at Microsoft.Data.Sqlite.SqliteDataReader.NextResult()
   at Microsoft.Data.Sqlite.SqliteCommand.ExecuteReader(CommandBehavior behavior)
   at Microsoft.Data.Sqlite.SqliteCommand.ExecuteReaderAsync(CommandBehavior behavior, CancellationToken cancellationToken)
   at Microsoft.Data.Sqlite.SqliteCommand.ExecuteDbDataReaderAsync(CommandBehavior behavior, CancellationToken cancellationToken)
   at Microsoft.EntityFrameworkCore.Storage.RelationalCommand.ExecuteReaderAsync(RelationalCommandParameterObject parameterObject, CancellationToken cancellationToken)
   at Microsoft.EntityFrameworkCore.Storage.RelationalCommand.ExecuteReaderAsync(RelationalCommandParameterObject parameterObject, CancellationToken cancellationToken)
   at Microsoft.EntityFrameworkCore.Update.ReaderModificationCommandBatch.ExecuteAsync(IRelationalConnection connection, CancellationToken cancellationToken)
   --- End of inner exception stack trace ---
   at Microsoft.EntityFrameworkCore.Update.ReaderModificationCommandBatch.ExecuteAsync(IRelationalConnection connection, CancellationToken cancellationToken)
   at Microsoft.EntityFrameworkCore.Update.Internal.BatchExecutor.ExecuteAsync(IEnumerable`1 commandBatches, IRelationalConnection connection, CancellationToken cancellationToken)
   at Microsoft.EntityFrameworkCore.Update.Internal.BatchExecutor.ExecuteAsync(IEnumerable`1 commandBatches, IRelationalConnection connection, CancellationToken cancellationToken)
   at Microsoft.EntityFrameworkCore.Update.Internal.BatchExecutor.ExecuteAsync(IEnumerable`1 commandBatches, IRelationalConnection connection, CancellationToken cancellationToken)
   at Microsoft.EntityFrameworkCore.Storage.RelationalDatabase.SaveChangesAsync(IList`1 entries, CancellationToken cancellationToken)
   at Microsoft.EntityFrameworkCore.ChangeTracking.Internal.StateManager.SaveChangesAsync(IList`1 entriesToSave, CancellationToken cancellationToken)
   at Microsoft.EntityFrameworkCore.ChangeTracking.Internal.StateManager.SaveChangesAsync(StateManager stateManager, Boolean acceptAllChangesOnSuccess, CancellationToken cancellationToken)
   at Microsoft.EntityFrameworkCore.DbContext.SaveChangesAsync(Boolean acceptAllChangesOnSuccess, CancellationToken cancellationToken)
2026-09-08 13:37:55.656 +02:00 [ERR] Could not persist audit log for /api/companies
Microsoft.EntityFrameworkCore.DbUpdateException: An error occurred while saving the entity changes. See the inner exception for details.
 ---> Microsoft.Data.Sqlite.SqliteException (0x80004005): SQLite Error 1: 'no such table: AuditLogs'.
   at Microsoft.Data.Sqlite.SqliteException.ThrowExceptionForRC(Int32 rc, sqlite3 db)
   at Microsoft.Data.Sqlite.SqliteCommand.PrepareAndEnumerateStatements()+MoveNext()
   at Microsoft.Data.Sqlite.SqliteCommand.GetStatements()+MoveNext()
   at Microsoft.Data.Sqlite.SqliteDataReader.NextResult()
   at Microsoft.Data.Sqlite.SqliteCommand.ExecuteReader(CommandBehavior behavior)
   at Microsoft.Data.Sqlite.SqliteCommand.ExecuteReaderAsync(CommandBehavior behavior, CancellationToken cancellationToken)
   at Microsoft.Data.Sqlite.SqliteCommand.ExecuteDbDataReaderAsync(CommandBehavior behavior, CancellationToken cancellationToken)
   at Microsoft.EntityFrameworkCore.Storage.RelationalCommand.ExecuteReaderAsync(RelationalCommandParameterObject parameterObject, CancellationToken cancellationToken)
   at Microsoft.EntityFrameworkCore.Storage.RelationalCommand.ExecuteReaderAsync(RelationalCommandParameterObject parameterObject, CancellationToken cancellationToken)
   at Microsoft.EntityFrameworkCore.Update.ReaderModificationCommandBatch.ExecuteAsync(IRelationalConnection connection, CancellationToken cancellationToken)
   --- End of inner exception stack trace ---
   at Microsoft.EntityFrameworkCore.Update.ReaderModificationCommandBatch.ExecuteAsync(IRelationalConnection connection, CancellationToken cancellationToken)
   at Microsoft.EntityFrameworkCore.Update.Internal.BatchExecutor.ExecuteAsync(IEnumerable`1 commandBatches, IRelationalConnection connection, CancellationToken cancellationToken)
   at Microsoft.EntityFrameworkCore.Update.Internal.BatchExecutor.ExecuteAsync(IEnumerable`1 commandBatches, IRelationalConnection connection, CancellationToken cancellationToken)
   at Microsoft.EntityFrameworkCore.Update.Internal.BatchExecutor.ExecuteAsync(IEnumerable`1 commandBatches, IRelationalConnection connection, CancellationToken cancellationToken)
   at Microsoft.EntityFrameworkCore.Storage.RelationalDatabase.SaveChangesAsync(IList`1 entries, CancellationToken cancellationToken)
   at Microsoft.EntityFrameworkCore.ChangeTracking.Internal.StateManager.SaveChangesAsync(IList`1 entriesToSave, CancellationToken cancellationToken)
   at Microsoft.EntityFrameworkCore.ChangeTracking.Internal.StateManager.SaveChangesAsync(StateManager stateManager, Boolean acceptAllChangesOnSuccess, CancellationToken cancellationToken)
   at Microsoft.EntityFrameworkCore.DbContext.SaveChangesAsync(Boolean acceptAllChangesOnSuccess, CancellationToken cancellationToken)
   at Microsoft.EntityFrameworkCore.DbContext.SaveChangesAsync(Boolean acceptAllChangesOnSuccess, CancellationToken cancellationToken)
   at Payroll.Api.Middleware.AuditMiddleware.InvokeAsync(HttpContext context, AppDbContext db) in C:\Users\g990564\source\repos\payrollsa\payrollsa\Backend\src\Payroll.Api\Middleware\AuditMiddleware.cs:line 46
2026-09-08 13:37:55.713 +02:00 [ERR] Could not persist audit log for /api/companies
Microsoft.EntityFrameworkCore.DbUpdateException: An error occurred while saving the entity changes. See the inner exception for details.
 ---> Microsoft.Data.Sqlite.SqliteException (0x80004005): SQLite Error 1: 'no such table: AuditLogs'.
   at Microsoft.Data.Sqlite.SqliteException.ThrowExceptionForRC(Int32 rc, sqlite3 db)
   at Microsoft.Data.Sqlite.SqliteCommand.PrepareAndEnumerateStatements()+MoveNext()
   at Microsoft.Data.Sqlite.SqliteCommand.GetStatements()+MoveNext()
   at Microsoft.Data.Sqlite.SqliteDataReader.NextResult()
   at Microsoft.Data.Sqlite.SqliteCommand.ExecuteReader(CommandBehavior behavior)
   at Microsoft.Data.Sqlite.SqliteCommand.ExecuteReaderAsync(CommandBehavior behavior, CancellationToken cancellationToken)
   at Microsoft.Data.Sqlite.SqliteCommand.ExecuteDbDataReaderAsync(CommandBehavior behavior, CancellationToken cancellationToken)
   at Microsoft.EntityFrameworkCore.Storage.RelationalCommand.ExecuteReaderAsync(RelationalCommandParameterObject parameterObject, CancellationToken cancellationToken)
   at Microsoft.EntityFrameworkCore.Storage.RelationalCommand.ExecuteReaderAsync(RelationalCommandParameterObject parameterObject, CancellationToken cancellationToken)
   at Microsoft.EntityFrameworkCore.Update.ReaderModificationCommandBatch.ExecuteAsync(IRelationalConnection connection, CancellationToken cancellationToken)
   --- End of inner exception stack trace ---
   at Microsoft.EntityFrameworkCore.Update.ReaderModificationCommandBatch.ExecuteAsync(IRelationalConnection connection, CancellationToken cancellationToken)
   at Microsoft.EntityFrameworkCore.Update.Internal.BatchExecutor.ExecuteAsync(IEnumerable`1 commandBatches, IRelationalConnection connection, CancellationToken cancellationToken)
   at Microsoft.EntityFrameworkCore.Update.Internal.BatchExecutor.ExecuteAsync(IEnumerable`1 commandBatches, IRelationalConnection connection, CancellationToken cancellationToken)
   at Microsoft.EntityFrameworkCore.Update.Internal.BatchExecutor.ExecuteAsync(IEnumerable`1 commandBatches, IRelationalConnection connection, CancellationToken cancellationToken)
   at Microsoft.EntityFrameworkCore.Storage.RelationalDatabase.SaveChangesAsync(IList`1 entries, CancellationToken cancellationToken)
   at Microsoft.EntityFrameworkCore.ChangeTracking.Internal.StateManager.SaveChangesAsync(IList`1 entriesToSave, CancellationToken cancellationToken)
   at Microsoft.EntityFrameworkCore.ChangeTracking.Internal.StateManager.SaveChangesAsync(StateManager stateManager, Boolean acceptAllChangesOnSuccess, CancellationToken cancellationToken)
   at Microsoft.EntityFrameworkCore.DbContext.SaveChangesAsync(Boolean acceptAllChangesOnSuccess, CancellationToken cancellationToken)
   at Microsoft.EntityFrameworkCore.DbContext.SaveChangesAsync(Boolean acceptAllChangesOnSuccess, CancellationToken cancellationToken)
   at Payroll.Api.Middleware.AuditMiddleware.InvokeAsync(HttpContext context, AppDbContext db) in C:\Users\g990564\source\repos\payrollsa\payrollsa\Backend\src\Payroll.Api\Middleware\AuditMiddleware.cs:line 46
2026-09-08 13:37:55.748 +02:00 [INF] HTTP OPTIONS /api/companies responded 204 in 120.4660 ms
2026-09-08 13:37:55.760 +02:00 [INF] HTTP OPTIONS /api/companies responded 204 in 127.8599 ms
2026-09-08 13:37:55.786 +02:00 [ERR] Failed executing DbCommand (0ms) [Parameters=[@p0='?' (DbType = Guid), @p1='?' (Size = 18), @p2='?' (DbType = Guid), @p3='?' (DbType = DateTime), @p4='?', @p5='?' (DbType = DateTime), @p6='?', @p7='?' (Size = 3), @p8='?' (Size = 3), @p9='?' (DbType = Boolean), @p10='?' (DbType = DateTime), @p11='?', @p12='?' (DbType = DateTime), @p13='?' (Size = 14), @p14='?' (DbType = Int32), @p15='?' (Size = 21), @p16='?' (DbType = Guid)], CommandType='"Text"', CommandTimeout='30']
INSERT INTO "AuditLogs" ("Id", "Action", "CompanyId", "CreatedAt", "CreatedBy", "DeletedAt", "DeletedBy", "HttpMethod", "IpAddress", "IsDeleted", "ModifiedAt", "ModifiedBy", "OccurredAt", "Path", "StatusCode", "UserEmail", "UserId")
VALUES (@p0, @p1, @p2, @p3, @p4, @p5, @p6, @p7, @p8, @p9, @p10, @p11, @p12, @p13, @p14, @p15, @p16);
2026-09-08 13:37:55.801 +02:00 [ERR] Failed executing DbCommand (3ms) [Parameters=[@p0='?' (DbType = Guid), @p1='?' (Size = 18), @p2='?' (DbType = Guid), @p3='?' (DbType = DateTime), @p4='?', @p5='?' (DbType = DateTime), @p6='?', @p7='?' (Size = 3), @p8='?' (Size = 3), @p9='?' (DbType = Boolean), @p10='?' (DbType = DateTime), @p11='?', @p12='?' (DbType = DateTime), @p13='?' (Size = 14), @p14='?' (DbType = Int32), @p15='?' (Size = 21), @p16='?' (DbType = Guid)], CommandType='"Text"', CommandTimeout='30']
INSERT INTO "AuditLogs" ("Id", "Action", "CompanyId", "CreatedAt", "CreatedBy", "DeletedAt", "DeletedBy", "HttpMethod", "IpAddress", "IsDeleted", "ModifiedAt", "ModifiedBy", "OccurredAt", "Path", "StatusCode", "UserEmail", "UserId")
VALUES (@p0, @p1, @p2, @p3, @p4, @p5, @p6, @p7, @p8, @p9, @p10, @p11, @p12, @p13, @p14, @p15, @p16);
2026-09-08 13:37:55.809 +02:00 [ERR] An exception occurred in the database while saving changes for context type 'Payroll.Infrastructure.Persistence.AppDbContext'.
Microsoft.EntityFrameworkCore.DbUpdateException: An error occurred while saving the entity changes. See the inner exception for details.
 ---> Microsoft.Data.Sqlite.SqliteException (0x80004005): SQLite Error 1: 'no such table: AuditLogs'.
   at Microsoft.Data.Sqlite.SqliteException.ThrowExceptionForRC(Int32 rc, sqlite3 db)
   at Microsoft.Data.Sqlite.SqliteCommand.PrepareAndEnumerateStatements()+MoveNext()
   at Microsoft.Data.Sqlite.SqliteCommand.GetStatements()+MoveNext()
   at Microsoft.Data.Sqlite.SqliteDataReader.NextResult()
   at Microsoft.Data.Sqlite.SqliteCommand.ExecuteReader(CommandBehavior behavior)
   at Microsoft.Data.Sqlite.SqliteCommand.ExecuteReaderAsync(CommandBehavior behavior, CancellationToken cancellationToken)
   at Microsoft.Data.Sqlite.SqliteCommand.ExecuteDbDataReaderAsync(CommandBehavior behavior, CancellationToken cancellationToken)
   at Microsoft.EntityFrameworkCore.Storage.RelationalCommand.ExecuteReaderAsync(RelationalCommandParameterObject parameterObject, CancellationToken cancellationToken)
   at Microsoft.EntityFrameworkCore.Storage.RelationalCommand.ExecuteReaderAsync(RelationalCommandParameterObject parameterObject, CancellationToken cancellationToken)
   at Microsoft.EntityFrameworkCore.Update.ReaderModificationCommandBatch.ExecuteAsync(IRelationalConnection connection, CancellationToken cancellationToken)
   --- End of inner exception stack trace ---
   at Microsoft.EntityFrameworkCore.Update.ReaderModificationCommandBatch.ExecuteAsync(IRelationalConnection connection, CancellationToken cancellationToken)
   at Microsoft.EntityFrameworkCore.Update.Internal.BatchExecutor.ExecuteAsync(IEnumerable`1 commandBatches, IRelationalConnection connection, CancellationToken cancellationToken)
   at Microsoft.EntityFrameworkCore.Update.Internal.BatchExecutor.ExecuteAsync(IEnumerable`1 commandBatches, IRelationalConnection connection, CancellationToken cancellationToken)
   at Microsoft.EntityFrameworkCore.Update.Internal.BatchExecutor.ExecuteAsync(IEnumerable`1 commandBatches, IRelationalConnection connection, CancellationToken cancellationToken)
   at Microsoft.EntityFrameworkCore.Storage.RelationalDatabase.SaveChangesAsync(IList`1 entries, CancellationToken cancellationToken)
   at Microsoft.EntityFrameworkCore.ChangeTracking.Internal.StateManager.SaveChangesAsync(IList`1 entriesToSave, CancellationToken cancellationToken)
   at Microsoft.EntityFrameworkCore.ChangeTracking.Internal.StateManager.SaveChangesAsync(StateManager stateManager, Boolean acceptAllChangesOnSuccess, CancellationToken cancellationToken)
   at Microsoft.EntityFrameworkCore.DbContext.SaveChangesAsync(Boolean acceptAllChangesOnSuccess, CancellationToken cancellationToken)
Microsoft.EntityFrameworkCore.DbUpdateException: An error occurred while saving the entity changes. See the inner exception for details.
 ---> Microsoft.Data.Sqlite.SqliteException (0x80004005): SQLite Error 1: 'no such table: AuditLogs'.
   at Microsoft.Data.Sqlite.SqliteException.ThrowExceptionForRC(Int32 rc, sqlite3 db)
   at Microsoft.Data.Sqlite.SqliteCommand.PrepareAndEnumerateStatements()+MoveNext()
   at Microsoft.Data.Sqlite.SqliteCommand.GetStatements()+MoveNext()
   at Microsoft.Data.Sqlite.SqliteDataReader.NextResult()
   at Microsoft.Data.Sqlite.SqliteCommand.ExecuteReader(CommandBehavior behavior)
   at Microsoft.Data.Sqlite.SqliteCommand.ExecuteReaderAsync(CommandBehavior behavior, CancellationToken cancellationToken)
   at Microsoft.Data.Sqlite.SqliteCommand.ExecuteDbDataReaderAsync(CommandBehavior behavior, CancellationToken cancellationToken)
   at Microsoft.EntityFrameworkCore.Storage.RelationalCommand.ExecuteReaderAsync(RelationalCommandParameterObject parameterObject, CancellationToken cancellationToken)
   at Microsoft.EntityFrameworkCore.Storage.RelationalCommand.ExecuteReaderAsync(RelationalCommandParameterObject parameterObject, CancellationToken cancellationToken)
   at Microsoft.EntityFrameworkCore.Update.ReaderModificationCommandBatch.ExecuteAsync(IRelationalConnection connection, CancellationToken cancellationToken)
   --- End of inner exception stack trace ---
   at Microsoft.EntityFrameworkCore.Update.ReaderModificationCommandBatch.ExecuteAsync(IRelationalConnection connection, CancellationToken cancellationToken)
   at Microsoft.EntityFrameworkCore.Update.Internal.BatchExecutor.ExecuteAsync(IEnumerable`1 commandBatches, IRelationalConnection connection, CancellationToken cancellationToken)
   at Microsoft.EntityFrameworkCore.Update.Internal.BatchExecutor.ExecuteAsync(IEnumerable`1 commandBatches, IRelationalConnection connection, CancellationToken cancellationToken)
   at Microsoft.EntityFrameworkCore.Update.Internal.BatchExecutor.ExecuteAsync(IEnumerable`1 commandBatches, IRelationalConnection connection, CancellationToken cancellationToken)
   at Microsoft.EntityFrameworkCore.Storage.RelationalDatabase.SaveChangesAsync(IList`1 entries, CancellationToken cancellationToken)
   at Microsoft.EntityFrameworkCore.ChangeTracking.Internal.StateManager.SaveChangesAsync(IList`1 entriesToSave, CancellationToken cancellationToken)
   at Microsoft.EntityFrameworkCore.ChangeTracking.Internal.StateManager.SaveChangesAsync(StateManager stateManager, Boolean acceptAllChangesOnSuccess, CancellationToken cancellationToken)
   at Microsoft.EntityFrameworkCore.DbContext.SaveChangesAsync(Boolean acceptAllChangesOnSuccess, CancellationToken cancellationToken)
2026-09-08 13:37:55.843 +02:00 [ERR] An exception occurred in the database while saving changes for context type 'Payroll.Infrastructure.Persistence.AppDbContext'.
Microsoft.EntityFrameworkCore.DbUpdateException: An error occurred while saving the entity changes. See the inner exception for details.
 ---> Microsoft.Data.Sqlite.SqliteException (0x80004005): SQLite Error 1: 'no such table: AuditLogs'.
   at Microsoft.Data.Sqlite.SqliteException.ThrowExceptionForRC(Int32 rc, sqlite3 db)
   at Microsoft.Data.Sqlite.SqliteCommand.PrepareAndEnumerateStatements()+MoveNext()
   at Microsoft.Data.Sqlite.SqliteCommand.GetStatements()+MoveNext()
   at Microsoft.Data.Sqlite.SqliteDataReader.NextResult()
   at Microsoft.Data.Sqlite.SqliteCommand.ExecuteReader(CommandBehavior behavior)
   at Microsoft.Data.Sqlite.SqliteCommand.ExecuteReaderAsync(CommandBehavior behavior, CancellationToken cancellationToken)
   at Microsoft.Data.Sqlite.SqliteCommand.ExecuteDbDataReaderAsync(CommandBehavior behavior, CancellationToken cancellationToken)
   at Microsoft.EntityFrameworkCore.Storage.RelationalCommand.ExecuteReaderAsync(RelationalCommandParameterObject parameterObject, CancellationToken cancellationToken)
   at Microsoft.EntityFrameworkCore.Storage.RelationalCommand.ExecuteReaderAsync(RelationalCommandParameterObject parameterObject, CancellationToken cancellationToken)
   at Microsoft.EntityFrameworkCore.Update.ReaderModificationCommandBatch.ExecuteAsync(IRelationalConnection connection, CancellationToken cancellationToken)
   --- End of inner exception stack trace ---
   at Microsoft.EntityFrameworkCore.Update.ReaderModificationCommandBatch.ExecuteAsync(IRelationalConnection connection, CancellationToken cancellationToken)
   at Microsoft.EntityFrameworkCore.Update.Internal.BatchExecutor.ExecuteAsync(IEnumerable`1 commandBatches, IRelationalConnection connection, CancellationToken cancellationToken)
   at Microsoft.EntityFrameworkCore.Update.Internal.BatchExecutor.ExecuteAsync(IEnumerable`1 commandBatches, IRelationalConnection connection, CancellationToken cancellationToken)
   at Microsoft.EntityFrameworkCore.Update.Internal.BatchExecutor.ExecuteAsync(IEnumerable`1 commandBatches, IRelationalConnection connection, CancellationToken cancellationToken)
   at Microsoft.EntityFrameworkCore.Storage.RelationalDatabase.SaveChangesAsync(IList`1 entries, CancellationToken cancellationToken)
   at Microsoft.EntityFrameworkCore.ChangeTracking.Internal.StateManager.SaveChangesAsync(IList`1 entriesToSave, CancellationToken cancellationToken)
   at Microsoft.EntityFrameworkCore.ChangeTracking.Internal.StateManager.SaveChangesAsync(StateManager stateManager, Boolean acceptAllChangesOnSuccess, CancellationToken cancellationToken)
   at Microsoft.EntityFrameworkCore.DbContext.SaveChangesAsync(Boolean acceptAllChangesOnSuccess, CancellationToken cancellationToken)
Microsoft.EntityFrameworkCore.DbUpdateException: An error occurred while saving the entity changes. See the inner exception for details.
 ---> Microsoft.Data.Sqlite.SqliteException (0x80004005): SQLite Error 1: 'no such table: AuditLogs'.
   at Microsoft.Data.Sqlite.SqliteException.ThrowExceptionForRC(Int32 rc, sqlite3 db)
   at Microsoft.Data.Sqlite.SqliteCommand.PrepareAndEnumerateStatements()+MoveNext()
   at Microsoft.Data.Sqlite.SqliteCommand.GetStatements()+MoveNext()
   at Microsoft.Data.Sqlite.SqliteDataReader.NextResult()
   at Microsoft.Data.Sqlite.SqliteCommand.ExecuteReader(CommandBehavior behavior)
   at Microsoft.Data.Sqlite.SqliteCommand.ExecuteReaderAsync(CommandBehavior behavior, CancellationToken cancellationToken)
   at Microsoft.Data.Sqlite.SqliteCommand.ExecuteDbDataReaderAsync(CommandBehavior behavior, CancellationToken cancellationToken)
   at Microsoft.EntityFrameworkCore.Storage.RelationalCommand.ExecuteReaderAsync(RelationalCommandParameterObject parameterObject, CancellationToken cancellationToken)
   at Microsoft.EntityFrameworkCore.Storage.RelationalCommand.ExecuteReaderAsync(RelationalCommandParameterObject parameterObject, CancellationToken cancellationToken)
   at Microsoft.EntityFrameworkCore.Update.ReaderModificationCommandBatch.ExecuteAsync(IRelationalConnection connection, CancellationToken cancellationToken)
   --- End of inner exception stack trace ---
   at Microsoft.EntityFrameworkCore.Update.ReaderModificationCommandBatch.ExecuteAsync(IRelationalConnection connection, CancellationToken cancellationToken)
   at Microsoft.EntityFrameworkCore.Update.Internal.BatchExecutor.ExecuteAsync(IEnumerable`1 commandBatches, IRelationalConnection connection, CancellationToken cancellationToken)
   at Microsoft.EntityFrameworkCore.Update.Internal.BatchExecutor.ExecuteAsync(IEnumerable`1 commandBatches, IRelationalConnection connection, CancellationToken cancellationToken)
   at Microsoft.EntityFrameworkCore.Update.Internal.BatchExecutor.ExecuteAsync(IEnumerable`1 commandBatches, IRelationalConnection connection, CancellationToken cancellationToken)
   at Microsoft.EntityFrameworkCore.Storage.RelationalDatabase.SaveChangesAsync(IList`1 entries, CancellationToken cancellationToken)
   at Microsoft.EntityFrameworkCore.ChangeTracking.Internal.StateManager.SaveChangesAsync(IList`1 entriesToSave, CancellationToken cancellationToken)
   at Microsoft.EntityFrameworkCore.ChangeTracking.Internal.StateManager.SaveChangesAsync(StateManager stateManager, Boolean acceptAllChangesOnSuccess, CancellationToken cancellationToken)
   at Microsoft.EntityFrameworkCore.DbContext.SaveChangesAsync(Boolean acceptAllChangesOnSuccess, CancellationToken cancellationToken)
2026-09-08 13:37:55.865 +02:00 [ERR] Could not persist audit log for /api/companies
Microsoft.EntityFrameworkCore.DbUpdateException: An error occurred while saving the entity changes. See the inner exception for details.
 ---> Microsoft.Data.Sqlite.SqliteException (0x80004005): SQLite Error 1: 'no such table: AuditLogs'.
   at Microsoft.Data.Sqlite.SqliteException.ThrowExceptionForRC(Int32 rc, sqlite3 db)
   at Microsoft.Data.Sqlite.SqliteCommand.PrepareAndEnumerateStatements()+MoveNext()
   at Microsoft.Data.Sqlite.SqliteCommand.GetStatements()+MoveNext()
   at Microsoft.Data.Sqlite.SqliteDataReader.NextResult()
   at Microsoft.Data.Sqlite.SqliteCommand.ExecuteReader(CommandBehavior behavior)
   at Microsoft.Data.Sqlite.SqliteCommand.ExecuteReaderAsync(CommandBehavior behavior, CancellationToken cancellationToken)
   at Microsoft.Data.Sqlite.SqliteCommand.ExecuteDbDataReaderAsync(CommandBehavior behavior, CancellationToken cancellationToken)
   at Microsoft.EntityFrameworkCore.Storage.RelationalCommand.ExecuteReaderAsync(RelationalCommandParameterObject parameterObject, CancellationToken cancellationToken)
   at Microsoft.EntityFrameworkCore.Storage.RelationalCommand.ExecuteReaderAsync(RelationalCommandParameterObject parameterObject, CancellationToken cancellationToken)
   at Microsoft.EntityFrameworkCore.Update.ReaderModificationCommandBatch.ExecuteAsync(IRelationalConnection connection, CancellationToken cancellationToken)
   --- End of inner exception stack trace ---
   at Microsoft.EntityFrameworkCore.Update.ReaderModificationCommandBatch.ExecuteAsync(IRelationalConnection connection, CancellationToken cancellationToken)
   at Microsoft.EntityFrameworkCore.Update.Internal.BatchExecutor.ExecuteAsync(IEnumerable`1 commandBatches, IRelationalConnection connection, CancellationToken cancellationToken)
   at Microsoft.EntityFrameworkCore.Update.Internal.BatchExecutor.ExecuteAsync(IEnumerable`1 commandBatches, IRelationalConnection connection, CancellationToken cancellationToken)
   at Microsoft.EntityFrameworkCore.Update.Internal.BatchExecutor.ExecuteAsync(IEnumerable`1 commandBatches, IRelationalConnection connection, CancellationToken cancellationToken)
   at Microsoft.EntityFrameworkCore.Storage.RelationalDatabase.SaveChangesAsync(IList`1 entries, CancellationToken cancellationToken)
   at Microsoft.EntityFrameworkCore.ChangeTracking.Internal.StateManager.SaveChangesAsync(IList`1 entriesToSave, CancellationToken cancellationToken)
   at Microsoft.EntityFrameworkCore.ChangeTracking.Internal.StateManager.SaveChangesAsync(StateManager stateManager, Boolean acceptAllChangesOnSuccess, CancellationToken cancellationToken)
   at Microsoft.EntityFrameworkCore.DbContext.SaveChangesAsync(Boolean acceptAllChangesOnSuccess, CancellationToken cancellationToken)
   at Microsoft.EntityFrameworkCore.DbContext.SaveChangesAsync(Boolean acceptAllChangesOnSuccess, CancellationToken cancellationToken)
   at Payroll.Api.Middleware.AuditMiddleware.InvokeAsync(HttpContext context, AppDbContext db) in C:\Users\g990564\source\repos\payrollsa\payrollsa\Backend\src\Payroll.Api\Middleware\AuditMiddleware.cs:line 46
2026-09-08 13:37:55.877 +02:00 [ERR] Could not persist audit log for /api/companies
Microsoft.EntityFrameworkCore.DbUpdateException: An error occurred while saving the entity changes. See the inner exception for details.
 ---> Microsoft.Data.Sqlite.SqliteException (0x80004005): SQLite Error 1: 'no such table: AuditLogs'.
   at Microsoft.Data.Sqlite.SqliteException.ThrowExceptionForRC(Int32 rc, sqlite3 db)
   at Microsoft.Data.Sqlite.SqliteCommand.PrepareAndEnumerateStatements()+MoveNext()
   at Microsoft.Data.Sqlite.SqliteCommand.GetStatements()+MoveNext()
   at Microsoft.Data.Sqlite.SqliteDataReader.NextResult()
   at Microsoft.Data.Sqlite.SqliteCommand.ExecuteReader(CommandBehavior behavior)
   at Microsoft.Data.Sqlite.SqliteCommand.ExecuteReaderAsync(CommandBehavior behavior, CancellationToken cancellationToken)
   at Microsoft.Data.Sqlite.SqliteCommand.ExecuteDbDataReaderAsync(CommandBehavior behavior, CancellationToken cancellationToken)
   at Microsoft.EntityFrameworkCore.Storage.RelationalCommand.ExecuteReaderAsync(RelationalCommandParameterObject parameterObject, CancellationToken cancellationToken)
   at Microsoft.EntityFrameworkCore.Storage.RelationalCommand.ExecuteReaderAsync(RelationalCommandParameterObject parameterObject, CancellationToken cancellationToken)
   at Microsoft.EntityFrameworkCore.Update.ReaderModificationCommandBatch.ExecuteAsync(IRelationalConnection connection, CancellationToken cancellationToken)
   --- End of inner exception stack trace ---
   at Microsoft.EntityFrameworkCore.Update.ReaderModificationCommandBatch.ExecuteAsync(IRelationalConnection connection, CancellationToken cancellationToken)
   at Microsoft.EntityFrameworkCore.Update.Internal.BatchExecutor.ExecuteAsync(IEnumerable`1 commandBatches, IRelationalConnection connection, CancellationToken cancellationToken)
   at Microsoft.EntityFrameworkCore.Update.Internal.BatchExecutor.ExecuteAsync(IEnumerable`1 commandBatches, IRelationalConnection connection, CancellationToken cancellationToken)
   at Microsoft.EntityFrameworkCore.Update.Internal.BatchExecutor.ExecuteAsync(IEnumerable`1 commandBatches, IRelationalConnection connection, CancellationToken cancellationToken)
   at Microsoft.EntityFrameworkCore.Storage.RelationalDatabase.SaveChangesAsync(IList`1 entries, CancellationToken cancellationToken)
   at Microsoft.EntityFrameworkCore.ChangeTracking.Internal.StateManager.SaveChangesAsync(IList`1 entriesToSave, CancellationToken cancellationToken)
   at Microsoft.EntityFrameworkCore.ChangeTracking.Internal.StateManager.SaveChangesAsync(StateManager stateManager, Boolean acceptAllChangesOnSuccess, CancellationToken cancellationToken)
   at Microsoft.EntityFrameworkCore.DbContext.SaveChangesAsync(Boolean acceptAllChangesOnSuccess, CancellationToken cancellationToken)
   at Microsoft.EntityFrameworkCore.DbContext.SaveChangesAsync(Boolean acceptAllChangesOnSuccess, CancellationToken cancellationToken)
   at Payroll.Api.Middleware.AuditMiddleware.InvokeAsync(HttpContext context, AppDbContext db) in C:\Users\g990564\source\repos\payrollsa\payrollsa\Backend\src\Payroll.Api\Middleware\AuditMiddleware.cs:line 46
2026-09-08 13:37:55.885 +02:00 [INF] HTTP GET /api/companies responded 200 in 109.5873 ms
2026-09-08 13:37:55.896 +02:00 [INF] HTTP GET /api/companies responded 200 in 108.8007 ms
2026-09-08 13:37:55.917 +02:00 [INF] HTTP OPTIONS /api/management/summary responded 204 in 3.4231 ms
2026-09-08 13:37:55.925 +02:00 [INF] HTTP OPTIONS /api/management/audit responded 204 in 0.5317 ms
2026-09-08 13:37:55.931 +02:00 [INF] HTTP OPTIONS /api/management/audit responded 204 in 0.3742 ms
2026-09-08 13:37:55.935 +02:00 [ERR] Failed executing DbCommand (0ms) [Parameters=[@request_CompanyId='?' (DbType = Guid)], CommandType='"Text"', CommandTimeout='30']
SELECT "a"."OccurredAt"
FROM "AuditLogs" AS "a"
WHERE "a"."CompanyId" = @request_CompanyId
ORDER BY "a"."OccurredAt" DESC
LIMIT 1
2026-09-08 13:37:55.944 +02:00 [ERR] Failed executing DbCommand (0ms) [Parameters=[@request_CompanyId='?' (DbType = Guid), @p='?' (DbType = Int32)], CommandType='"Text"', CommandTimeout='30']
SELECT "a"."Id", "a"."CompanyId", "a"."UserEmail", "a"."IpAddress", "a"."HttpMethod", "a"."Path", "a"."StatusCode", "a"."Action", "a"."OccurredAt"
FROM "AuditLogs" AS "a"
WHERE "a"."CompanyId" = @request_CompanyId
ORDER BY "a"."OccurredAt" DESC
LIMIT @p
2026-09-08 13:37:55.948 +02:00 [ERR] An exception occurred while iterating over the results of a query for context type 'Payroll.Infrastructure.Persistence.AppDbContext'.
Microsoft.Data.Sqlite.SqliteException (0x80004005): SQLite Error 1: 'no such table: AuditLogs'.
   at Microsoft.Data.Sqlite.SqliteException.ThrowExceptionForRC(Int32 rc, sqlite3 db)
   at Microsoft.Data.Sqlite.SqliteCommand.PrepareAndEnumerateStatements()+MoveNext()
   at Microsoft.Data.Sqlite.SqliteCommand.GetStatements()+MoveNext()
   at Microsoft.Data.Sqlite.SqliteDataReader.NextResult()
   at Microsoft.Data.Sqlite.SqliteCommand.ExecuteReader(CommandBehavior behavior)
   at Microsoft.Data.Sqlite.SqliteCommand.ExecuteReaderAsync(CommandBehavior behavior, CancellationToken cancellationToken)
   at Microsoft.Data.Sqlite.SqliteCommand.ExecuteDbDataReaderAsync(CommandBehavior behavior, CancellationToken cancellationToken)
   at Microsoft.EntityFrameworkCore.Storage.RelationalCommand.ExecuteReaderAsync(RelationalCommandParameterObject parameterObject, CancellationToken cancellationToken)
   at Microsoft.EntityFrameworkCore.Storage.RelationalCommand.ExecuteReaderAsync(RelationalCommandParameterObject parameterObject, CancellationToken cancellationToken)
   at Microsoft.EntityFrameworkCore.Query.Internal.SingleQueryingEnumerable`1.AsyncEnumerator.InitializeReaderAsync(AsyncEnumerator enumerator, CancellationToken cancellationToken)
   at Microsoft.EntityFrameworkCore.Query.Internal.SingleQueryingEnumerable`1.AsyncEnumerator.MoveNextAsync()
Microsoft.Data.Sqlite.SqliteException (0x80004005): SQLite Error 1: 'no such table: AuditLogs'.
   at Microsoft.Data.Sqlite.SqliteException.ThrowExceptionForRC(Int32 rc, sqlite3 db)
   at Microsoft.Data.Sqlite.SqliteCommand.PrepareAndEnumerateStatements()+MoveNext()
   at Microsoft.Data.Sqlite.SqliteCommand.GetStatements()+MoveNext()
   at Microsoft.Data.Sqlite.SqliteDataReader.NextResult()
   at Microsoft.Data.Sqlite.SqliteCommand.ExecuteReader(CommandBehavior behavior)
   at Microsoft.Data.Sqlite.SqliteCommand.ExecuteReaderAsync(CommandBehavior behavior, CancellationToken cancellationToken)
   at Microsoft.Data.Sqlite.SqliteCommand.ExecuteDbDataReaderAsync(CommandBehavior behavior, CancellationToken cancellationToken)
   at Microsoft.EntityFrameworkCore.Storage.RelationalCommand.ExecuteReaderAsync(RelationalCommandParameterObject parameterObject, CancellationToken cancellationToken)
   at Microsoft.EntityFrameworkCore.Storage.RelationalCommand.ExecuteReaderAsync(RelationalCommandParameterObject parameterObject, CancellationToken cancellationToken)
   at Microsoft.EntityFrameworkCore.Query.Internal.SingleQueryingEnumerable`1.AsyncEnumerator.InitializeReaderAsync(AsyncEnumerator enumerator, CancellationToken cancellationToken)
   at Microsoft.EntityFrameworkCore.Query.Internal.SingleQueryingEnumerable`1.AsyncEnumerator.MoveNextAsync()
2026-09-08 13:37:55.952 +02:00 [ERR] An exception occurred while iterating over the results of a query for context type 'Payroll.Infrastructure.Persistence.AppDbContext'.
Microsoft.Data.Sqlite.SqliteException (0x80004005): SQLite Error 1: 'no such table: AuditLogs'.
   at Microsoft.Data.Sqlite.SqliteException.ThrowExceptionForRC(Int32 rc, sqlite3 db)
   at Microsoft.Data.Sqlite.SqliteCommand.PrepareAndEnumerateStatements()+MoveNext()
   at Microsoft.Data.Sqlite.SqliteCommand.GetStatements()+MoveNext()
   at Microsoft.Data.Sqlite.SqliteDataReader.NextResult()
   at Microsoft.Data.Sqlite.SqliteCommand.ExecuteReader(CommandBehavior behavior)
   at Microsoft.Data.Sqlite.SqliteCommand.ExecuteReaderAsync(CommandBehavior behavior, CancellationToken cancellationToken)
   at Microsoft.Data.Sqlite.SqliteCommand.ExecuteDbDataReaderAsync(CommandBehavior behavior, CancellationToken cancellationToken)
   at Microsoft.EntityFrameworkCore.Storage.RelationalCommand.ExecuteReaderAsync(RelationalCommandParameterObject parameterObject, CancellationToken cancellationToken)
   at Microsoft.EntityFrameworkCore.Storage.RelationalCommand.ExecuteReaderAsync(RelationalCommandParameterObject parameterObject, CancellationToken cancellationToken)
   at Microsoft.EntityFrameworkCore.Query.Internal.SingleQueryingEnumerable`1.AsyncEnumerator.InitializeReaderAsync(AsyncEnumerator enumerator, CancellationToken cancellationToken)
   at Microsoft.EntityFrameworkCore.Query.Internal.SingleQueryingEnumerable`1.AsyncEnumerator.MoveNextAsync()
Microsoft.Data.Sqlite.SqliteException (0x80004005): SQLite Error 1: 'no such table: AuditLogs'.
   at Microsoft.Data.Sqlite.SqliteException.ThrowExceptionForRC(Int32 rc, sqlite3 db)
   at Microsoft.Data.Sqlite.SqliteCommand.PrepareAndEnumerateStatements()+MoveNext()
   at Microsoft.Data.Sqlite.SqliteCommand.GetStatements()+MoveNext()
   at Microsoft.Data.Sqlite.SqliteDataReader.NextResult()
   at Microsoft.Data.Sqlite.SqliteCommand.ExecuteReader(CommandBehavior behavior)
   at Microsoft.Data.Sqlite.SqliteCommand.ExecuteReaderAsync(CommandBehavior behavior, CancellationToken cancellationToken)
   at Microsoft.Data.Sqlite.SqliteCommand.ExecuteDbDataReaderAsync(CommandBehavior behavior, CancellationToken cancellationToken)
   at Microsoft.EntityFrameworkCore.Storage.RelationalCommand.ExecuteReaderAsync(RelationalCommandParameterObject parameterObject, CancellationToken cancellationToken)
   at Microsoft.EntityFrameworkCore.Storage.RelationalCommand.ExecuteReaderAsync(RelationalCommandParameterObject parameterObject, CancellationToken cancellationToken)
   at Microsoft.EntityFrameworkCore.Query.Internal.SingleQueryingEnumerable`1.AsyncEnumerator.InitializeReaderAsync(AsyncEnumerator enumerator, CancellationToken cancellationToken)
   at Microsoft.EntityFrameworkCore.Query.Internal.SingleQueryingEnumerable`1.AsyncEnumerator.MoveNextAsync()
2026-09-08 13:37:55.962 +02:00 [ERR] Unhandled exception: SQLite Error 1: 'no such table: AuditLogs'.
Microsoft.Data.Sqlite.SqliteException (0x80004005): SQLite Error 1: 'no such table: AuditLogs'.
   at Microsoft.Data.Sqlite.SqliteException.ThrowExceptionForRC(Int32 rc, sqlite3 db)
   at Microsoft.Data.Sqlite.SqliteCommand.PrepareAndEnumerateStatements()+MoveNext()
   at Microsoft.Data.Sqlite.SqliteCommand.GetStatements()+MoveNext()
   at Microsoft.Data.Sqlite.SqliteDataReader.NextResult()
   at Microsoft.Data.Sqlite.SqliteCommand.ExecuteReader(CommandBehavior behavior)
   at Microsoft.Data.Sqlite.SqliteCommand.ExecuteReaderAsync(CommandBehavior behavior, CancellationToken cancellationToken)
   at Microsoft.Data.Sqlite.SqliteCommand.ExecuteDbDataReaderAsync(CommandBehavior behavior, CancellationToken cancellationToken)
   at Microsoft.EntityFrameworkCore.Storage.RelationalCommand.ExecuteReaderAsync(RelationalCommandParameterObject parameterObject, CancellationToken cancellationToken)
   at Microsoft.EntityFrameworkCore.Storage.RelationalCommand.ExecuteReaderAsync(RelationalCommandParameterObject parameterObject, CancellationToken cancellationToken)
   at Microsoft.EntityFrameworkCore.Query.Internal.SingleQueryingEnumerable`1.AsyncEnumerator.InitializeReaderAsync(AsyncEnumerator enumerator, CancellationToken cancellationToken)
   at Microsoft.EntityFrameworkCore.Query.Internal.SingleQueryingEnumerable`1.AsyncEnumerator.MoveNextAsync()
   at Microsoft.EntityFrameworkCore.Query.ShapedQueryCompilingExpressionVisitor.SingleOrDefaultAsync[TSource](IAsyncEnumerable`1 asyncEnumerable, CancellationToken cancellationToken)
   at Microsoft.EntityFrameworkCore.Query.ShapedQueryCompilingExpressionVisitor.SingleOrDefaultAsync[TSource](IAsyncEnumerable`1 asyncEnumerable, CancellationToken cancellationToken)
   at Payroll.Application.Management.Queries.GetCompanyManagementSummaryHandler.Handle(GetCompanyManagementSummaryQuery request, CancellationToken ct) in C:\Users\g990564\source\repos\payrollsa\payrollsa\Backend\src\Payroll.Application\Management\Queries\ManagementQueries.cs:line 44
   at Payroll.Application.Common.Behaviours.LoggingBehaviour`2.Handle(TRequest request, RequestHandlerDelegate`1 next, CancellationToken ct) in C:\Users\g990564\source\repos\payrollsa\payrollsa\Backend\src\Payroll.Application\Common\Behaviours\LoggingBehaviour.cs:line 14
   at Payroll.Application.Common.Behaviours.ValidationBehaviour`2.Handle(TRequest request, RequestHandlerDelegate`1 next, CancellationToken ct) in C:\Users\g990564\source\repos\payrollsa\payrollsa\Backend\src\Payroll.Application\Common\Behaviours\ValidationBehaviour.cs:line 15
   at Payroll.Api.Controllers.ManagementController.GetSummary(Guid companyId, CancellationToken ct) in C:\Users\g990564\source\repos\payrollsa\payrollsa\Backend\src\Payroll.Api\Controllers\ManagementController.cs:line 14
   at Microsoft.AspNetCore.Mvc.Infrastructure.ActionMethodExecutor.TaskOfIActionResultExecutor.Execute(ActionContext actionContext, IActionResultTypeMapper mapper, ObjectMethodExecutor executor, Object controller, Object[] arguments)
   at Microsoft.AspNetCore.Mvc.Infrastructure.ControllerActionInvoker.<InvokeActionMethodAsync>g__Awaited|12_0(ControllerActionInvoker invoker, ValueTask`1 actionResultValueTask)
   at Microsoft.AspNetCore.Mvc.Infrastructure.ControllerActionInvoker.<InvokeNextActionFilterAsync>g__Awaited|10_0(ControllerActionInvoker invoker, Task lastTask, State next, Scope scope, Object state, Boolean isCompleted)
   at Microsoft.AspNetCore.Mvc.Infrastructure.ControllerActionInvoker.Rethrow(ActionExecutedContextSealed context)
   at Microsoft.AspNetCore.Mvc.Infrastructure.ControllerActionInvoker.Next(State& next, Scope& scope, Object& state, Boolean& isCompleted)
   at Microsoft.AspNetCore.Mvc.Infrastructure.ControllerActionInvoker.InvokeInnerFilterAsync()
--- End of stack trace from previous location ---
   at Microsoft.AspNetCore.Mvc.Infrastructure.ResourceInvoker.<InvokeFilterPipelineAsync>g__Awaited|20_0(ResourceInvoker invoker, Task lastTask, State next, Scope scope, Object state, Boolean isCompleted)
   at Microsoft.AspNetCore.Mvc.Infrastructure.ResourceInvoker.<InvokeAsync>g__Awaited|17_0(ResourceInvoker invoker, Task task, IDisposable scope)
   at Microsoft.AspNetCore.Mvc.Infrastructure.ResourceInvoker.<InvokeAsync>g__Awaited|17_0(ResourceInvoker invoker, Task task, IDisposable scope)
   at Swashbuckle.AspNetCore.SwaggerUI.SwaggerUIMiddleware.Invoke(HttpContext httpContext)
   at Swashbuckle.AspNetCore.Swagger.SwaggerMiddleware.Invoke(HttpContext httpContext, ISwaggerProvider swaggerProvider)
   at Microsoft.AspNetCore.Authorization.AuthorizationMiddleware.Invoke(HttpContext context)
   at Microsoft.AspNetCore.Authentication.AuthenticationMiddleware.Invoke(HttpContext context)
   at Payroll.Api.Middleware.AuditMiddleware.InvokeAsync(HttpContext context, AppDbContext db) in C:\Users\g990564\source\repos\payrollsa\payrollsa\Backend\src\Payroll.Api\Middleware\AuditMiddleware.cs:line 16
   at Payroll.Api.Middleware.AuditMiddleware.InvokeAsync(HttpContext context, AppDbContext db) in C:\Users\g990564\source\repos\payrollsa\payrollsa\Backend\src\Payroll.Api\Middleware\AuditMiddleware.cs:line 53
   at Payroll.Api.Middleware.ExceptionMiddleware.InvokeAsync(HttpContext context) in C:\Users\g990564\source\repos\payrollsa\payrollsa\Backend\src\Payroll.Api\Middleware\ExceptionMiddleware.cs:line 14
2026-09-08 13:37:55.974 +02:00 [ERR] Unhandled exception: SQLite Error 1: 'no such table: AuditLogs'.
Microsoft.Data.Sqlite.SqliteException (0x80004005): SQLite Error 1: 'no such table: AuditLogs'.
   at Microsoft.Data.Sqlite.SqliteException.ThrowExceptionForRC(Int32 rc, sqlite3 db)
   at Microsoft.Data.Sqlite.SqliteCommand.PrepareAndEnumerateStatements()+MoveNext()
   at Microsoft.Data.Sqlite.SqliteCommand.GetStatements()+MoveNext()
   at Microsoft.Data.Sqlite.SqliteDataReader.NextResult()
   at Microsoft.Data.Sqlite.SqliteCommand.ExecuteReader(CommandBehavior behavior)
   at Microsoft.Data.Sqlite.SqliteCommand.ExecuteReaderAsync(CommandBehavior behavior, CancellationToken cancellationToken)
   at Microsoft.Data.Sqlite.SqliteCommand.ExecuteDbDataReaderAsync(CommandBehavior behavior, CancellationToken cancellationToken)
   at Microsoft.EntityFrameworkCore.Storage.RelationalCommand.ExecuteReaderAsync(RelationalCommandParameterObject parameterObject, CancellationToken cancellationToken)
   at Microsoft.EntityFrameworkCore.Storage.RelationalCommand.ExecuteReaderAsync(RelationalCommandParameterObject parameterObject, CancellationToken cancellationToken)
   at Microsoft.EntityFrameworkCore.Query.Internal.SingleQueryingEnumerable`1.AsyncEnumerator.InitializeReaderAsync(AsyncEnumerator enumerator, CancellationToken cancellationToken)
   at Microsoft.EntityFrameworkCore.Query.Internal.SingleQueryingEnumerable`1.AsyncEnumerator.MoveNextAsync()
   at Microsoft.EntityFrameworkCore.EntityFrameworkQueryableExtensions.ToListAsync[TSource](IQueryable`1 source, CancellationToken cancellationToken)
   at Microsoft.EntityFrameworkCore.EntityFrameworkQueryableExtensions.ToListAsync[TSource](IQueryable`1 source, CancellationToken cancellationToken)
   at Payroll.Application.Management.Queries.GetManagementAuditHandler.Handle(GetManagementAuditQuery request, CancellationToken ct) in C:\Users\g990564\source\repos\payrollsa\payrollsa\Backend\src\Payroll.Application\Management\Queries\ManagementQueries.cs:line 80
   at Payroll.Application.Common.Behaviours.LoggingBehaviour`2.Handle(TRequest request, RequestHandlerDelegate`1 next, CancellationToken ct) in C:\Users\g990564\source\repos\payrollsa\payrollsa\Backend\src\Payroll.Application\Common\Behaviours\LoggingBehaviour.cs:line 14
   at Payroll.Application.Common.Behaviours.ValidationBehaviour`2.Handle(TRequest request, RequestHandlerDelegate`1 next, CancellationToken ct) in C:\Users\g990564\source\repos\payrollsa\payrollsa\Backend\src\Payroll.Application\Common\Behaviours\ValidationBehaviour.cs:line 15
   at Payroll.Api.Controllers.ManagementController.GetAudit(Nullable`1 companyId, Int32 take, CancellationToken ct) in C:\Users\g990564\source\repos\payrollsa\payrollsa\Backend\src\Payroll.Api\Controllers\ManagementController.cs:line 18
   at Microsoft.AspNetCore.Mvc.Infrastructure.ActionMethodExecutor.TaskOfIActionResultExecutor.Execute(ActionContext actionContext, IActionResultTypeMapper mapper, ObjectMethodExecutor executor, Object controller, Object[] arguments)
   at Microsoft.AspNetCore.Mvc.Infrastructure.ControllerActionInvoker.<InvokeActionMethodAsync>g__Awaited|12_0(ControllerActionInvoker invoker, ValueTask`1 actionResultValueTask)
   at Microsoft.AspNetCore.Mvc.Infrastructure.ControllerActionInvoker.<InvokeNextActionFilterAsync>g__Awaited|10_0(ControllerActionInvoker invoker, Task lastTask, State next, Scope scope, Object state, Boolean isCompleted)
   at Microsoft.AspNetCore.Mvc.Infrastructure.ControllerActionInvoker.Rethrow(ActionExecutedContextSealed context)
   at Microsoft.AspNetCore.Mvc.Infrastructure.ControllerActionInvoker.Next(State& next, Scope& scope, Object& state, Boolean& isCompleted)
   at Microsoft.AspNetCore.Mvc.Infrastructure.ControllerActionInvoker.InvokeInnerFilterAsync()
--- End of stack trace from previous location ---
   at Microsoft.AspNetCore.Mvc.Infrastructure.ResourceInvoker.<InvokeFilterPipelineAsync>g__Awaited|20_0(ResourceInvoker invoker, Task lastTask, State next, Scope scope, Object state, Boolean isCompleted)
   at Microsoft.AspNetCore.Mvc.Infrastructure.ResourceInvoker.<InvokeAsync>g__Awaited|17_0(ResourceInvoker invoker, Task task, IDisposable scope)
   at Microsoft.AspNetCore.Mvc.Infrastructure.ResourceInvoker.<InvokeAsync>g__Awaited|17_0(ResourceInvoker invoker, Task task, IDisposable scope)
   at Swashbuckle.AspNetCore.SwaggerUI.SwaggerUIMiddleware.Invoke(HttpContext httpContext)
   at Swashbuckle.AspNetCore.Swagger.SwaggerMiddleware.Invoke(HttpContext httpContext, ISwaggerProvider swaggerProvider)
   at Microsoft.AspNetCore.Authorization.AuthorizationMiddleware.Invoke(HttpContext context)
   at Microsoft.AspNetCore.Authentication.AuthenticationMiddleware.Invoke(HttpContext context)
   at Payroll.Api.Middleware.AuditMiddleware.InvokeAsync(HttpContext context, AppDbContext db) in C:\Users\g990564\source\repos\payrollsa\payrollsa\Backend\src\Payroll.Api\Middleware\AuditMiddleware.cs:line 16
   at Payroll.Api.Middleware.AuditMiddleware.InvokeAsync(HttpContext context, AppDbContext db) in C:\Users\g990564\source\repos\payrollsa\payrollsa\Backend\src\Payroll.Api\Middleware\AuditMiddleware.cs:line 53
   at Payroll.Api.Middleware.ExceptionMiddleware.InvokeAsync(HttpContext context) in C:\Users\g990564\source\repos\payrollsa\payrollsa\Backend\src\Payroll.Api\Middleware\ExceptionMiddleware.cs:line 14
2026-09-08 13:37:55.997 +02:00 [ERR] HTTP GET /api/management/summary responded 500 in 71.1042 ms
2026-09-08 13:37:56.020 +02:00 [ERR] HTTP GET /api/management/audit responded 500 in 83.7894 ms
2026-09-08 13:37:56.029 +02:00 [ERR] Failed executing DbCommand (0ms) [Parameters=[@request_CompanyId='?' (DbType = Guid), @p='?' (DbType = Int32)], CommandType='"Text"', CommandTimeout='30']
SELECT "a"."Id", "a"."CompanyId", "a"."UserEmail", "a"."IpAddress", "a"."HttpMethod", "a"."Path", "a"."StatusCode", "a"."Action", "a"."OccurredAt"
FROM "AuditLogs" AS "a"
WHERE "a"."CompanyId" = @request_CompanyId
ORDER BY "a"."OccurredAt" DESC
LIMIT @p
2026-09-08 13:37:56.029 +02:00 [ERR] Failed executing DbCommand (0ms) [Parameters=[@request_CompanyId='?' (DbType = Guid)], CommandType='"Text"', CommandTimeout='30']
SELECT "a"."OccurredAt"
FROM "AuditLogs" AS "a"
WHERE "a"."CompanyId" = @request_CompanyId
ORDER BY "a"."OccurredAt" DESC
LIMIT 1
2026-09-08 13:37:56.035 +02:00 [ERR] An exception occurred while iterating over the results of a query for context type 'Payroll.Infrastructure.Persistence.AppDbContext'.
Microsoft.Data.Sqlite.SqliteException (0x80004005): SQLite Error 1: 'no such table: AuditLogs'.
   at Microsoft.Data.Sqlite.SqliteException.ThrowExceptionForRC(Int32 rc, sqlite3 db)
   at Microsoft.Data.Sqlite.SqliteCommand.PrepareAndEnumerateStatements()+MoveNext()
   at Microsoft.Data.Sqlite.SqliteCommand.GetStatements()+MoveNext()
   at Microsoft.Data.Sqlite.SqliteDataReader.NextResult()
   at Microsoft.Data.Sqlite.SqliteCommand.ExecuteReader(CommandBehavior behavior)
   at Microsoft.Data.Sqlite.SqliteCommand.ExecuteReaderAsync(CommandBehavior behavior, CancellationToken cancellationToken)
   at Microsoft.Data.Sqlite.SqliteCommand.ExecuteDbDataReaderAsync(CommandBehavior behavior, CancellationToken cancellationToken)
   at Microsoft.EntityFrameworkCore.Storage.RelationalCommand.ExecuteReaderAsync(RelationalCommandParameterObject parameterObject, CancellationToken cancellationToken)
   at Microsoft.EntityFrameworkCore.Storage.RelationalCommand.ExecuteReaderAsync(RelationalCommandParameterObject parameterObject, CancellationToken cancellationToken)
   at Microsoft.EntityFrameworkCore.Query.Internal.SingleQueryingEnumerable`1.AsyncEnumerator.InitializeReaderAsync(AsyncEnumerator enumerator, CancellationToken cancellationToken)
   at Microsoft.EntityFrameworkCore.Query.Internal.SingleQueryingEnumerable`1.AsyncEnumerator.MoveNextAsync()
Microsoft.Data.Sqlite.SqliteException (0x80004005): SQLite Error 1: 'no such table: AuditLogs'.
   at Microsoft.Data.Sqlite.SqliteException.ThrowExceptionForRC(Int32 rc, sqlite3 db)
   at Microsoft.Data.Sqlite.SqliteCommand.PrepareAndEnumerateStatements()+MoveNext()
   at Microsoft.Data.Sqlite.SqliteCommand.GetStatements()+MoveNext()
   at Microsoft.Data.Sqlite.SqliteDataReader.NextResult()
   at Microsoft.Data.Sqlite.SqliteCommand.ExecuteReader(CommandBehavior behavior)
   at Microsoft.Data.Sqlite.SqliteCommand.ExecuteReaderAsync(CommandBehavior behavior, CancellationToken cancellationToken)
   at Microsoft.Data.Sqlite.SqliteCommand.ExecuteDbDataReaderAsync(CommandBehavior behavior, CancellationToken cancellationToken)
   at Microsoft.EntityFrameworkCore.Storage.RelationalCommand.ExecuteReaderAsync(RelationalCommandParameterObject parameterObject, CancellationToken cancellationToken)
   at Microsoft.EntityFrameworkCore.Storage.RelationalCommand.ExecuteReaderAsync(RelationalCommandParameterObject parameterObject, CancellationToken cancellationToken)
   at Microsoft.EntityFrameworkCore.Query.Internal.SingleQueryingEnumerable`1.AsyncEnumerator.InitializeReaderAsync(AsyncEnumerator enumerator, CancellationToken cancellationToken)
   at Microsoft.EntityFrameworkCore.Query.Internal.SingleQueryingEnumerable`1.AsyncEnumerator.MoveNextAsync()
2026-09-08 13:37:56.042 +02:00 [ERR] An exception occurred while iterating over the results of a query for context type 'Payroll.Infrastructure.Persistence.AppDbContext'.
Microsoft.Data.Sqlite.SqliteException (0x80004005): SQLite Error 1: 'no such table: AuditLogs'.
   at Microsoft.Data.Sqlite.SqliteException.ThrowExceptionForRC(Int32 rc, sqlite3 db)
   at Microsoft.Data.Sqlite.SqliteCommand.PrepareAndEnumerateStatements()+MoveNext()
   at Microsoft.Data.Sqlite.SqliteCommand.GetStatements()+MoveNext()
   at Microsoft.Data.Sqlite.SqliteDataReader.NextResult()
   at Microsoft.Data.Sqlite.SqliteCommand.ExecuteReader(CommandBehavior behavior)
   at Microsoft.Data.Sqlite.SqliteCommand.ExecuteReaderAsync(CommandBehavior behavior, CancellationToken cancellationToken)
   at Microsoft.Data.Sqlite.SqliteCommand.ExecuteDbDataReaderAsync(CommandBehavior behavior, CancellationToken cancellationToken)
   at Microsoft.EntityFrameworkCore.Storage.RelationalCommand.ExecuteReaderAsync(RelationalCommandParameterObject parameterObject, CancellationToken cancellationToken)
   at Microsoft.EntityFrameworkCore.Storage.RelationalCommand.ExecuteReaderAsync(RelationalCommandParameterObject parameterObject, CancellationToken cancellationToken)
   at Microsoft.EntityFrameworkCore.Query.Internal.SingleQueryingEnumerable`1.AsyncEnumerator.InitializeReaderAsync(AsyncEnumerator enumerator, CancellationToken cancellationToken)
   at Microsoft.EntityFrameworkCore.Query.Internal.SingleQueryingEnumerable`1.AsyncEnumerator.MoveNextAsync()
Microsoft.Data.Sqlite.SqliteException (0x80004005): SQLite Error 1: 'no such table: AuditLogs'.
   at Microsoft.Data.Sqlite.SqliteException.ThrowExceptionForRC(Int32 rc, sqlite3 db)
   at Microsoft.Data.Sqlite.SqliteCommand.PrepareAndEnumerateStatements()+MoveNext()
   at Microsoft.Data.Sqlite.SqliteCommand.GetStatements()+MoveNext()
   at Microsoft.Data.Sqlite.SqliteDataReader.NextResult()
   at Microsoft.Data.Sqlite.SqliteCommand.ExecuteReader(CommandBehavior behavior)
   at Microsoft.Data.Sqlite.SqliteCommand.ExecuteReaderAsync(CommandBehavior behavior, CancellationToken cancellationToken)
   at Microsoft.Data.Sqlite.SqliteCommand.ExecuteDbDataReaderAsync(CommandBehavior behavior, CancellationToken cancellationToken)
   at Microsoft.EntityFrameworkCore.Storage.RelationalCommand.ExecuteReaderAsync(RelationalCommandParameterObject parameterObject, CancellationToken cancellationToken)
   at Microsoft.EntityFrameworkCore.Storage.RelationalCommand.ExecuteReaderAsync(RelationalCommandParameterObject parameterObject, CancellationToken cancellationToken)
   at Microsoft.EntityFrameworkCore.Query.Internal.SingleQueryingEnumerable`1.AsyncEnumerator.InitializeReaderAsync(AsyncEnumerator enumerator, CancellationToken cancellationToken)
   at Microsoft.EntityFrameworkCore.Query.Internal.SingleQueryingEnumerable`1.AsyncEnumerator.MoveNextAsync()
2026-09-08 13:37:56.053 +02:00 [ERR] Unhandled exception: SQLite Error 1: 'no such table: AuditLogs'.
Microsoft.Data.Sqlite.SqliteException (0x80004005): SQLite Error 1: 'no such table: AuditLogs'.
   at Microsoft.Data.Sqlite.SqliteException.ThrowExceptionForRC(Int32 rc, sqlite3 db)
   at Microsoft.Data.Sqlite.SqliteCommand.PrepareAndEnumerateStatements()+MoveNext()
   at Microsoft.Data.Sqlite.SqliteCommand.GetStatements()+MoveNext()
   at Microsoft.Data.Sqlite.SqliteDataReader.NextResult()
   at Microsoft.Data.Sqlite.SqliteCommand.ExecuteReader(CommandBehavior behavior)
   at Microsoft.Data.Sqlite.SqliteCommand.ExecuteReaderAsync(CommandBehavior behavior, CancellationToken cancellationToken)
   at Microsoft.Data.Sqlite.SqliteCommand.ExecuteDbDataReaderAsync(CommandBehavior behavior, CancellationToken cancellationToken)
   at Microsoft.EntityFrameworkCore.Storage.RelationalCommand.ExecuteReaderAsync(RelationalCommandParameterObject parameterObject, CancellationToken cancellationToken)
   at Microsoft.EntityFrameworkCore.Storage.RelationalCommand.ExecuteReaderAsync(RelationalCommandParameterObject parameterObject, CancellationToken cancellationToken)
   at Microsoft.EntityFrameworkCore.Query.Internal.SingleQueryingEnumerable`1.AsyncEnumerator.InitializeReaderAsync(AsyncEnumerator enumerator, CancellationToken cancellationToken)
   at Microsoft.EntityFrameworkCore.Query.Internal.SingleQueryingEnumerable`1.AsyncEnumerator.MoveNextAsync()
   at Microsoft.EntityFrameworkCore.EntityFrameworkQueryableExtensions.ToListAsync[TSource](IQueryable`1 source, CancellationToken cancellationToken)
   at Microsoft.EntityFrameworkCore.EntityFrameworkQueryableExtensions.ToListAsync[TSource](IQueryable`1 source, CancellationToken cancellationToken)
   at Payroll.Application.Management.Queries.GetManagementAuditHandler.Handle(GetManagementAuditQuery request, CancellationToken ct) in C:\Users\g990564\source\repos\payrollsa\payrollsa\Backend\src\Payroll.Application\Management\Queries\ManagementQueries.cs:line 80
   at Payroll.Application.Common.Behaviours.LoggingBehaviour`2.Handle(TRequest request, RequestHandlerDelegate`1 next, CancellationToken ct) in C:\Users\g990564\source\repos\payrollsa\payrollsa\Backend\src\Payroll.Application\Common\Behaviours\LoggingBehaviour.cs:line 14
   at Payroll.Application.Common.Behaviours.ValidationBehaviour`2.Handle(TRequest request, RequestHandlerDelegate`1 next, CancellationToken ct) in C:\Users\g990564\source\repos\payrollsa\payrollsa\Backend\src\Payroll.Application\Common\Behaviours\ValidationBehaviour.cs:line 15
   at Payroll.Api.Controllers.ManagementController.GetAudit(Nullable`1 companyId, Int32 take, CancellationToken ct) in C:\Users\g990564\source\repos\payrollsa\payrollsa\Backend\src\Payroll.Api\Controllers\ManagementController.cs:line 18
   at Microsoft.AspNetCore.Mvc.Infrastructure.ActionMethodExecutor.TaskOfIActionResultExecutor.Execute(ActionContext actionContext, IActionResultTypeMapper mapper, ObjectMethodExecutor executor, Object controller, Object[] arguments)
   at Microsoft.AspNetCore.Mvc.Infrastructure.ControllerActionInvoker.<InvokeActionMethodAsync>g__Awaited|12_0(ControllerActionInvoker invoker, ValueTask`1 actionResultValueTask)
   at Microsoft.AspNetCore.Mvc.Infrastructure.ControllerActionInvoker.<InvokeNextActionFilterAsync>g__Awaited|10_0(ControllerActionInvoker invoker, Task lastTask, State next, Scope scope, Object state, Boolean isCompleted)
   at Microsoft.AspNetCore.Mvc.Infrastructure.ControllerActionInvoker.Rethrow(ActionExecutedContextSealed context)
   at Microsoft.AspNetCore.Mvc.Infrastructure.ControllerActionInvoker.Next(State& next, Scope& scope, Object& state, Boolean& isCompleted)
   at Microsoft.AspNetCore.Mvc.Infrastructure.ControllerActionInvoker.InvokeInnerFilterAsync()
--- End of stack trace from previous location ---
   at Microsoft.AspNetCore.Mvc.Infrastructure.ResourceInvoker.<InvokeFilterPipelineAsync>g__Awaited|20_0(ResourceInvoker invoker, Task lastTask, State next, Scope scope, Object state, Boolean isCompleted)
   at Microsoft.AspNetCore.Mvc.Infrastructure.ResourceInvoker.<InvokeAsync>g__Awaited|17_0(ResourceInvoker invoker, Task task, IDisposable scope)
   at Microsoft.AspNetCore.Mvc.Infrastructure.ResourceInvoker.<InvokeAsync>g__Awaited|17_0(ResourceInvoker invoker, Task task, IDisposable scope)
   at Swashbuckle.AspNetCore.SwaggerUI.SwaggerUIMiddleware.Invoke(HttpContext httpContext)
   at Swashbuckle.AspNetCore.Swagger.SwaggerMiddleware.Invoke(HttpContext httpContext, ISwaggerProvider swaggerProvider)
   at Microsoft.AspNetCore.Authorization.AuthorizationMiddleware.Invoke(HttpContext context)
   at Microsoft.AspNetCore.Authentication.AuthenticationMiddleware.Invoke(HttpContext context)
   at Payroll.Api.Middleware.AuditMiddleware.InvokeAsync(HttpContext context, AppDbContext db) in C:\Users\g990564\source\repos\payrollsa\payrollsa\Backend\src\Payroll.Api\Middleware\AuditMiddleware.cs:line 16
   at Payroll.Api.Middleware.AuditMiddleware.InvokeAsync(HttpContext context, AppDbContext db) in C:\Users\g990564\source\repos\payrollsa\payrollsa\Backend\src\Payroll.Api\Middleware\AuditMiddleware.cs:line 53
   at Payroll.Api.Middleware.ExceptionMiddleware.InvokeAsync(HttpContext context) in C:\Users\g990564\source\repos\payrollsa\payrollsa\Backend\src\Payroll.Api\Middleware\ExceptionMiddleware.cs:line 14
2026-09-08 13:37:56.070 +02:00 [ERR] Unhandled exception: SQLite Error 1: 'no such table: AuditLogs'.
Microsoft.Data.Sqlite.SqliteException (0x80004005): SQLite Error 1: 'no such table: AuditLogs'.
   at Microsoft.Data.Sqlite.SqliteException.ThrowExceptionForRC(Int32 rc, sqlite3 db)
   at Microsoft.Data.Sqlite.SqliteCommand.PrepareAndEnumerateStatements()+MoveNext()
   at Microsoft.Data.Sqlite.SqliteCommand.GetStatements()+MoveNext()
   at Microsoft.Data.Sqlite.SqliteDataReader.NextResult()
   at Microsoft.Data.Sqlite.SqliteCommand.ExecuteReader(CommandBehavior behavior)
   at Microsoft.Data.Sqlite.SqliteCommand.ExecuteReaderAsync(CommandBehavior behavior, CancellationToken cancellationToken)
   at Microsoft.Data.Sqlite.SqliteCommand.ExecuteDbDataReaderAsync(CommandBehavior behavior, CancellationToken cancellationToken)
   at Microsoft.EntityFrameworkCore.Storage.RelationalCommand.ExecuteReaderAsync(RelationalCommandParameterObject parameterObject, CancellationToken cancellationToken)
   at Microsoft.EntityFrameworkCore.Storage.RelationalCommand.ExecuteReaderAsync(RelationalCommandParameterObject parameterObject, CancellationToken cancellationToken)
   at Microsoft.EntityFrameworkCore.Query.Internal.SingleQueryingEnumerable`1.AsyncEnumerator.InitializeReaderAsync(AsyncEnumerator enumerator, CancellationToken cancellationToken)
   at Microsoft.EntityFrameworkCore.Query.Internal.SingleQueryingEnumerable`1.AsyncEnumerator.MoveNextAsync()
   at Microsoft.EntityFrameworkCore.Query.ShapedQueryCompilingExpressionVisitor.SingleOrDefaultAsync[TSource](IAsyncEnumerable`1 asyncEnumerable, CancellationToken cancellationToken)
   at Microsoft.EntityFrameworkCore.Query.ShapedQueryCompilingExpressionVisitor.SingleOrDefaultAsync[TSource](IAsyncEnumerable`1 asyncEnumerable, CancellationToken cancellationToken)
   at Payroll.Application.Management.Queries.GetCompanyManagementSummaryHandler.Handle(GetCompanyManagementSummaryQuery request, CancellationToken ct) in C:\Users\g990564\source\repos\payrollsa\payrollsa\Backend\src\Payroll.Application\Management\Queries\ManagementQueries.cs:line 44
   at Payroll.Application.Common.Behaviours.LoggingBehaviour`2.Handle(TRequest request, RequestHandlerDelegate`1 next, CancellationToken ct) in C:\Users\g990564\source\repos\payrollsa\payrollsa\Backend\src\Payroll.Application\Common\Behaviours\LoggingBehaviour.cs:line 14
   at Payroll.Application.Common.Behaviours.ValidationBehaviour`2.Handle(TRequest request, RequestHandlerDelegate`1 next, CancellationToken ct) in C:\Users\g990564\source\repos\payrollsa\payrollsa\Backend\src\Payroll.Application\Common\Behaviours\ValidationBehaviour.cs:line 15
   at Payroll.Api.Controllers.ManagementController.GetSummary(Guid companyId, CancellationToken ct) in C:\Users\g990564\source\repos\payrollsa\payrollsa\Backend\src\Payroll.Api\Controllers\ManagementController.cs:line 14
   at Microsoft.AspNetCore.Mvc.Infrastructure.ActionMethodExecutor.TaskOfIActionResultExecutor.Execute(ActionContext actionContext, IActionResultTypeMapper mapper, ObjectMethodExecutor executor, Object controller, Object[] arguments)
   at Microsoft.AspNetCore.Mvc.Infrastructure.ControllerActionInvoker.<InvokeActionMethodAsync>g__Awaited|12_0(ControllerActionInvoker invoker, ValueTask`1 actionResultValueTask)
   at Microsoft.AspNetCore.Mvc.Infrastructure.ControllerActionInvoker.<InvokeNextActionFilterAsync>g__Awaited|10_0(ControllerActionInvoker invoker, Task lastTask, State next, Scope scope, Object state, Boolean isCompleted)
   at Microsoft.AspNetCore.Mvc.Infrastructure.ControllerActionInvoker.Rethrow(ActionExecutedContextSealed context)
   at Microsoft.AspNetCore.Mvc.Infrastructure.ControllerActionInvoker.Next(State& next, Scope& scope, Object& state, Boolean& isCompleted)
   at Microsoft.AspNetCore.Mvc.Infrastructure.ControllerActionInvoker.InvokeInnerFilterAsync()
--- End of stack trace from previous location ---
   at Microsoft.AspNetCore.Mvc.Infrastructure.ResourceInvoker.<InvokeFilterPipelineAsync>g__Awaited|20_0(ResourceInvoker invoker, Task lastTask, State next, Scope scope, Object state, Boolean isCompleted)
   at Microsoft.AspNetCore.Mvc.Infrastructure.ResourceInvoker.<InvokeAsync>g__Awaited|17_0(ResourceInvoker invoker, Task task, IDisposable scope)
   at Microsoft.AspNetCore.Mvc.Infrastructure.ResourceInvoker.<InvokeAsync>g__Awaited|17_0(ResourceInvoker invoker, Task task, IDisposable scope)
   at Swashbuckle.AspNetCore.SwaggerUI.SwaggerUIMiddleware.Invoke(HttpContext httpContext)
   at Swashbuckle.AspNetCore.Swagger.SwaggerMiddleware.Invoke(HttpContext httpContext, ISwaggerProvider swaggerProvider)
   at Microsoft.AspNetCore.Authorization.AuthorizationMiddleware.Invoke(HttpContext context)
   at Microsoft.AspNetCore.Authentication.AuthenticationMiddleware.Invoke(HttpContext context)
   at Payroll.Api.Middleware.AuditMiddleware.InvokeAsync(HttpContext context, AppDbContext db) in C:\Users\g990564\source\repos\payrollsa\payrollsa\Backend\src\Payroll.Api\Middleware\AuditMiddleware.cs:line 16
   at Payroll.Api.Middleware.AuditMiddleware.InvokeAsync(HttpContext context, AppDbContext db) in C:\Users\g990564\source\repos\payrollsa\payrollsa\Backend\src\Payroll.Api\Middleware\AuditMiddleware.cs:line 53
   at Payroll.Api.Middleware.ExceptionMiddleware.InvokeAsync(HttpContext context) in C:\Users\g990564\source\repos\payrollsa\payrollsa\Backend\src\Payroll.Api\Middleware\ExceptionMiddleware.cs:line 14
2026-09-08 13:37:56.095 +02:00 [ERR] HTTP GET /api/management/audit responded 500 in 71.3587 ms
2026-09-08 13:37:56.120 +02:00 [ERR] HTTP GET /api/management/summary responded 500 in 121.6409 ms
2026-09-08 13:38:02.793 +02:00 [INF] HTTP OPTIONS /api/management/audit responded 204 in 0.5072 ms
2026-09-08 13:38:02.793 +02:00 [INF] HTTP OPTIONS /api/management/summary responded 204 in 0.5075 ms
2026-09-08 13:38:02.814 +02:00 [ERR] Failed executing DbCommand (0ms) [Parameters=[@request_CompanyId='?' (DbType = Guid), @p='?' (DbType = Int32)], CommandType='"Text"', CommandTimeout='30']
SELECT "a"."Id", "a"."CompanyId", "a"."UserEmail", "a"."IpAddress", "a"."HttpMethod", "a"."Path", "a"."StatusCode", "a"."Action", "a"."OccurredAt"
FROM "AuditLogs" AS "a"
WHERE "a"."CompanyId" = @request_CompanyId
ORDER BY "a"."OccurredAt" DESC
LIMIT @p
2026-09-08 13:38:02.821 +02:00 [ERR] Failed executing DbCommand (0ms) [Parameters=[@request_CompanyId='?' (DbType = Guid)], CommandType='"Text"', CommandTimeout='30']
SELECT "a"."OccurredAt"
FROM "AuditLogs" AS "a"
WHERE "a"."CompanyId" = @request_CompanyId
ORDER BY "a"."OccurredAt" DESC
LIMIT 1
2026-09-08 13:38:02.830 +02:00 [ERR] An exception occurred while iterating over the results of a query for context type 'Payroll.Infrastructure.Persistence.AppDbContext'.
Microsoft.Data.Sqlite.SqliteException (0x80004005): SQLite Error 1: 'no such table: AuditLogs'.
   at Microsoft.Data.Sqlite.SqliteCommand.PrepareAndEnumerateStatements()+MoveNext()
   at Microsoft.Data.Sqlite.SqliteCommand.GetStatements()+MoveNext()
   at Microsoft.Data.Sqlite.SqliteDataReader.NextResult()
   at Microsoft.Data.Sqlite.SqliteCommand.ExecuteReader(CommandBehavior behavior)
   at Microsoft.Data.Sqlite.SqliteCommand.ExecuteReaderAsync(CommandBehavior behavior, CancellationToken cancellationToken)
   at Microsoft.Data.Sqlite.SqliteCommand.ExecuteDbDataReaderAsync(CommandBehavior behavior, CancellationToken cancellationToken)
   at Microsoft.EntityFrameworkCore.Storage.RelationalCommand.ExecuteReaderAsync(RelationalCommandParameterObject parameterObject, CancellationToken cancellationToken)
   at Microsoft.EntityFrameworkCore.Storage.RelationalCommand.ExecuteReaderAsync(RelationalCommandParameterObject parameterObject, CancellationToken cancellationToken)
   at Microsoft.EntityFrameworkCore.Query.Internal.SingleQueryingEnumerable`1.AsyncEnumerator.InitializeReaderAsync(AsyncEnumerator enumerator, CancellationToken cancellationToken)
   at Microsoft.EntityFrameworkCore.Query.Internal.SingleQueryingEnumerable`1.AsyncEnumerator.MoveNextAsync()
Microsoft.Data.Sqlite.SqliteException (0x80004005): SQLite Error 1: 'no such table: AuditLogs'.
   at Microsoft.Data.Sqlite.SqliteCommand.PrepareAndEnumerateStatements()+MoveNext()
   at Microsoft.Data.Sqlite.SqliteCommand.GetStatements()+MoveNext()
   at Microsoft.Data.Sqlite.SqliteDataReader.NextResult()
   at Microsoft.Data.Sqlite.SqliteCommand.ExecuteReader(CommandBehavior behavior)
   at Microsoft.Data.Sqlite.SqliteCommand.ExecuteReaderAsync(CommandBehavior behavior, CancellationToken cancellationToken)
   at Microsoft.Data.Sqlite.SqliteCommand.ExecuteDbDataReaderAsync(CommandBehavior behavior, CancellationToken cancellationToken)
   at Microsoft.EntityFrameworkCore.Storage.RelationalCommand.ExecuteReaderAsync(RelationalCommandParameterObject parameterObject, CancellationToken cancellationToken)
   at Microsoft.EntityFrameworkCore.Storage.RelationalCommand.ExecuteReaderAsync(RelationalCommandParameterObject parameterObject, CancellationToken cancellationToken)
   at Microsoft.EntityFrameworkCore.Query.Internal.SingleQueryingEnumerable`1.AsyncEnumerator.InitializeReaderAsync(AsyncEnumerator enumerator, CancellationToken cancellationToken)
   at Microsoft.EntityFrameworkCore.Query.Internal.SingleQueryingEnumerable`1.AsyncEnumerator.MoveNextAsync()
2026-09-08 13:38:02.841 +02:00 [ERR] An exception occurred while iterating over the results of a query for context type 'Payroll.Infrastructure.Persistence.AppDbContext'.
Microsoft.Data.Sqlite.SqliteException (0x80004005): SQLite Error 1: 'no such table: AuditLogs'.
   at Microsoft.Data.Sqlite.SqliteCommand.PrepareAndEnumerateStatements()+MoveNext()
   at Microsoft.Data.Sqlite.SqliteCommand.GetStatements()+MoveNext()
   at Microsoft.Data.Sqlite.SqliteDataReader.NextResult()
   at Microsoft.Data.Sqlite.SqliteCommand.ExecuteReader(CommandBehavior behavior)
   at Microsoft.Data.Sqlite.SqliteCommand.ExecuteReaderAsync(CommandBehavior behavior, CancellationToken cancellationToken)
   at Microsoft.Data.Sqlite.SqliteCommand.ExecuteDbDataReaderAsync(CommandBehavior behavior, CancellationToken cancellationToken)
   at Microsoft.EntityFrameworkCore.Storage.RelationalCommand.ExecuteReaderAsync(RelationalCommandParameterObject parameterObject, CancellationToken cancellationToken)
   at Microsoft.EntityFrameworkCore.Storage.RelationalCommand.ExecuteReaderAsync(RelationalCommandParameterObject parameterObject, CancellationToken cancellationToken)
   at Microsoft.EntityFrameworkCore.Query.Internal.SingleQueryingEnumerable`1.AsyncEnumerator.InitializeReaderAsync(AsyncEnumerator enumerator, CancellationToken cancellationToken)
   at Microsoft.EntityFrameworkCore.Query.Internal.SingleQueryingEnumerable`1.AsyncEnumerator.MoveNextAsync()
Microsoft.Data.Sqlite.SqliteException (0x80004005): SQLite Error 1: 'no such table: AuditLogs'.
   at Microsoft.Data.Sqlite.SqliteCommand.PrepareAndEnumerateStatements()+MoveNext()
   at Microsoft.Data.Sqlite.SqliteCommand.GetStatements()+MoveNext()
   at Microsoft.Data.Sqlite.SqliteDataReader.NextResult()
   at Microsoft.Data.Sqlite.SqliteCommand.ExecuteReader(CommandBehavior behavior)
   at Microsoft.Data.Sqlite.SqliteCommand.ExecuteReaderAsync(CommandBehavior behavior, CancellationToken cancellationToken)
   at Microsoft.Data.Sqlite.SqliteCommand.ExecuteDbDataReaderAsync(CommandBehavior behavior, CancellationToken cancellationToken)
   at Microsoft.EntityFrameworkCore.Storage.RelationalCommand.ExecuteReaderAsync(RelationalCommandParameterObject parameterObject, CancellationToken cancellationToken)
   at Microsoft.EntityFrameworkCore.Storage.RelationalCommand.ExecuteReaderAsync(RelationalCommandParameterObject parameterObject, CancellationToken cancellationToken)
   at Microsoft.EntityFrameworkCore.Query.Internal.SingleQueryingEnumerable`1.AsyncEnumerator.InitializeReaderAsync(AsyncEnumerator enumerator, CancellationToken cancellationToken)
   at Microsoft.EntityFrameworkCore.Query.Internal.SingleQueryingEnumerable`1.AsyncEnumerator.MoveNextAsync()
2026-09-08 13:38:02.859 +02:00 [ERR] Unhandled exception: SQLite Error 1: 'no such table: AuditLogs'.
Microsoft.Data.Sqlite.SqliteException (0x80004005): SQLite Error 1: 'no such table: AuditLogs'.
   at Microsoft.Data.Sqlite.SqliteCommand.PrepareAndEnumerateStatements()+MoveNext()
   at Microsoft.Data.Sqlite.SqliteCommand.GetStatements()+MoveNext()
   at Microsoft.Data.Sqlite.SqliteDataReader.NextResult()
   at Microsoft.Data.Sqlite.SqliteCommand.ExecuteReader(CommandBehavior behavior)
   at Microsoft.Data.Sqlite.SqliteCommand.ExecuteReaderAsync(CommandBehavior behavior, CancellationToken cancellationToken)
   at Microsoft.Data.Sqlite.SqliteCommand.ExecuteDbDataReaderAsync(CommandBehavior behavior, CancellationToken cancellationToken)
   at Microsoft.EntityFrameworkCore.Storage.RelationalCommand.ExecuteReaderAsync(RelationalCommandParameterObject parameterObject, CancellationToken cancellationToken)
   at Microsoft.EntityFrameworkCore.Storage.RelationalCommand.ExecuteReaderAsync(RelationalCommandParameterObject parameterObject, CancellationToken cancellationToken)
   at Microsoft.EntityFrameworkCore.Query.Internal.SingleQueryingEnumerable`1.AsyncEnumerator.InitializeReaderAsync(AsyncEnumerator enumerator, CancellationToken cancellationToken)
   at Microsoft.EntityFrameworkCore.Query.Internal.SingleQueryingEnumerable`1.AsyncEnumerator.MoveNextAsync()
   at Microsoft.EntityFrameworkCore.EntityFrameworkQueryableExtensions.ToListAsync[TSource](IQueryable`1 source, CancellationToken cancellationToken)
   at Microsoft.EntityFrameworkCore.EntityFrameworkQueryableExtensions.ToListAsync[TSource](IQueryable`1 source, CancellationToken cancellationToken)
   at Payroll.Application.Management.Queries.GetManagementAuditHandler.Handle(GetManagementAuditQuery request, CancellationToken ct) in C:\Users\g990564\source\repos\payrollsa\payrollsa\Backend\src\Payroll.Application\Management\Queries\ManagementQueries.cs:line 80
   at Payroll.Application.Common.Behaviours.LoggingBehaviour`2.Handle(TRequest request, RequestHandlerDelegate`1 next, CancellationToken ct) in C:\Users\g990564\source\repos\payrollsa\payrollsa\Backend\src\Payroll.Application\Common\Behaviours\LoggingBehaviour.cs:line 14
   at Payroll.Application.Common.Behaviours.ValidationBehaviour`2.Handle(TRequest request, RequestHandlerDelegate`1 next, CancellationToken ct) in C:\Users\g990564\source\repos\payrollsa\payrollsa\Backend\src\Payroll.Application\Common\Behaviours\ValidationBehaviour.cs:line 15
   at Payroll.Api.Controllers.ManagementController.GetAudit(Nullable`1 companyId, Int32 take, CancellationToken ct) in C:\Users\g990564\source\repos\payrollsa\payrollsa\Backend\src\Payroll.Api\Controllers\ManagementController.cs:line 18
   at Microsoft.AspNetCore.Mvc.Infrastructure.ActionMethodExecutor.TaskOfIActionResultExecutor.Execute(ActionContext actionContext, IActionResultTypeMapper mapper, ObjectMethodExecutor executor, Object controller, Object[] arguments)
   at Microsoft.AspNetCore.Mvc.Infrastructure.ControllerActionInvoker.<InvokeActionMethodAsync>g__Awaited|12_0(ControllerActionInvoker invoker, ValueTask`1 actionResultValueTask)
   at Microsoft.AspNetCore.Mvc.Infrastructure.ControllerActionInvoker.<InvokeNextActionFilterAsync>g__Awaited|10_0(ControllerActionInvoker invoker, Task lastTask, State next, Scope scope, Object state, Boolean isCompleted)
   at Microsoft.AspNetCore.Mvc.Infrastructure.ControllerActionInvoker.Rethrow(ActionExecutedContextSealed context)
   at Microsoft.AspNetCore.Mvc.Infrastructure.ControllerActionInvoker.Next(State& next, Scope& scope, Object& state, Boolean& isCompleted)
   at Microsoft.AspNetCore.Mvc.Infrastructure.ControllerActionInvoker.InvokeInnerFilterAsync()
--- End of stack trace from previous location ---
   at Microsoft.AspNetCore.Mvc.Infrastructure.ResourceInvoker.<InvokeFilterPipelineAsync>g__Awaited|20_0(ResourceInvoker invoker, Task lastTask, State next, Scope scope, Object state, Boolean isCompleted)
   at Microsoft.AspNetCore.Mvc.Infrastructure.ResourceInvoker.<InvokeAsync>g__Awaited|17_0(ResourceInvoker invoker, Task task, IDisposable scope)
   at Microsoft.AspNetCore.Mvc.Infrastructure.ResourceInvoker.<InvokeAsync>g__Awaited|17_0(ResourceInvoker invoker, Task task, IDisposable scope)
   at Swashbuckle.AspNetCore.SwaggerUI.SwaggerUIMiddleware.Invoke(HttpContext httpContext)
   at Swashbuckle.AspNetCore.Swagger.SwaggerMiddleware.Invoke(HttpContext httpContext, ISwaggerProvider swaggerProvider)
   at Microsoft.AspNetCore.Authorization.AuthorizationMiddleware.Invoke(HttpContext context)
   at Microsoft.AspNetCore.Authentication.AuthenticationMiddleware.Invoke(HttpContext context)
   at Payroll.Api.Middleware.AuditMiddleware.InvokeAsync(HttpContext context, AppDbContext db) in C:\Users\g990564\source\repos\payrollsa\payrollsa\Backend\src\Payroll.Api\Middleware\AuditMiddleware.cs:line 16
   at Payroll.Api.Middleware.AuditMiddleware.InvokeAsync(HttpContext context, AppDbContext db) in C:\Users\g990564\source\repos\payrollsa\payrollsa\Backend\src\Payroll.Api\Middleware\AuditMiddleware.cs:line 53
   at Payroll.Api.Middleware.ExceptionMiddleware.InvokeAsync(HttpContext context) in C:\Users\g990564\source\repos\payrollsa\payrollsa\Backend\src\Payroll.Api\Middleware\ExceptionMiddleware.cs:line 14
2026-09-08 13:38:02.870 +02:00 [ERR] Unhandled exception: SQLite Error 1: 'no such table: AuditLogs'.
Microsoft.Data.Sqlite.SqliteException (0x80004005): SQLite Error 1: 'no such table: AuditLogs'.
   at Microsoft.Data.Sqlite.SqliteCommand.PrepareAndEnumerateStatements()+MoveNext()
   at Microsoft.Data.Sqlite.SqliteCommand.GetStatements()+MoveNext()
   at Microsoft.Data.Sqlite.SqliteDataReader.NextResult()
   at Microsoft.Data.Sqlite.SqliteCommand.ExecuteReader(CommandBehavior behavior)
   at Microsoft.Data.Sqlite.SqliteCommand.ExecuteReaderAsync(CommandBehavior behavior, CancellationToken cancellationToken)
   at Microsoft.Data.Sqlite.SqliteCommand.ExecuteDbDataReaderAsync(CommandBehavior behavior, CancellationToken cancellationToken)
   at Microsoft.EntityFrameworkCore.Storage.RelationalCommand.ExecuteReaderAsync(RelationalCommandParameterObject parameterObject, CancellationToken cancellationToken)
   at Microsoft.EntityFrameworkCore.Storage.RelationalCommand.ExecuteReaderAsync(RelationalCommandParameterObject parameterObject, CancellationToken cancellationToken)
   at Microsoft.EntityFrameworkCore.Query.Internal.SingleQueryingEnumerable`1.AsyncEnumerator.InitializeReaderAsync(AsyncEnumerator enumerator, CancellationToken cancellationToken)
   at Microsoft.EntityFrameworkCore.Query.Internal.SingleQueryingEnumerable`1.AsyncEnumerator.MoveNextAsync()
   at Microsoft.EntityFrameworkCore.Query.ShapedQueryCompilingExpressionVisitor.SingleOrDefaultAsync[TSource](IAsyncEnumerable`1 asyncEnumerable, CancellationToken cancellationToken)
   at Microsoft.EntityFrameworkCore.Query.ShapedQueryCompilingExpressionVisitor.SingleOrDefaultAsync[TSource](IAsyncEnumerable`1 asyncEnumerable, CancellationToken cancellationToken)
   at Payroll.Application.Management.Queries.GetCompanyManagementSummaryHandler.Handle(GetCompanyManagementSummaryQuery request, CancellationToken ct) in C:\Users\g990564\source\repos\payrollsa\payrollsa\Backend\src\Payroll.Application\Management\Queries\ManagementQueries.cs:line 44
   at Payroll.Application.Common.Behaviours.LoggingBehaviour`2.Handle(TRequest request, RequestHandlerDelegate`1 next, CancellationToken ct) in C:\Users\g990564\source\repos\payrollsa\payrollsa\Backend\src\Payroll.Application\Common\Behaviours\LoggingBehaviour.cs:line 14
   at Payroll.Application.Common.Behaviours.ValidationBehaviour`2.Handle(TRequest request, RequestHandlerDelegate`1 next, CancellationToken ct) in C:\Users\g990564\source\repos\payrollsa\payrollsa\Backend\src\Payroll.Application\Common\Behaviours\ValidationBehaviour.cs:line 15
   at Payroll.Api.Controllers.ManagementController.GetSummary(Guid companyId, CancellationToken ct) in C:\Users\g990564\source\repos\payrollsa\payrollsa\Backend\src\Payroll.Api\Controllers\ManagementController.cs:line 14
   at Microsoft.AspNetCore.Mvc.Infrastructure.ActionMethodExecutor.TaskOfIActionResultExecutor.Execute(ActionContext actionContext, IActionResultTypeMapper mapper, ObjectMethodExecutor executor, Object controller, Object[] arguments)
   at Microsoft.AspNetCore.Mvc.Infrastructure.ControllerActionInvoker.<InvokeActionMethodAsync>g__Awaited|12_0(ControllerActionInvoker invoker, ValueTask`1 actionResultValueTask)
   at Microsoft.AspNetCore.Mvc.Infrastructure.ControllerActionInvoker.<InvokeNextActionFilterAsync>g__Awaited|10_0(ControllerActionInvoker invoker, Task lastTask, State next, Scope scope, Object state, Boolean isCompleted)
   at Microsoft.AspNetCore.Mvc.Infrastructure.ControllerActionInvoker.Rethrow(ActionExecutedContextSealed context)
   at Microsoft.AspNetCore.Mvc.Infrastructure.ControllerActionInvoker.Next(State& next, Scope& scope, Object& state, Boolean& isCompleted)
   at Microsoft.AspNetCore.Mvc.Infrastructure.ControllerActionInvoker.InvokeInnerFilterAsync()
--- End of stack trace from previous location ---
   at Microsoft.AspNetCore.Mvc.Infrastructure.ResourceInvoker.<InvokeFilterPipelineAsync>g__Awaited|20_0(ResourceInvoker invoker, Task lastTask, State next, Scope scope, Object state, Boolean isCompleted)
   at Microsoft.AspNetCore.Mvc.Infrastructure.ResourceInvoker.<InvokeAsync>g__Awaited|17_0(ResourceInvoker invoker, Task task, IDisposable scope)
   at Microsoft.AspNetCore.Mvc.Infrastructure.ResourceInvoker.<InvokeAsync>g__Awaited|17_0(ResourceInvoker invoker, Task task, IDisposable scope)
   at Swashbuckle.AspNetCore.SwaggerUI.SwaggerUIMiddleware.Invoke(HttpContext httpContext)
   at Swashbuckle.AspNetCore.Swagger.SwaggerMiddleware.Invoke(HttpContext httpContext, ISwaggerProvider swaggerProvider)
   at Microsoft.AspNetCore.Authorization.AuthorizationMiddleware.Invoke(HttpContext context)
   at Microsoft.AspNetCore.Authentication.AuthenticationMiddleware.Invoke(HttpContext context)
   at Payroll.Api.Middleware.AuditMiddleware.InvokeAsync(HttpContext context, AppDbContext db) in C:\Users\g990564\source\repos\payrollsa\payrollsa\Backend\src\Payroll.Api\Middleware\AuditMiddleware.cs:line 16
   at Payroll.Api.Middleware.AuditMiddleware.InvokeAsync(HttpContext context, AppDbContext db) in C:\Users\g990564\source\repos\payrollsa\payrollsa\Backend\src\Payroll.Api\Middleware\AuditMiddleware.cs:line 53
   at Payroll.Api.Middleware.ExceptionMiddleware.InvokeAsync(HttpContext context) in C:\Users\g990564\source\repos\payrollsa\payrollsa\Backend\src\Payroll.Api\Middleware\ExceptionMiddleware.cs:line 14
2026-09-08 13:38:02.892 +02:00 [ERR] HTTP GET /api/management/audit responded 500 in 84.1508 ms
2026-09-08 13:38:02.908 +02:00 [ERR] HTTP GET /api/management/summary responded 500 in 94.7952 ms
2026-09-08 13:38:27.794 +02:00 [INF] Server pf66lh68:30900:53d44993 caught stopping signal...
2026-09-08 13:38:27.797 +02:00 [INF] Server pf66lh68:30900:53d44993 All dispatchers stopped
2026-09-08 13:38:27.802 +02:00 [INF] Server pf66lh68:30900:53d44993 successfully reported itself as stopped in 0.9619 ms
2026-09-08 13:38:27.804 +02:00 [INF] Server pf66lh68:30900:53d44993 has been stopped in total 8.634 ms
2026-09-08 13:40:07.819 +02:00 [WRN] No instantiatable types implementing `IEntityTypeConfiguration` were found while scanning assembly 'Payroll.Infrastructure, Version=1.0.0.0, Culture=neutral, PublicKeyToken=null'.
2026-09-08 13:40:08.957 +02:00 [WRN] The WebRootPath was not found: C:\Users\g990564\source\repos\payrollsa\payrollsa\Backend\src\Payroll.Api\wwwroot. Static files may be unavailable.
2026-09-08 13:40:09.029 +02:00 [WRN] The WebRootPath was not found: C:\Users\g990564\source\repos\payrollsa\payrollsa\Backend\src\Payroll.Api\wwwroot. Static files may be unavailable.
2026-09-08 13:40:09.102 +02:00 [INF] Starting Hangfire Server using job storage: 'In-Memory Storage'
2026-09-08 13:40:09.104 +02:00 [INF] Using the following options for Hangfire Server:
    Worker count: 20
    Listening queues: 'default'
    Shutdown timeout: 00:00:15
    Schedule polling interval: 00:00:15
2026-09-08 13:40:09.123 +02:00 [INF] Server pf66lh68:28464:a7ee820f successfully announced in 2.3071 ms
2026-09-08 13:40:09.128 +02:00 [INF] Server pf66lh68:28464:a7ee820f is starting the registered dispatchers: ServerWatchdog, ServerJobCancellationWatcher, Worker, DelayedJobScheduler, RecurringJobScheduler...
2026-09-08 13:40:09.139 +02:00 [INF] Server pf66lh68:28464:a7ee820f all the dispatchers started
2026-09-08 13:40:38.179 +02:00 [WRN] Failed to determine the https port for redirect.
2026-09-08 13:40:38.660 +02:00 [INF] HTTP OPTIONS /api/companies responded 204 in 522.1764 ms
2026-09-08 13:40:38.800 +02:00 [INF] HTTP OPTIONS /api/companies responded 204 in 664.2187 ms
2026-09-08 13:40:39.071 +02:00 [WRN] You do not have a valid license key for the Lucky Penny software MediatR. This is allowed for development and testing scenarios. If you are running in production you are required to have a licensed version. Please visit https://luckypennysoftware.com to obtain a valid license.
2026-09-08 13:40:39.404 +02:00 [INF] HTTP GET /api/companies responded 200 in 703.5789 ms
2026-09-08 13:40:39.429 +02:00 [INF] HTTP OPTIONS /api/management/summary responded 204 in 1.4590 ms
2026-09-08 13:40:39.429 +02:00 [INF] HTTP GET /api/companies responded 200 in 32.6304 ms
2026-09-08 13:40:39.433 +02:00 [INF] HTTP OPTIONS /api/management/audit responded 204 in 2.6171 ms
2026-09-08 13:40:39.568 +02:00 [INF] HTTP GET /api/management/audit responded 200 in 98.5327 ms
2026-09-08 13:40:39.579 +02:00 [INF] HTTP GET /api/management/audit responded 200 in 9.4916 ms
2026-09-08 13:40:39.812 +02:00 [INF] HTTP GET /api/management/summary responded 200 in 368.9935 ms
2026-09-08 13:40:39.832 +02:00 [INF] HTTP GET /api/management/summary responded 200 in 18.5961 ms
2026-09-08 13:40:43.561 +02:00 [INF] HTTP GET /api/management/audit responded 200 in 9.3233 ms
2026-09-08 13:40:43.582 +02:00 [INF] HTTP GET /api/management/summary responded 200 in 37.1716 ms
2026-09-08 13:40:45.493 +02:00 [INF] HTTP OPTIONS /api/management/summary responded 204 in 0.6661 ms
2026-09-08 13:40:45.495 +02:00 [INF] HTTP OPTIONS /api/management/audit responded 204 in 0.5502 ms
2026-09-08 13:40:45.514 +02:00 [INF] HTTP GET /api/management/audit responded 200 in 7.2810 ms
2026-09-08 13:40:45.520 +02:00 [INF] HTTP GET /api/management/summary responded 200 in 16.4911 ms
2026-09-08 19:40:53.907 +02:00 [INF] HTTP OPTIONS /api/auth/login responded 204 in 129.5142 ms
2026-09-08 19:40:54.951 +02:00 [ERR] Could not persist audit log for /api/auth/login
Microsoft.EntityFrameworkCore.DbUpdateConcurrencyException: The database operation was expected to affect 1 row(s), but actually affected 0 row(s); data may have been modified or deleted since entities were loaded. See https://go.microsoft.com/fwlink/?LinkId=527962 for information on understanding and handling optimistic concurrency exceptions.
   at Microsoft.EntityFrameworkCore.Update.AffectedCountModificationCommandBatch.ThrowAggregateUpdateConcurrencyExceptionAsync(RelationalDataReader reader, Int32 commandIndex, Int32 expectedRowsAffected, Int32 rowsAffected, CancellationToken cancellationToken)
   at Microsoft.EntityFrameworkCore.Update.AffectedCountModificationCommandBatch.ConsumeResultSetWithRowsAffectedOnlyAsync(Int32 commandIndex, RelationalDataReader reader, CancellationToken cancellationToken)
   at Microsoft.EntityFrameworkCore.Update.AffectedCountModificationCommandBatch.ConsumeAsync(RelationalDataReader reader, CancellationToken cancellationToken)
   at Microsoft.EntityFrameworkCore.Update.ReaderModificationCommandBatch.ExecuteAsync(IRelationalConnection connection, CancellationToken cancellationToken)
   at Microsoft.EntityFrameworkCore.Update.ReaderModificationCommandBatch.ExecuteAsync(IRelationalConnection connection, CancellationToken cancellationToken)
   at Microsoft.EntityFrameworkCore.Update.Internal.BatchExecutor.ExecuteAsync(IEnumerable`1 commandBatches, IRelationalConnection connection, CancellationToken cancellationToken)
   at Microsoft.EntityFrameworkCore.Update.Internal.BatchExecutor.ExecuteAsync(IEnumerable`1 commandBatches, IRelationalConnection connection, CancellationToken cancellationToken)
   at Microsoft.EntityFrameworkCore.Update.Internal.BatchExecutor.ExecuteAsync(IEnumerable`1 commandBatches, IRelationalConnection connection, CancellationToken cancellationToken)
   at Microsoft.EntityFrameworkCore.Storage.RelationalDatabase.SaveChangesAsync(IList`1 entries, CancellationToken cancellationToken)
   at Microsoft.EntityFrameworkCore.ChangeTracking.Internal.StateManager.SaveChangesAsync(IList`1 entriesToSave, CancellationToken cancellationToken)
   at Microsoft.EntityFrameworkCore.ChangeTracking.Internal.StateManager.SaveChangesAsync(StateManager stateManager, Boolean acceptAllChangesOnSuccess, CancellationToken cancellationToken)
   at Microsoft.EntityFrameworkCore.DbContext.SaveChangesAsync(Boolean acceptAllChangesOnSuccess, CancellationToken cancellationToken)
   at Payroll.Api.Middleware.AuditMiddleware.InvokeAsync(HttpContext context, AppDbContext db) in C:\Users\g990564\source\repos\payrollsa\payrollsa\Backend\src\Payroll.Api\Middleware\AuditMiddleware.cs:line 46
2026-09-08 19:40:55.002 +02:00 [INF] HTTP POST /api/auth/login responded 200 in 1035.8120 ms
2026-09-08 19:41:13.367 +02:00 [INF] HTTP OPTIONS /api/companies responded 204 in 7.7737 ms
2026-09-08 19:41:13.393 +02:00 [INF] HTTP GET /api/companies responded 200 in 15.4727 ms
2026-09-08 19:41:13.419 +02:00 [INF] HTTP OPTIONS /api/employees responded 204 in 18.9904 ms
2026-09-08 19:41:13.422 +02:00 [INF] HTTP OPTIONS /api/users responded 204 in 3.6229 ms
2026-09-08 19:41:13.483 +02:00 [INF] HTTP GET /api/employees responded 200 in 56.6431 ms
2026-09-08 19:41:13.486 +02:00 [INF] HTTP GET /api/users responded 200 in 58.9177 ms
2026-09-08 19:41:23.792 +02:00 [INF] HTTP OPTIONS /api/companies responded 204 in 6.3119 ms
2026-09-08 19:41:23.811 +02:00 [INF] HTTP GET /api/companies responded 200 in 9.5796 ms
2026-09-08 19:41:23.821 +02:00 [INF] HTTP OPTIONS /api/departments responded 204 in 4.7012 ms
2026-09-08 19:41:23.855 +02:00 [INF] HTTP GET /api/departments responded 200 in 28.1454 ms
2026-09-08 19:43:10.874 +02:00 [INF] HTTP OPTIONS /api/auth/login responded 204 in 6.6145 ms
2026-09-08 19:43:10.953 +02:00 [ERR] Could not persist audit log for /api/auth/login
Microsoft.EntityFrameworkCore.DbUpdateConcurrencyException: The database operation was expected to affect 1 row(s), but actually affected 0 row(s); data may have been modified or deleted since entities were loaded. See https://go.microsoft.com/fwlink/?LinkId=527962 for information on understanding and handling optimistic concurrency exceptions.
   at Microsoft.EntityFrameworkCore.Update.AffectedCountModificationCommandBatch.ThrowAggregateUpdateConcurrencyExceptionAsync(RelationalDataReader reader, Int32 commandIndex, Int32 expectedRowsAffected, Int32 rowsAffected, CancellationToken cancellationToken)
   at Microsoft.EntityFrameworkCore.Update.AffectedCountModificationCommandBatch.ConsumeResultSetWithRowsAffectedOnlyAsync(Int32 commandIndex, RelationalDataReader reader, CancellationToken cancellationToken)
   at Microsoft.EntityFrameworkCore.Update.AffectedCountModificationCommandBatch.ConsumeAsync(RelationalDataReader reader, CancellationToken cancellationToken)
   at Microsoft.EntityFrameworkCore.Update.ReaderModificationCommandBatch.ExecuteAsync(IRelationalConnection connection, CancellationToken cancellationToken)
   at Microsoft.EntityFrameworkCore.Update.ReaderModificationCommandBatch.ExecuteAsync(IRelationalConnection connection, CancellationToken cancellationToken)
   at Microsoft.EntityFrameworkCore.Update.Internal.BatchExecutor.ExecuteAsync(IEnumerable`1 commandBatches, IRelationalConnection connection, CancellationToken cancellationToken)
   at Microsoft.EntityFrameworkCore.Update.Internal.BatchExecutor.ExecuteAsync(IEnumerable`1 commandBatches, IRelationalConnection connection, CancellationToken cancellationToken)
   at Microsoft.EntityFrameworkCore.Update.Internal.BatchExecutor.ExecuteAsync(IEnumerable`1 commandBatches, IRelationalConnection connection, CancellationToken cancellationToken)
   at Microsoft.EntityFrameworkCore.Storage.RelationalDatabase.SaveChangesAsync(IList`1 entries, CancellationToken cancellationToken)
   at Microsoft.EntityFrameworkCore.ChangeTracking.Internal.StateManager.SaveChangesAsync(IList`1 entriesToSave, CancellationToken cancellationToken)
   at Microsoft.EntityFrameworkCore.ChangeTracking.Internal.StateManager.SaveChangesAsync(StateManager stateManager, Boolean acceptAllChangesOnSuccess, CancellationToken cancellationToken)
   at Microsoft.EntityFrameworkCore.DbContext.SaveChangesAsync(Boolean acceptAllChangesOnSuccess, CancellationToken cancellationToken)
   at Payroll.Api.Middleware.AuditMiddleware.InvokeAsync(HttpContext context, AppDbContext db) in C:\Users\g990564\source\repos\payrollsa\payrollsa\Backend\src\Payroll.Api\Middleware\AuditMiddleware.cs:line 46
2026-09-08 19:43:10.958 +02:00 [INF] HTTP POST /api/auth/login responded 200 in 77.4662 ms
2026-09-08 19:43:11.011 +02:00 [INF] HTTP OPTIONS /api/dashboard/summary responded 204 in 7.0369 ms
2026-09-08 19:43:11.015 +02:00 [INF] HTTP OPTIONS /api/dashboard/summary responded 204 in 9.9665 ms
2026-09-08 19:43:11.181 +02:00 [INF] HTTP GET /api/dashboard/summary responded 200 in 158.0085 ms
2026-09-08 19:43:11.192 +02:00 [INF] HTTP GET /api/dashboard/summary responded 200 in 13.2493 ms
2026-09-08 19:43:17.629 +02:00 [INF] HTTP OPTIONS /api/dashboard/summary responded 204 in 7.8834 ms
2026-09-08 19:43:17.656 +02:00 [INF] HTTP GET /api/dashboard/summary responded 200 in 12.7307 ms
2026-09-08 19:43:17.779 +02:00 [INF] HTTP OPTIONS /api/dashboard/summary responded 204 in 156.0435 ms
2026-09-08 19:43:17.797 +02:00 [INF] HTTP GET /api/dashboard/summary responded 200 in 8.1502 ms
2026-09-08 19:43:29.577 +02:00 [INF] HTTP OPTIONS /api/auth/login responded 204 in 4.0384 ms
2026-09-08 19:43:29.667 +02:00 [ERR] Could not persist audit log for /api/auth/login
Microsoft.EntityFrameworkCore.DbUpdateConcurrencyException: The database operation was expected to affect 1 row(s), but actually affected 0 row(s); data may have been modified or deleted since entities were loaded. See https://go.microsoft.com/fwlink/?LinkId=527962 for information on understanding and handling optimistic concurrency exceptions.
   at Microsoft.EntityFrameworkCore.Update.AffectedCountModificationCommandBatch.ThrowAggregateUpdateConcurrencyExceptionAsync(RelationalDataReader reader, Int32 commandIndex, Int32 expectedRowsAffected, Int32 rowsAffected, CancellationToken cancellationToken)
   at Microsoft.EntityFrameworkCore.Update.AffectedCountModificationCommandBatch.ConsumeResultSetWithRowsAffectedOnlyAsync(Int32 commandIndex, RelationalDataReader reader, CancellationToken cancellationToken)
   at Microsoft.EntityFrameworkCore.Update.AffectedCountModificationCommandBatch.ConsumeAsync(RelationalDataReader reader, CancellationToken cancellationToken)
   at Microsoft.EntityFrameworkCore.Update.ReaderModificationCommandBatch.ExecuteAsync(IRelationalConnection connection, CancellationToken cancellationToken)
   at Microsoft.EntityFrameworkCore.Update.ReaderModificationCommandBatch.ExecuteAsync(IRelationalConnection connection, CancellationToken cancellationToken)
   at Microsoft.EntityFrameworkCore.Update.Internal.BatchExecutor.ExecuteAsync(IEnumerable`1 commandBatches, IRelationalConnection connection, CancellationToken cancellationToken)
   at Microsoft.EntityFrameworkCore.Update.Internal.BatchExecutor.ExecuteAsync(IEnumerable`1 commandBatches, IRelationalConnection connection, CancellationToken cancellationToken)
   at Microsoft.EntityFrameworkCore.Update.Internal.BatchExecutor.ExecuteAsync(IEnumerable`1 commandBatches, IRelationalConnection connection, CancellationToken cancellationToken)
   at Microsoft.EntityFrameworkCore.Storage.RelationalDatabase.SaveChangesAsync(IList`1 entries, CancellationToken cancellationToken)
   at Microsoft.EntityFrameworkCore.ChangeTracking.Internal.StateManager.SaveChangesAsync(IList`1 entriesToSave, CancellationToken cancellationToken)
   at Microsoft.EntityFrameworkCore.ChangeTracking.Internal.StateManager.SaveChangesAsync(StateManager stateManager, Boolean acceptAllChangesOnSuccess, CancellationToken cancellationToken)
   at Microsoft.EntityFrameworkCore.DbContext.SaveChangesAsync(Boolean acceptAllChangesOnSuccess, CancellationToken cancellationToken)
   at Payroll.Api.Middleware.AuditMiddleware.InvokeAsync(HttpContext context, AppDbContext db) in C:\Users\g990564\source\repos\payrollsa\payrollsa\Backend\src\Payroll.Api\Middleware\AuditMiddleware.cs:line 46
2026-09-08 19:43:29.672 +02:00 [INF] HTTP POST /api/auth/login responded 200 in 85.8177 ms
2026-09-08 19:43:29.702 +02:00 [INF] HTTP OPTIONS /api/dashboard/summary responded 204 in 5.8993 ms
2026-09-08 19:43:29.714 +02:00 [INF] HTTP GET /api/dashboard/summary responded 200 in 6.7803 ms
2026-09-08 19:43:29.860 +02:00 [INF] HTTP OPTIONS /api/dashboard/summary responded 204 in 163.1820 ms
2026-09-08 19:43:29.876 +02:00 [INF] HTTP GET /api/dashboard/summary responded 200 in 6.9567 ms
2026-09-08 19:43:43.860 +02:00 [INF] HTTP OPTIONS /api/auth/login responded 204 in 5.3975 ms
2026-09-08 19:43:43.937 +02:00 [ERR] Could not persist audit log for /api/auth/login
Microsoft.EntityFrameworkCore.DbUpdateConcurrencyException: The database operation was expected to affect 1 row(s), but actually affected 0 row(s); data may have been modified or deleted since entities were loaded. See https://go.microsoft.com/fwlink/?LinkId=527962 for information on understanding and handling optimistic concurrency exceptions.
   at Microsoft.EntityFrameworkCore.Update.AffectedCountModificationCommandBatch.ThrowAggregateUpdateConcurrencyExceptionAsync(RelationalDataReader reader, Int32 commandIndex, Int32 expectedRowsAffected, Int32 rowsAffected, CancellationToken cancellationToken)
   at Microsoft.EntityFrameworkCore.Update.AffectedCountModificationCommandBatch.ConsumeResultSetWithRowsAffectedOnlyAsync(Int32 commandIndex, RelationalDataReader reader, CancellationToken cancellationToken)
   at Microsoft.EntityFrameworkCore.Update.AffectedCountModificationCommandBatch.ConsumeAsync(RelationalDataReader reader, CancellationToken cancellationToken)
   at Microsoft.EntityFrameworkCore.Update.ReaderModificationCommandBatch.ExecuteAsync(IRelationalConnection connection, CancellationToken cancellationToken)
   at Microsoft.EntityFrameworkCore.Update.ReaderModificationCommandBatch.ExecuteAsync(IRelationalConnection connection, CancellationToken cancellationToken)
   at Microsoft.EntityFrameworkCore.Update.Internal.BatchExecutor.ExecuteAsync(IEnumerable`1 commandBatches, IRelationalConnection connection, CancellationToken cancellationToken)
   at Microsoft.EntityFrameworkCore.Update.Internal.BatchExecutor.ExecuteAsync(IEnumerable`1 commandBatches, IRelationalConnection connection, CancellationToken cancellationToken)
   at Microsoft.EntityFrameworkCore.Update.Internal.BatchExecutor.ExecuteAsync(IEnumerable`1 commandBatches, IRelationalConnection connection, CancellationToken cancellationToken)
   at Microsoft.EntityFrameworkCore.Storage.RelationalDatabase.SaveChangesAsync(IList`1 entries, CancellationToken cancellationToken)
   at Microsoft.EntityFrameworkCore.ChangeTracking.Internal.StateManager.SaveChangesAsync(IList`1 entriesToSave, CancellationToken cancellationToken)
   at Microsoft.EntityFrameworkCore.ChangeTracking.Internal.StateManager.SaveChangesAsync(StateManager stateManager, Boolean acceptAllChangesOnSuccess, CancellationToken cancellationToken)
   at Microsoft.EntityFrameworkCore.DbContext.SaveChangesAsync(Boolean acceptAllChangesOnSuccess, CancellationToken cancellationToken)
   at Payroll.Api.Middleware.AuditMiddleware.InvokeAsync(HttpContext context, AppDbContext db) in C:\Users\g990564\source\repos\payrollsa\payrollsa\Backend\src\Payroll.Api\Middleware\AuditMiddleware.cs:line 46
2026-09-08 19:43:43.943 +02:00 [INF] HTTP POST /api/auth/login responded 200 in 75.4175 ms
2026-09-08 19:43:43.976 +02:00 [INF] HTTP OPTIONS /api/dashboard/summary responded 204 in 2.9678 ms
2026-09-08 19:43:43.995 +02:00 [INF] HTTP GET /api/dashboard/summary responded 200 in 9.3779 ms
2026-09-08 19:43:44.127 +02:00 [INF] HTTP OPTIONS /api/dashboard/summary responded 204 in 154.7213 ms
2026-09-08 19:43:44.146 +02:00 [INF] HTTP GET /api/dashboard/summary responded 200 in 7.8767 ms
2026-09-08 19:44:05.118 +02:00 [INF] HTTP OPTIONS /api/auth/login responded 204 in 21.9632 ms
2026-09-08 19:44:05.197 +02:00 [ERR] Could not persist audit log for /api/auth/login
Microsoft.EntityFrameworkCore.DbUpdateConcurrencyException: The database operation was expected to affect 1 row(s), but actually affected 0 row(s); data may have been modified or deleted since entities were loaded. See https://go.microsoft.com/fwlink/?LinkId=527962 for information on understanding and handling optimistic concurrency exceptions.
   at Microsoft.EntityFrameworkCore.Update.AffectedCountModificationCommandBatch.ThrowAggregateUpdateConcurrencyExceptionAsync(RelationalDataReader reader, Int32 commandIndex, Int32 expectedRowsAffected, Int32 rowsAffected, CancellationToken cancellationToken)
   at Microsoft.EntityFrameworkCore.Update.AffectedCountModificationCommandBatch.ConsumeResultSetWithRowsAffectedOnlyAsync(Int32 commandIndex, RelationalDataReader reader, CancellationToken cancellationToken)
   at Microsoft.EntityFrameworkCore.Update.AffectedCountModificationCommandBatch.ConsumeAsync(RelationalDataReader reader, CancellationToken cancellationToken)
   at Microsoft.EntityFrameworkCore.Update.ReaderModificationCommandBatch.ExecuteAsync(IRelationalConnection connection, CancellationToken cancellationToken)
   at Microsoft.EntityFrameworkCore.Update.ReaderModificationCommandBatch.ExecuteAsync(IRelationalConnection connection, CancellationToken cancellationToken)
   at Microsoft.EntityFrameworkCore.Update.Internal.BatchExecutor.ExecuteAsync(IEnumerable`1 commandBatches, IRelationalConnection connection, CancellationToken cancellationToken)
   at Microsoft.EntityFrameworkCore.Update.Internal.BatchExecutor.ExecuteAsync(IEnumerable`1 commandBatches, IRelationalConnection connection, CancellationToken cancellationToken)
   at Microsoft.EntityFrameworkCore.Update.Internal.BatchExecutor.ExecuteAsync(IEnumerable`1 commandBatches, IRelationalConnection connection, CancellationToken cancellationToken)
   at Microsoft.EntityFrameworkCore.Storage.RelationalDatabase.SaveChangesAsync(IList`1 entries, CancellationToken cancellationToken)
   at Microsoft.EntityFrameworkCore.ChangeTracking.Internal.StateManager.SaveChangesAsync(IList`1 entriesToSave, CancellationToken cancellationToken)
   at Microsoft.EntityFrameworkCore.ChangeTracking.Internal.StateManager.SaveChangesAsync(StateManager stateManager, Boolean acceptAllChangesOnSuccess, CancellationToken cancellationToken)
   at Microsoft.EntityFrameworkCore.DbContext.SaveChangesAsync(Boolean acceptAllChangesOnSuccess, CancellationToken cancellationToken)
   at Payroll.Api.Middleware.AuditMiddleware.InvokeAsync(HttpContext context, AppDbContext db) in C:\Users\g990564\source\repos\payrollsa\payrollsa\Backend\src\Payroll.Api\Middleware\AuditMiddleware.cs:line 46
2026-09-08 19:44:05.205 +02:00 [INF] HTTP POST /api/auth/login responded 200 in 81.8394 ms
2026-09-08 20:31:44.785 +02:00 [INF] HTTP OPTIONS /api/auth/register-company responded 204 in 43.5070 ms
2026-09-08 20:31:45.280 +02:00 [ERR] Could not persist audit log for /api/auth/register-company
Microsoft.EntityFrameworkCore.DbUpdateConcurrencyException: The database operation was expected to affect 1 row(s), but actually affected 0 row(s); data may have been modified or deleted since entities were loaded. See https://go.microsoft.com/fwlink/?LinkId=527962 for information on understanding and handling optimistic concurrency exceptions.
   at Microsoft.EntityFrameworkCore.Update.AffectedCountModificationCommandBatch.ThrowAggregateUpdateConcurrencyExceptionAsync(RelationalDataReader reader, Int32 commandIndex, Int32 expectedRowsAffected, Int32 rowsAffected, CancellationToken cancellationToken)
   at Microsoft.EntityFrameworkCore.Update.AffectedCountModificationCommandBatch.ConsumeResultSetWithRowsAffectedOnlyAsync(Int32 commandIndex, RelationalDataReader reader, CancellationToken cancellationToken)
   at Microsoft.EntityFrameworkCore.Update.AffectedCountModificationCommandBatch.ConsumeAsync(RelationalDataReader reader, CancellationToken cancellationToken)
   at Microsoft.EntityFrameworkCore.Update.ReaderModificationCommandBatch.ExecuteAsync(IRelationalConnection connection, CancellationToken cancellationToken)
   at Microsoft.EntityFrameworkCore.Update.ReaderModificationCommandBatch.ExecuteAsync(IRelationalConnection connection, CancellationToken cancellationToken)
   at Microsoft.EntityFrameworkCore.Update.Internal.BatchExecutor.ExecuteAsync(IEnumerable`1 commandBatches, IRelationalConnection connection, CancellationToken cancellationToken)
   at Microsoft.EntityFrameworkCore.Update.Internal.BatchExecutor.ExecuteAsync(IEnumerable`1 commandBatches, IRelationalConnection connection, CancellationToken cancellationToken)
   at Microsoft.EntityFrameworkCore.Update.Internal.BatchExecutor.ExecuteAsync(IEnumerable`1 commandBatches, IRelationalConnection connection, CancellationToken cancellationToken)
   at Microsoft.EntityFrameworkCore.Storage.RelationalDatabase.SaveChangesAsync(IList`1 entries, CancellationToken cancellationToken)
   at Microsoft.EntityFrameworkCore.ChangeTracking.Internal.StateManager.SaveChangesAsync(IList`1 entriesToSave, CancellationToken cancellationToken)
   at Microsoft.EntityFrameworkCore.ChangeTracking.Internal.StateManager.SaveChangesAsync(StateManager stateManager, Boolean acceptAllChangesOnSuccess, CancellationToken cancellationToken)
   at Microsoft.EntityFrameworkCore.DbContext.SaveChangesAsync(Boolean acceptAllChangesOnSuccess, CancellationToken cancellationToken)
   at Payroll.Api.Middleware.AuditMiddleware.InvokeAsync(HttpContext context, AppDbContext db) in C:\Users\g990564\source\repos\payrollsa\payrollsa\Backend\src\Payroll.Api\Middleware\AuditMiddleware.cs:line 46
2026-09-08 20:31:45.302 +02:00 [INF] HTTP POST /api/auth/register-company responded 200 in 488.1430 ms
2026-09-08 20:31:45.342 +02:00 [INF] HTTP OPTIONS /api/dashboard/summary responded 204 in 5.3814 ms
2026-09-08 20:31:45.346 +02:00 [INF] HTTP OPTIONS /api/dashboard/summary responded 204 in 5.8208 ms
2026-09-08 20:31:45.368 +02:00 [INF] HTTP GET /api/dashboard/summary responded 200 in 12.5070 ms
2026-09-08 20:31:45.379 +02:00 [INF] HTTP GET /api/dashboard/summary responded 200 in 11.0038 ms
2026-09-08 20:31:57.272 +02:00 [INF] HTTP OPTIONS /api/employees responded 204 in 6.5728 ms
2026-09-08 20:31:57.297 +02:00 [INF] HTTP GET /api/employees responded 200 in 12.4695 ms
2026-09-08 20:31:59.041 +02:00 [INF] HTTP OPTIONS /api/departments responded 204 in 3.8044 ms
2026-09-08 20:31:59.057 +02:00 [INF] HTTP GET /api/departments responded 200 in 8.4553 ms
2026-09-08 20:33:39.051 +02:00 [INF] HTTP OPTIONS /api/employees responded 204 in 20.3044 ms
2026-09-08 20:33:39.458 +02:00 [INF] HTTP POST /api/employees responded 200 in 394.2841 ms
2026-09-08 20:33:39.491 +02:00 [INF] HTTP OPTIONS /api/employees responded 204 in 3.4610 ms
2026-09-08 20:33:39.508 +02:00 [INF] HTTP GET /api/employees responded 200 in 7.9762 ms
2026-09-08 20:33:43.413 +02:00 [INF] HTTP OPTIONS /api/departments responded 204 in 5.5376 ms
2026-09-08 20:33:43.467 +02:00 [INF] HTTP GET /api/departments responded 200 in 38.1670 ms
2026-09-08 20:35:47.851 +02:00 [INF] HTTP OPTIONS /api/employees responded 204 in 22.2465 ms
2026-09-08 20:35:47.871 +02:00 [INF] HTTP POST /api/employees responded 200 in 10.7151 ms
2026-09-08 20:35:47.927 +02:00 [INF] HTTP OPTIONS /api/employees responded 204 in 4.3763 ms
2026-09-08 20:35:48.013 +02:00 [INF] HTTP GET /api/employees responded 200 in 7.0001 ms
2026-09-08 20:35:56.258 +02:00 [INF] HTTP OPTIONS /api/dashboard/summary responded 204 in 3.6220 ms
2026-09-08 20:35:56.279 +02:00 [INF] HTTP GET /api/dashboard/summary responded 200 in 9.7233 ms
2026-09-08 20:36:01.130 +02:00 [INF] HTTP OPTIONS /api/employees responded 204 in 4.5108 ms
2026-09-08 20:36:01.142 +02:00 [INF] HTTP GET /api/employees responded 200 in 4.5891 ms
2026-09-08 20:36:09.068 +02:00 [INF] HTTP OPTIONS /api/payroll/periods responded 204 in 6.7133 ms
2026-09-08 20:36:09.168 +02:00 [INF] HTTP GET /api/payroll/periods responded 200 in 92.5067 ms
2026-09-08 20:36:10.833 +02:00 [INF] HTTP OPTIONS /api/payroll/generate responded 204 in 20.5444 ms
2026-09-08 20:36:11.143 +02:00 [WRN] Compiling a query which loads related collections for more than one collection navigation, either via 'Include' or through projection, but no 'QuerySplittingBehavior' has been configured. By default, Entity Framework will use 'QuerySplittingBehavior.SingleQuery', which can potentially result in slow query performance. See https://go.microsoft.com/fwlink/?linkid=2134277 for more information. To identify the query that's triggering this warning call 'ConfigureWarnings(w => w.Throw(RelationalEventId.MultipleCollectionIncludeWarning))'.
2026-09-08 20:36:11.841 +02:00 [INF] HTTP POST /api/payroll/generate responded 200 in 1000.5187 ms
2026-09-08 20:36:11.899 +02:00 [INF] HTTP GET /api/payroll/periods responded 200 in 37.0397 ms
2026-09-08 20:36:16.651 +02:00 [INF] HTTP OPTIONS /api/payroll/27cdd050-7e7f-42cc-af9d-0a293476871a responded 204 in 3.4618 ms
2026-09-08 20:36:16.657 +02:00 [INF] HTTP OPTIONS /api/payroll/27cdd050-7e7f-42cc-af9d-0a293476871a/lines responded 204 in 4.1916 ms
2026-09-08 20:36:16.732 +02:00 [INF] HTTP GET /api/payroll/27cdd050-7e7f-42cc-af9d-0a293476871a responded 200 in 70.1828 ms
2026-09-08 20:36:16.732 +02:00 [WRN] Compiling a query which loads related collections for more than one collection navigation, either via 'Include' or through projection, but no 'QuerySplittingBehavior' has been configured. By default, Entity Framework will use 'QuerySplittingBehavior.SingleQuery', which can potentially result in slow query performance. See https://go.microsoft.com/fwlink/?linkid=2134277 for more information. To identify the query that's triggering this warning call 'ConfigureWarnings(w => w.Throw(RelationalEventId.MultipleCollectionIncludeWarning))'.
2026-09-08 20:36:16.890 +02:00 [INF] HTTP GET /api/payroll/27cdd050-7e7f-42cc-af9d-0a293476871a/lines responded 200 in 221.8283 ms
2026-09-08 20:36:28.671 +02:00 [INF] HTTP OPTIONS /api/payroll/27cdd050-7e7f-42cc-af9d-0a293476871a/approve responded 204 in 24.0638 ms
2026-09-08 20:36:28.795 +02:00 [INF] HTTP POST /api/payroll/27cdd050-7e7f-42cc-af9d-0a293476871a/approve responded 200 in 112.0427 ms
2026-09-08 20:36:28.922 +02:00 [INF] HTTP OPTIONS /api/payroll/27cdd050-7e7f-42cc-af9d-0a293476871a responded 204 in 10.8157 ms
2026-09-08 20:36:28.947 +02:00 [INF] HTTP GET /api/payroll/27cdd050-7e7f-42cc-af9d-0a293476871a responded 200 in 12.0200 ms
2026-09-08 20:36:35.470 +02:00 [INF] HTTP OPTIONS /api/payroll/27cdd050-7e7f-42cc-af9d-0a293476871a/mark-paid responded 204 in 23.7605 ms
2026-09-08 20:36:35.529 +02:00 [INF] HTTP POST /api/payroll/27cdd050-7e7f-42cc-af9d-0a293476871a/mark-paid responded 400 in 47.6385 ms
2026-09-08 20:36:37.307 +02:00 [INF] HTTP OPTIONS /api/payroll/27cdd050-7e7f-42cc-af9d-0a293476871a/approve responded 204 in 21.5486 ms
2026-09-08 20:36:37.326 +02:00 [INF] HTTP POST /api/payroll/27cdd050-7e7f-42cc-af9d-0a293476871a/approve responded 400 in 9.8541 ms
2026-09-08 20:36:38.481 +02:00 [INF] HTTP OPTIONS /api/leave responded 204 in 3.7465 ms
2026-09-08 20:36:38.570 +02:00 [INF] HTTP GET /api/leave responded 200 in 80.2574 ms
2026-09-08 20:36:41.554 +02:00 [INF] HTTP OPTIONS /api/payslips/periods responded 204 in 4.9828 ms
2026-09-08 20:36:41.625 +02:00 [INF] HTTP GET /api/payslips/periods responded 200 in 63.1911 ms
2026-09-08 20:36:44.317 +02:00 [INF] HTTP OPTIONS /api/payslips/period/27cdd050-7e7f-42cc-af9d-0a293476871a responded 204 in 4.8807 ms
2026-09-08 20:36:44.386 +02:00 [INF] HTTP GET /api/payslips/period/27cdd050-7e7f-42cc-af9d-0a293476871a responded 200 in 58.8948 ms
2026-09-08 20:36:49.469 +02:00 [INF] HTTP OPTIONS /api/payslips/87c959f5-f2fb-4fcf-9cb8-ca58ce2db128/download responded 204 in 26.8030 ms
2026-09-08 20:36:49.651 +02:00 [WRN] Compiling a query which loads related collections for more than one collection navigation, either via 'Include' or through projection, but no 'QuerySplittingBehavior' has been configured. By default, Entity Framework will use 'QuerySplittingBehavior.SingleQuery', which can potentially result in slow query performance. See https://go.microsoft.com/fwlink/?linkid=2134277 for more information. To identify the query that's triggering this warning call 'ConfigureWarnings(w => w.Throw(RelationalEventId.MultipleCollectionIncludeWarning))'.
2026-09-08 20:36:51.709 +02:00 [INF] HTTP GET /api/payslips/87c959f5-f2fb-4fcf-9cb8-ca58ce2db128/download responded 200 in 2223.9034 ms
2026-09-08 20:36:51.766 +02:00 [INF] HTTP GET /api/payslips/87c959f5-f2fb-4fcf-9cb8-ca58ce2db128/download responded 200 in 51.0803 ms
2026-09-08 20:38:04.371 +02:00 [INF] HTTP OPTIONS /api/payroll/periods responded 204 in 5.1251 ms
2026-09-08 20:38:04.390 +02:00 [INF] HTTP GET /api/payroll/periods responded 200 in 10.4927 ms
2026-09-08 20:38:04.406 +02:00 [INF] HTTP OPTIONS /api/reports/payroll-register responded 204 in 5.2500 ms
2026-09-08 20:38:04.474 +02:00 [INF] HTTP GET /api/reports/payroll-register responded 200 in 60.7107 ms
2026-09-08 20:38:08.381 +02:00 [INF] HTTP OPTIONS /api/leave responded 204 in 18.3563 ms
2026-09-08 20:38:08.393 +02:00 [INF] HTTP GET /api/leave responded 200 in 5.8590 ms
2026-09-08 20:38:14.983 +02:00 [INF] HTTP OPTIONS /api/settings/leave-types responded 204 in 4.6855 ms
2026-09-08 20:38:15.029 +02:00 [INF] HTTP GET /api/settings/leave-types responded 200 in 37.8723 ms
2026-09-08 20:38:34.874 +02:00 [INF] HTTP OPTIONS /api/dashboard/summary responded 204 in 22.1962 ms
2026-09-08 20:38:34.900 +02:00 [INF] HTTP GET /api/dashboard/summary responded 200 in 16.7554 ms
2026-09-08 20:38:45.501 +02:00 [INF] HTTP OPTIONS /api/settings/leave-types responded 204 in 16.2577 ms
2026-09-08 20:38:45.518 +02:00 [INF] HTTP GET /api/settings/leave-types responded 200 in 9.2558 ms
2026-09-08 20:38:47.495 +02:00 [INF] HTTP OPTIONS /api/employees responded 204 in 4.9522 ms
2026-09-08 20:38:47.509 +02:00 [INF] HTTP GET /api/employees responded 200 in 5.6182 ms
2026-09-08 20:39:03.099 +02:00 [INF] HTTP OPTIONS /api/auth/login responded 204 in 5.5194 ms
2026-09-08 20:39:03.269 +02:00 [ERR] Could not persist audit log for /api/auth/login
Microsoft.EntityFrameworkCore.DbUpdateConcurrencyException: The database operation was expected to affect 1 row(s), but actually affected 0 row(s); data may have been modified or deleted since entities were loaded. See https://go.microsoft.com/fwlink/?LinkId=527962 for information on understanding and handling optimistic concurrency exceptions.
   at Microsoft.EntityFrameworkCore.Update.AffectedCountModificationCommandBatch.ThrowAggregateUpdateConcurrencyExceptionAsync(RelationalDataReader reader, Int32 commandIndex, Int32 expectedRowsAffected, Int32 rowsAffected, CancellationToken cancellationToken)
   at Microsoft.EntityFrameworkCore.Update.AffectedCountModificationCommandBatch.ConsumeResultSetWithRowsAffectedOnlyAsync(Int32 commandIndex, RelationalDataReader reader, CancellationToken cancellationToken)
   at Microsoft.EntityFrameworkCore.Update.AffectedCountModificationCommandBatch.ConsumeAsync(RelationalDataReader reader, CancellationToken cancellationToken)
   at Microsoft.EntityFrameworkCore.Update.ReaderModificationCommandBatch.ExecuteAsync(IRelationalConnection connection, CancellationToken cancellationToken)
   at Microsoft.EntityFrameworkCore.Update.ReaderModificationCommandBatch.ExecuteAsync(IRelationalConnection connection, CancellationToken cancellationToken)
   at Microsoft.EntityFrameworkCore.Update.Internal.BatchExecutor.ExecuteAsync(IEnumerable`1 commandBatches, IRelationalConnection connection, CancellationToken cancellationToken)
   at Microsoft.EntityFrameworkCore.Update.Internal.BatchExecutor.ExecuteAsync(IEnumerable`1 commandBatches, IRelationalConnection connection, CancellationToken cancellationToken)
   at Microsoft.EntityFrameworkCore.Update.Internal.BatchExecutor.ExecuteAsync(IEnumerable`1 commandBatches, IRelationalConnection connection, CancellationToken cancellationToken)
   at Microsoft.EntityFrameworkCore.Storage.RelationalDatabase.SaveChangesAsync(IList`1 entries, CancellationToken cancellationToken)
   at Microsoft.EntityFrameworkCore.ChangeTracking.Internal.StateManager.SaveChangesAsync(IList`1 entriesToSave, CancellationToken cancellationToken)
   at Microsoft.EntityFrameworkCore.ChangeTracking.Internal.StateManager.SaveChangesAsync(StateManager stateManager, Boolean acceptAllChangesOnSuccess, CancellationToken cancellationToken)
   at Microsoft.EntityFrameworkCore.DbContext.SaveChangesAsync(Boolean acceptAllChangesOnSuccess, CancellationToken cancellationToken)
   at Payroll.Api.Middleware.AuditMiddleware.InvokeAsync(HttpContext context, AppDbContext db) in C:\Users\g990564\source\repos\payrollsa\payrollsa\Backend\src\Payroll.Api\Middleware\AuditMiddleware.cs:line 46
2026-09-08 20:39:03.300 +02:00 [INF] HTTP POST /api/auth/login responded 200 in 193.7084 ms
2026-09-08 20:39:07.745 +02:00 [INF] HTTP OPTIONS /api/companies responded 204 in 8.6901 ms
2026-09-08 20:39:07.770 +02:00 [INF] HTTP GET /api/companies responded 200 in 10.6273 ms
2026-09-08 20:39:07.787 +02:00 [INF] HTTP OPTIONS /api/departments responded 204 in 5.1128 ms
2026-09-08 20:39:07.803 +02:00 [INF] HTTP GET /api/departments responded 200 in 5.0099 ms
2026-09-08 20:39:18.077 +02:00 [INF] HTTP OPTIONS /api/departments responded 204 in 24.6723 ms
2026-09-08 20:39:18.210 +02:00 [INF] HTTP POST /api/departments responded 200 in 118.8253 ms
2026-09-08 20:39:18.249 +02:00 [INF] HTTP OPTIONS /api/departments responded 204 in 7.5388 ms
2026-09-08 20:39:18.277 +02:00 [INF] HTTP GET /api/departments responded 200 in 9.2925 ms
2026-09-08 20:39:22.017 +02:00 [INF] HTTP OPTIONS /api/companies responded 204 in 4.3772 ms
2026-09-08 20:39:22.036 +02:00 [INF] HTTP GET /api/companies responded 200 in 7.7209 ms
2026-09-08 20:39:22.058 +02:00 [INF] HTTP OPTIONS /api/employees responded 204 in 3.7854 ms
2026-09-08 20:39:22.061 +02:00 [INF] HTTP OPTIONS /api/users responded 204 in 3.4957 ms
2026-09-08 20:39:22.072 +02:00 [INF] HTTP GET /api/employees responded 200 in 4.7943 ms
2026-09-08 20:39:22.083 +02:00 [INF] HTTP GET /api/users responded 200 in 13.1633 ms
2026-09-08 20:39:31.107 +02:00 [INF] HTTP OPTIONS /api/companies responded 204 in 7.1259 ms
2026-09-08 20:39:31.129 +02:00 [INF] HTTP GET /api/companies responded 200 in 6.3776 ms
2026-09-08 20:39:31.140 +02:00 [INF] HTTP OPTIONS /api/management/summary responded 204 in 0.2017 ms
2026-09-08 20:39:31.140 +02:00 [INF] HTTP OPTIONS /api/management/audit responded 204 in 0.1469 ms
2026-09-08 20:39:31.156 +02:00 [INF] HTTP GET /api/management/audit responded 200 in 2.7658 ms
2026-09-08 20:39:31.156 +02:00 [INF] HTTP GET /api/management/summary responded 200 in 7.5265 ms
2026-09-08 20:39:38.124 +02:00 [INF] HTTP OPTIONS /api/management/summary responded 204 in 0.3080 ms
2026-09-08 20:39:38.124 +02:00 [INF] HTTP OPTIONS /api/management/audit responded 204 in 0.1592 ms
2026-09-08 20:39:38.169 +02:00 [INF] HTTP GET /api/management/summary responded 200 in 22.3756 ms
2026-09-08 20:39:38.172 +02:00 [INF] HTTP GET /api/management/audit responded 200 in 15.4034 ms
2026-09-08 20:40:03.876 +02:00 [INF] HTTP OPTIONS /api/companies responded 204 in 4.2723 ms
2026-09-08 20:40:03.903 +02:00 [INF] HTTP GET /api/companies responded 200 in 6.6797 ms
2026-09-08 20:40:03.928 +02:00 [INF] HTTP OPTIONS /api/employees responded 204 in 7.4843 ms
2026-09-08 20:40:03.938 +02:00 [INF] HTTP OPTIONS /api/users responded 204 in 13.9774 ms
2026-09-08 20:40:03.957 +02:00 [INF] HTTP GET /api/employees responded 200 in 8.7708 ms
2026-09-08 20:40:03.964 +02:00 [INF] HTTP GET /api/users responded 200 in 14.2042 ms
2026-09-08 20:40:07.739 +02:00 [INF] HTTP OPTIONS /api/users responded 204 in 24.4377 ms
2026-09-08 20:40:07.763 +02:00 [INF] HTTP GET /api/users responded 200 in 10.2101 ms
2026-09-08 20:40:07.897 +02:00 [INF] HTTP OPTIONS /api/employees responded 204 in 181.9828 ms
2026-09-08 20:40:07.930 +02:00 [INF] HTTP GET /api/employees responded 200 in 13.7630 ms
2026-09-08 20:40:30.373 +02:00 [INF] HTTP OPTIONS /api/companies responded 204 in 22.8080 ms
2026-09-08 20:40:30.400 +02:00 [INF] HTTP GET /api/companies responded 200 in 12.1423 ms
2026-09-08 20:40:30.430 +02:00 [INF] HTTP OPTIONS /api/payslips/periods responded 204 in 8.3940 ms
2026-09-08 20:40:30.453 +02:00 [INF] HTTP GET /api/payslips/periods responded 200 in 11.8577 ms
2026-09-08 20:40:33.780 +02:00 [INF] HTTP OPTIONS /api/payslips/periods responded 204 in 6.3673 ms
2026-09-08 20:40:33.808 +02:00 [INF] HTTP GET /api/payslips/periods responded 200 in 10.1912 ms
2026-09-08 20:40:36.082 +02:00 [INF] HTTP OPTIONS /api/payslips/period/27cdd050-7e7f-42cc-af9d-0a293476871a/download-all responded 204 in 23.4369 ms
2026-09-08 20:40:36.329 +02:00 [INF] HTTP GET /api/payslips/period/27cdd050-7e7f-42cc-af9d-0a293476871a/download-all responded 200 in 233.3808 ms
2026-09-08 20:40:40.007 +02:00 [INF] HTTP OPTIONS /api/payslips/period/27cdd050-7e7f-42cc-af9d-0a293476871a responded 204 in 5.6705 ms
2026-09-08 20:40:40.034 +02:00 [INF] HTTP GET /api/payslips/period/27cdd050-7e7f-42cc-af9d-0a293476871a responded 200 in 13.8687 ms
2026-09-08 20:40:42.338 +02:00 [INF] HTTP OPTIONS /api/payslips/961675c5-68fa-460a-840e-d31a323cc9da/download responded 204 in 22.6551 ms
2026-09-08 20:40:42.381 +02:00 [INF] HTTP GET /api/payslips/961675c5-68fa-460a-840e-d31a323cc9da/download responded 200 in 31.6327 ms
2026-09-08 20:40:58.900 +02:00 [INF] HTTP OPTIONS /api/payslips/961675c5-68fa-460a-840e-d31a323cc9da/download responded 204 in 9.1984 ms
2026-09-08 20:40:58.952 +02:00 [INF] HTTP GET /api/payslips/961675c5-68fa-460a-840e-d31a323cc9da/download responded 200 in 34.8936 ms
2026-09-08 20:44:33.447 +02:00 [INF] HTTP OPTIONS /api/tax/year responded 204 in 7.8767 ms
2026-09-08 20:44:33.554 +02:00 [WRN] Compiling a query which loads related collections for more than one collection navigation, either via 'Include' or through projection, but no 'QuerySplittingBehavior' has been configured. By default, Entity Framework will use 'QuerySplittingBehavior.SingleQuery', which can potentially result in slow query performance. See https://go.microsoft.com/fwlink/?linkid=2134277 for more information. To identify the query that's triggering this warning call 'ConfigureWarnings(w => w.Throw(RelationalEventId.MultipleCollectionIncludeWarning))'.
2026-09-08 20:44:33.693 +02:00 [INF] HTTP GET /api/tax/year responded 200 in 206.7644 ms
2026-09-08 20:44:41.656 +02:00 [INF] HTTP OPTIONS /api/companies responded 204 in 5.0770 ms
2026-09-08 20:44:41.679 +02:00 [INF] HTTP GET /api/companies responded 200 in 7.1880 ms
2026-09-08 20:44:41.703 +02:00 [INF] HTTP OPTIONS /api/management/summary responded 204 in 0.2346 ms
2026-09-08 20:44:41.707 +02:00 [INF] HTTP OPTIONS /api/management/audit responded 204 in 0.2497 ms
2026-09-08 20:44:41.722 +02:00 [INF] HTTP GET /api/management/summary responded 200 in 7.9874 ms
2026-09-08 20:44:41.737 +02:00 [INF] HTTP GET /api/management/audit responded 200 in 3.3967 ms
2026-09-08 20:45:09.061 +02:00 [INF] HTTP OPTIONS /api/companies responded 204 in 16.0765 ms
2026-09-08 20:45:09.087 +02:00 [INF] HTTP GET /api/companies responded 200 in 9.2731 ms
2026-09-08 20:45:09.106 +02:00 [INF] HTTP OPTIONS /api/management/summary responded 204 in 0.2604 ms
2026-09-08 20:45:09.108 +02:00 [INF] HTTP OPTIONS /api/management/audit responded 204 in 0.2874 ms
2026-09-08 20:45:09.131 +02:00 [INF] HTTP GET /api/management/summary responded 200 in 7.2087 ms
2026-09-08 20:45:09.135 +02:00 [INF] HTTP GET /api/management/audit responded 200 in 4.1948 ms
2026-09-08 20:45:58.963 +02:00 [INF] HTTP OPTIONS /api/management/summary responded 204 in 0.3663 ms
2026-09-08 20:45:58.964 +02:00 [INF] HTTP OPTIONS /api/management/audit responded 204 in 0.4513 ms
2026-09-08 20:45:59.000 +02:00 [INF] HTTP GET /api/management/summary responded 200 in 9.8396 ms
2026-09-08 20:45:59.007 +02:00 [INF] HTTP GET /api/management/audit responded 200 in 11.0622 ms
2026-09-08 20:46:01.201 +02:00 [INF] HTTP OPTIONS /api/management/summary responded 204 in 1.2431 ms
2026-09-08 20:46:01.202 +02:00 [INF] HTTP OPTIONS /api/management/audit responded 204 in 0.2962 ms
2026-09-08 20:46:01.221 +02:00 [INF] HTTP GET /api/management/summary responded 200 in 5.2952 ms
2026-09-08 20:46:01.231 +02:00 [INF] HTTP GET /api/management/audit responded 200 in 2.8341 ms
2026-09-08 20:46:03.667 +02:00 [INF] HTTP GET /api/management/audit responded 200 in 2.8695 ms
2026-09-08 20:46:03.669 +02:00 [INF] HTTP GET /api/management/summary responded 200 in 7.5841 ms
2026-09-08 20:46:48.683 +02:00 [INF] HTTP OPTIONS /api/auth/login responded 204 in 7.0343 ms
2026-09-08 20:46:48.905 +02:00 [ERR] Could not persist audit log for /api/auth/login
Microsoft.EntityFrameworkCore.DbUpdateConcurrencyException: The database operation was expected to affect 1 row(s), but actually affected 0 row(s); data may have been modified or deleted since entities were loaded. See https://go.microsoft.com/fwlink/?LinkId=527962 for information on understanding and handling optimistic concurrency exceptions.
   at Microsoft.EntityFrameworkCore.Update.AffectedCountModificationCommandBatch.ThrowAggregateUpdateConcurrencyExceptionAsync(RelationalDataReader reader, Int32 commandIndex, Int32 expectedRowsAffected, Int32 rowsAffected, CancellationToken cancellationToken)
   at Microsoft.EntityFrameworkCore.Update.AffectedCountModificationCommandBatch.ConsumeResultSetWithRowsAffectedOnlyAsync(Int32 commandIndex, RelationalDataReader reader, CancellationToken cancellationToken)
   at Microsoft.EntityFrameworkCore.Update.AffectedCountModificationCommandBatch.ConsumeAsync(RelationalDataReader reader, CancellationToken cancellationToken)
   at Microsoft.EntityFrameworkCore.Update.ReaderModificationCommandBatch.ExecuteAsync(IRelationalConnection connection, CancellationToken cancellationToken)
   at Microsoft.EntityFrameworkCore.Update.ReaderModificationCommandBatch.ExecuteAsync(IRelationalConnection connection, CancellationToken cancellationToken)
   at Microsoft.EntityFrameworkCore.Update.Internal.BatchExecutor.ExecuteAsync(IEnumerable`1 commandBatches, IRelationalConnection connection, CancellationToken cancellationToken)
   at Microsoft.EntityFrameworkCore.Update.Internal.BatchExecutor.ExecuteAsync(IEnumerable`1 commandBatches, IRelationalConnection connection, CancellationToken cancellationToken)
   at Microsoft.EntityFrameworkCore.Update.Internal.BatchExecutor.ExecuteAsync(IEnumerable`1 commandBatches, IRelationalConnection connection, CancellationToken cancellationToken)
   at Microsoft.EntityFrameworkCore.Storage.RelationalDatabase.SaveChangesAsync(IList`1 entries, CancellationToken cancellationToken)
   at Microsoft.EntityFrameworkCore.ChangeTracking.Internal.StateManager.SaveChangesAsync(IList`1 entriesToSave, CancellationToken cancellationToken)
   at Microsoft.EntityFrameworkCore.ChangeTracking.Internal.StateManager.SaveChangesAsync(StateManager stateManager, Boolean acceptAllChangesOnSuccess, CancellationToken cancellationToken)
   at Microsoft.EntityFrameworkCore.DbContext.SaveChangesAsync(Boolean acceptAllChangesOnSuccess, CancellationToken cancellationToken)
   at Payroll.Api.Middleware.AuditMiddleware.InvokeAsync(HttpContext context, AppDbContext db) in C:\Users\g990564\source\repos\payrollsa\payrollsa\Backend\src\Payroll.Api\Middleware\AuditMiddleware.cs:line 46
2026-09-08 20:46:48.923 +02:00 [INF] HTTP POST /api/auth/login responded 200 in 229.5806 ms
2026-09-08 20:46:48.975 +02:00 [INF] HTTP OPTIONS /api/dashboard/summary responded 204 in 5.8721 ms
2026-09-08 20:46:48.979 +02:00 [INF] HTTP OPTIONS /api/dashboard/summary responded 204 in 7.1288 ms
2026-09-08 20:46:49.011 +02:00 [INF] HTTP GET /api/dashboard/summary responded 200 in 15.6840 ms
2026-09-08 20:46:49.018 +02:00 [INF] HTTP GET /api/dashboard/summary responded 200 in 9.9638 ms
2026-09-08 22:22:34.474 +02:00 [INF] HTTP OPTIONS /api/auth/login responded 204 in 89.7730 ms
2026-09-08 22:22:34.633 +02:00 [ERR] Could not persist audit log for /api/auth/login
Microsoft.EntityFrameworkCore.DbUpdateConcurrencyException: The database operation was expected to affect 1 row(s), but actually affected 0 row(s); data may have been modified or deleted since entities were loaded. See https://go.microsoft.com/fwlink/?LinkId=527962 for information on understanding and handling optimistic concurrency exceptions.
   at Microsoft.EntityFrameworkCore.Update.AffectedCountModificationCommandBatch.ThrowAggregateUpdateConcurrencyExceptionAsync(RelationalDataReader reader, Int32 commandIndex, Int32 expectedRowsAffected, Int32 rowsAffected, CancellationToken cancellationToken)
   at Microsoft.EntityFrameworkCore.Update.AffectedCountModificationCommandBatch.ConsumeResultSetWithRowsAffectedOnlyAsync(Int32 commandIndex, RelationalDataReader reader, CancellationToken cancellationToken)
   at Microsoft.EntityFrameworkCore.Update.AffectedCountModificationCommandBatch.ConsumeAsync(RelationalDataReader reader, CancellationToken cancellationToken)
   at Microsoft.EntityFrameworkCore.Update.ReaderModificationCommandBatch.ExecuteAsync(IRelationalConnection connection, CancellationToken cancellationToken)
   at Microsoft.EntityFrameworkCore.Update.ReaderModificationCommandBatch.ExecuteAsync(IRelationalConnection connection, CancellationToken cancellationToken)
   at Microsoft.EntityFrameworkCore.Update.Internal.BatchExecutor.ExecuteAsync(IEnumerable`1 commandBatches, IRelationalConnection connection, CancellationToken cancellationToken)
   at Microsoft.EntityFrameworkCore.Update.Internal.BatchExecutor.ExecuteAsync(IEnumerable`1 commandBatches, IRelationalConnection connection, CancellationToken cancellationToken)
   at Microsoft.EntityFrameworkCore.Update.Internal.BatchExecutor.ExecuteAsync(IEnumerable`1 commandBatches, IRelationalConnection connection, CancellationToken cancellationToken)
   at Microsoft.EntityFrameworkCore.Storage.RelationalDatabase.SaveChangesAsync(IList`1 entries, CancellationToken cancellationToken)
   at Microsoft.EntityFrameworkCore.ChangeTracking.Internal.StateManager.SaveChangesAsync(IList`1 entriesToSave, CancellationToken cancellationToken)
   at Microsoft.EntityFrameworkCore.ChangeTracking.Internal.StateManager.SaveChangesAsync(StateManager stateManager, Boolean acceptAllChangesOnSuccess, CancellationToken cancellationToken)
   at Microsoft.EntityFrameworkCore.DbContext.SaveChangesAsync(Boolean acceptAllChangesOnSuccess, CancellationToken cancellationToken)
   at Payroll.Api.Middleware.AuditMiddleware.InvokeAsync(HttpContext context, AppDbContext db) in C:\Users\g990564\source\repos\payrollsa\payrollsa\Backend\src\Payroll.Api\Middleware\AuditMiddleware.cs:line 46
2026-09-08 22:22:34.649 +02:00 [INF] HTTP POST /api/auth/login responded 200 in 150.5542 ms
2026-09-08 22:22:34.695 +02:00 [INF] HTTP OPTIONS /api/dashboard/summary responded 204 in 5.4503 ms
2026-09-08 22:22:34.703 +02:00 [INF] HTTP OPTIONS /api/dashboard/summary responded 204 in 5.4235 ms
2026-09-08 22:22:34.724 +02:00 [INF] HTTP GET /api/dashboard/summary responded 200 in 21.1357 ms
2026-09-08 22:22:34.730 +02:00 [INF] HTTP GET /api/dashboard/summary responded 200 in 7.6571 ms
2026-09-08 22:23:05.092 +02:00 [INF] HTTP OPTIONS /api/auth/login responded 204 in 4.0198 ms
2026-09-08 22:23:05.164 +02:00 [ERR] Could not persist audit log for /api/auth/login
Microsoft.EntityFrameworkCore.DbUpdateConcurrencyException: The database operation was expected to affect 1 row(s), but actually affected 0 row(s); data may have been modified or deleted since entities were loaded. See https://go.microsoft.com/fwlink/?LinkId=527962 for information on understanding and handling optimistic concurrency exceptions.
   at Microsoft.EntityFrameworkCore.Update.AffectedCountModificationCommandBatch.ThrowAggregateUpdateConcurrencyExceptionAsync(RelationalDataReader reader, Int32 commandIndex, Int32 expectedRowsAffected, Int32 rowsAffected, CancellationToken cancellationToken)
   at Microsoft.EntityFrameworkCore.Update.AffectedCountModificationCommandBatch.ConsumeResultSetWithRowsAffectedOnlyAsync(Int32 commandIndex, RelationalDataReader reader, CancellationToken cancellationToken)
   at Microsoft.EntityFrameworkCore.Update.AffectedCountModificationCommandBatch.ConsumeAsync(RelationalDataReader reader, CancellationToken cancellationToken)
   at Microsoft.EntityFrameworkCore.Update.ReaderModificationCommandBatch.ExecuteAsync(IRelationalConnection connection, CancellationToken cancellationToken)
   at Microsoft.EntityFrameworkCore.Update.ReaderModificationCommandBatch.ExecuteAsync(IRelationalConnection connection, CancellationToken cancellationToken)
   at Microsoft.EntityFrameworkCore.Update.Internal.BatchExecutor.ExecuteAsync(IEnumerable`1 commandBatches, IRelationalConnection connection, CancellationToken cancellationToken)
   at Microsoft.EntityFrameworkCore.Update.Internal.BatchExecutor.ExecuteAsync(IEnumerable`1 commandBatches, IRelationalConnection connection, CancellationToken cancellationToken)
   at Microsoft.EntityFrameworkCore.Update.Internal.BatchExecutor.ExecuteAsync(IEnumerable`1 commandBatches, IRelationalConnection connection, CancellationToken cancellationToken)
   at Microsoft.EntityFrameworkCore.Storage.RelationalDatabase.SaveChangesAsync(IList`1 entries, CancellationToken cancellationToken)
   at Microsoft.EntityFrameworkCore.ChangeTracking.Internal.StateManager.SaveChangesAsync(IList`1 entriesToSave, CancellationToken cancellationToken)
   at Microsoft.EntityFrameworkCore.ChangeTracking.Internal.StateManager.SaveChangesAsync(StateManager stateManager, Boolean acceptAllChangesOnSuccess, CancellationToken cancellationToken)
   at Microsoft.EntityFrameworkCore.DbContext.SaveChangesAsync(Boolean acceptAllChangesOnSuccess, CancellationToken cancellationToken)
   at Payroll.Api.Middleware.AuditMiddleware.InvokeAsync(HttpContext context, AppDbContext db) in C:\Users\g990564\source\repos\payrollsa\payrollsa\Backend\src\Payroll.Api\Middleware\AuditMiddleware.cs:line 46
2026-09-08 22:23:05.168 +02:00 [INF] HTTP POST /api/auth/login responded 200 in 71.9688 ms
2026-09-08 22:23:05.190 +02:00 [INF] HTTP OPTIONS /api/dashboard/summary responded 204 in 4.5090 ms
2026-09-08 22:23:05.193 +02:00 [INF] HTTP OPTIONS /api/dashboard/summary responded 204 in 5.6238 ms
2026-09-08 22:23:05.221 +02:00 [INF] HTTP GET /api/dashboard/summary responded 200 in 25.0457 ms
2026-09-08 22:23:05.224 +02:00 [INF] HTTP GET /api/dashboard/summary responded 200 in 9.4182 ms
2026-09-08 22:23:37.062 +02:00 [INF] HTTP OPTIONS /api/auth/login responded 204 in 3.8732 ms
2026-09-08 22:23:37.136 +02:00 [ERR] Could not persist audit log for /api/auth/login
Microsoft.EntityFrameworkCore.DbUpdateConcurrencyException: The database operation was expected to affect 1 row(s), but actually affected 0 row(s); data may have been modified or deleted since entities were loaded. See https://go.microsoft.com/fwlink/?LinkId=527962 for information on understanding and handling optimistic concurrency exceptions.
   at Microsoft.EntityFrameworkCore.Update.AffectedCountModificationCommandBatch.ThrowAggregateUpdateConcurrencyExceptionAsync(RelationalDataReader reader, Int32 commandIndex, Int32 expectedRowsAffected, Int32 rowsAffected, CancellationToken cancellationToken)
   at Microsoft.EntityFrameworkCore.Update.AffectedCountModificationCommandBatch.ConsumeResultSetWithRowsAffectedOnlyAsync(Int32 commandIndex, RelationalDataReader reader, CancellationToken cancellationToken)
   at Microsoft.EntityFrameworkCore.Update.AffectedCountModificationCommandBatch.ConsumeAsync(RelationalDataReader reader, CancellationToken cancellationToken)
   at Microsoft.EntityFrameworkCore.Update.ReaderModificationCommandBatch.ExecuteAsync(IRelationalConnection connection, CancellationToken cancellationToken)
   at Microsoft.EntityFrameworkCore.Update.ReaderModificationCommandBatch.ExecuteAsync(IRelationalConnection connection, CancellationToken cancellationToken)
   at Microsoft.EntityFrameworkCore.Update.Internal.BatchExecutor.ExecuteAsync(IEnumerable`1 commandBatches, IRelationalConnection connection, CancellationToken cancellationToken)
   at Microsoft.EntityFrameworkCore.Update.Internal.BatchExecutor.ExecuteAsync(IEnumerable`1 commandBatches, IRelationalConnection connection, CancellationToken cancellationToken)
   at Microsoft.EntityFrameworkCore.Update.Internal.BatchExecutor.ExecuteAsync(IEnumerable`1 commandBatches, IRelationalConnection connection, CancellationToken cancellationToken)
   at Microsoft.EntityFrameworkCore.Storage.RelationalDatabase.SaveChangesAsync(IList`1 entries, CancellationToken cancellationToken)
   at Microsoft.EntityFrameworkCore.ChangeTracking.Internal.StateManager.SaveChangesAsync(IList`1 entriesToSave, CancellationToken cancellationToken)
   at Microsoft.EntityFrameworkCore.ChangeTracking.Internal.StateManager.SaveChangesAsync(StateManager stateManager, Boolean acceptAllChangesOnSuccess, CancellationToken cancellationToken)
   at Microsoft.EntityFrameworkCore.DbContext.SaveChangesAsync(Boolean acceptAllChangesOnSuccess, CancellationToken cancellationToken)
   at Payroll.Api.Middleware.AuditMiddleware.InvokeAsync(HttpContext context, AppDbContext db) in C:\Users\g990564\source\repos\payrollsa\payrollsa\Backend\src\Payroll.Api\Middleware\AuditMiddleware.cs:line 46
2026-09-08 22:23:37.141 +02:00 [INF] HTTP POST /api/auth/login responded 200 in 76.3277 ms
2026-09-08 22:24:07.001 +02:00 [INF] HTTP OPTIONS /api/companies responded 204 in 4.3644 ms
2026-09-08 22:24:07.019 +02:00 [INF] HTTP GET /api/companies responded 200 in 13.3190 ms
2026-09-08 22:24:07.026 +02:00 [INF] HTTP OPTIONS /api/management/summary responded 204 in 0.7124 ms
2026-09-08 22:24:07.027 +02:00 [INF] HTTP OPTIONS /api/management/audit responded 204 in 0.1788 ms
2026-09-08 22:24:07.036 +02:00 [INF] HTTP GET /api/management/audit responded 200 in 5.4472 ms
2026-09-08 22:24:07.051 +02:00 [INF] HTTP GET /api/management/summary responded 200 in 20.9753 ms
2026-09-08 22:24:33.920 +02:00 [INF] HTTP OPTIONS /api/companies/227aa46e-3fd8-4cd5-8499-219051bfa5ce responded 204 in 3.3638 ms
2026-09-08 22:24:34.038 +02:00 [INF] HTTP GET /api/companies/227aa46e-3fd8-4cd5-8499-219051bfa5ce responded 200 in 113.5663 ms
2026-09-08 22:24:40.085 +02:00 [INF] HTTP OPTIONS /api/employees responded 204 in 4.2098 ms
2026-09-08 22:24:40.088 +02:00 [INF] HTTP OPTIONS /api/users responded 204 in 4.4756 ms
2026-09-08 22:24:40.102 +02:00 [INF] HTTP GET /api/employees responded 200 in 9.2341 ms
2026-09-08 22:24:40.104 +02:00 [INF] HTTP GET /api/users responded 200 in 8.2219 ms
2026-09-08 22:25:07.363 +02:00 [INF] HTTP OPTIONS /api/departments responded 204 in 3.5018 ms
2026-09-08 22:25:07.375 +02:00 [INF] HTTP GET /api/departments responded 200 in 4.9810 ms
2026-09-08 22:25:14.574 +02:00 [INF] HTTP OPTIONS /api/departments responded 204 in 3.2409 ms
2026-09-08 22:25:14.601 +02:00 [INF] HTTP POST /api/departments responded 200 in 22.5600 ms
2026-09-08 22:25:14.611 +02:00 [INF] HTTP OPTIONS /api/departments responded 204 in 3.1416 ms
2026-09-08 22:25:14.621 +02:00 [INF] HTTP GET /api/departments responded 200 in 4.0558 ms
2026-09-08 22:25:17.451 +02:00 [INF] HTTP OPTIONS /api/employees responded 204 in 3.4287 ms
2026-09-08 22:25:17.461 +02:00 [INF] HTTP GET /api/employees responded 200 in 4.5017 ms
2026-09-08 22:25:19.297 +02:00 [INF] HTTP GET /api/departments responded 200 in 6.4963 ms
2026-09-08 22:25:19.454 +02:00 [INF] HTTP OPTIONS /api/employees/70cd72fb-8287-46e3-986e-cacfd0927c61 responded 204 in 160.1621 ms
2026-09-08 22:25:19.566 +02:00 [INF] HTTP GET /api/employees/70cd72fb-8287-46e3-986e-cacfd0927c61 responded 200 in 105.9087 ms
2026-09-08 22:25:22.139 +02:00 [INF] HTTP OPTIONS /api/employees/70cd72fb-8287-46e3-986e-cacfd0927c61 responded 204 in 3.7592 ms
2026-09-08 22:25:22.219 +02:00 [INF] HTTP PUT /api/employees/70cd72fb-8287-46e3-986e-cacfd0927c61 responded 200 in 74.6915 ms
2026-09-08 22:25:22.243 +02:00 [INF] HTTP GET /api/employees responded 200 in 4.0331 ms
2026-09-08 22:25:25.275 +02:00 [INF] HTTP OPTIONS /api/leave responded 204 in 3.6327 ms
2026-09-08 22:25:25.287 +02:00 [INF] HTTP GET /api/leave responded 200 in 6.3492 ms
2026-09-08 22:25:30.611 +02:00 [INF] HTTP OPTIONS /api/payslips/periods responded 204 in 4.2642 ms
2026-09-08 22:25:30.626 +02:00 [INF] HTTP GET /api/payslips/periods responded 200 in 9.4822 ms
2026-09-08 22:25:33.403 +02:00 [INF] HTTP OPTIONS /api/employees responded 204 in 3.9918 ms
2026-09-08 22:25:33.414 +02:00 [INF] HTTP GET /api/employees responded 200 in 4.8238 ms
2026-09-08 22:25:36.480 +02:00 [INF] HTTP OPTIONS /api/departments responded 204 in 3.0550 ms
2026-09-08 22:25:36.489 +02:00 [INF] HTTP GET /api/departments responded 200 in 3.6547 ms
2026-09-08 22:25:36.634 +02:00 [INF] HTTP OPTIONS /api/employees/70cd72fb-8287-46e3-986e-cacfd0927c61 responded 204 in 155.5281 ms
2026-09-08 22:25:36.649 +02:00 [INF] HTTP GET /api/employees/70cd72fb-8287-46e3-986e-cacfd0927c61 responded 200 in 6.0502 ms
2026-09-08 22:25:44.558 +02:00 [INF] HTTP OPTIONS /api/employees responded 204 in 8.2774 ms
2026-09-08 22:25:44.571 +02:00 [INF] HTTP GET /api/employees responded 200 in 7.6397 ms
2026-09-08 22:25:44.716 +02:00 [INF] HTTP OPTIONS /api/users responded 204 in 165.6137 ms
2026-09-08 22:25:44.731 +02:00 [INF] HTTP GET /api/users responded 200 in 8.6835 ms
2026-09-08 22:26:21.479 +02:00 [INF] HTTP OPTIONS /api/users responded 204 in 3.3101 ms
2026-09-08 22:26:21.552 +02:00 [INF] HTTP POST /api/users responded 400 in 67.0969 ms
2026-09-08 22:26:37.695 +02:00 [INF] HTTP OPTIONS /api/users responded 204 in 3.3213 ms
2026-09-08 22:26:37.845 +02:00 [INF] HTTP POST /api/users responded 200 in 145.7859 ms
2026-09-08 22:26:37.853 +02:00 [INF] HTTP OPTIONS /api/employees responded 204 in 1.9816 ms
2026-09-08 22:26:37.862 +02:00 [INF] HTTP GET /api/employees responded 200 in 4.1997 ms
2026-09-08 22:26:38.009 +02:00 [INF] HTTP OPTIONS /api/users responded 204 in 156.7596 ms
2026-09-08 22:26:38.020 +02:00 [INF] HTTP GET /api/users responded 200 in 7.3442 ms
2026-09-08 22:28:29.709 +02:00 [INF] HTTP OPTIONS /api/companies responded 204 in 4.2328 ms
2026-09-08 22:28:29.724 +02:00 [INF] HTTP GET /api/companies responded 200 in 5.5553 ms
2026-09-08 22:28:29.733 +02:00 [INF] HTTP OPTIONS /api/employees responded 204 in 4.1116 ms
2026-09-08 22:28:29.741 +02:00 [INF] HTTP GET /api/employees responded 200 in 4.7571 ms
2026-09-08 22:28:29.887 +02:00 [INF] HTTP OPTIONS /api/users responded 204 in 156.3449 ms
2026-09-08 22:28:29.894 +02:00 [INF] HTTP GET /api/users responded 200 in 3.6514 ms
2026-09-08 22:28:32.716 +02:00 [INF] HTTP OPTIONS /api/users responded 204 in 5.4481 ms
2026-09-08 22:28:32.726 +02:00 [INF] HTTP GET /api/users responded 200 in 6.5672 ms
2026-09-08 22:28:32.882 +02:00 [INF] HTTP OPTIONS /api/employees responded 204 in 171.3215 ms
2026-09-08 22:28:32.888 +02:00 [INF] HTTP GET /api/employees responded 200 in 3.1389 ms
2026-09-08 22:28:35.170 +02:00 [INF] HTTP OPTIONS /api/employees responded 204 in 3.6202 ms
2026-09-08 22:28:35.177 +02:00 [INF] HTTP GET /api/employees responded 200 in 3.7917 ms
2026-09-08 22:28:35.326 +02:00 [INF] HTTP OPTIONS /api/users responded 204 in 159.5240 ms
2026-09-08 22:28:35.334 +02:00 [INF] HTTP GET /api/users responded 200 in 3.8481 ms
2026-09-08 22:29:12.033 +02:00 [INF] HTTP OPTIONS /api/auth/login responded 204 in 3.4867 ms
2026-09-08 22:29:12.155 +02:00 [ERR] Could not persist audit log for /api/auth/login
Microsoft.EntityFrameworkCore.DbUpdateConcurrencyException: The database operation was expected to affect 1 row(s), but actually affected 0 row(s); data may have been modified or deleted since entities were loaded. See https://go.microsoft.com/fwlink/?LinkId=527962 for information on understanding and handling optimistic concurrency exceptions.
   at Microsoft.EntityFrameworkCore.Update.AffectedCountModificationCommandBatch.ThrowAggregateUpdateConcurrencyExceptionAsync(RelationalDataReader reader, Int32 commandIndex, Int32 expectedRowsAffected, Int32 rowsAffected, CancellationToken cancellationToken)
   at Microsoft.EntityFrameworkCore.Update.AffectedCountModificationCommandBatch.ConsumeResultSetWithRowsAffectedOnlyAsync(Int32 commandIndex, RelationalDataReader reader, CancellationToken cancellationToken)
   at Microsoft.EntityFrameworkCore.Update.AffectedCountModificationCommandBatch.ConsumeAsync(RelationalDataReader reader, CancellationToken cancellationToken)
   at Microsoft.EntityFrameworkCore.Update.ReaderModificationCommandBatch.ExecuteAsync(IRelationalConnection connection, CancellationToken cancellationToken)
   at Microsoft.EntityFrameworkCore.Update.ReaderModificationCommandBatch.ExecuteAsync(IRelationalConnection connection, CancellationToken cancellationToken)
   at Microsoft.EntityFrameworkCore.Update.Internal.BatchExecutor.ExecuteAsync(IEnumerable`1 commandBatches, IRelationalConnection connection, CancellationToken cancellationToken)
   at Microsoft.EntityFrameworkCore.Update.Internal.BatchExecutor.ExecuteAsync(IEnumerable`1 commandBatches, IRelationalConnection connection, CancellationToken cancellationToken)
   at Microsoft.EntityFrameworkCore.Update.Internal.BatchExecutor.ExecuteAsync(IEnumerable`1 commandBatches, IRelationalConnection connection, CancellationToken cancellationToken)
   at Microsoft.EntityFrameworkCore.Storage.RelationalDatabase.SaveChangesAsync(IList`1 entries, CancellationToken cancellationToken)
   at Microsoft.EntityFrameworkCore.ChangeTracking.Internal.StateManager.SaveChangesAsync(IList`1 entriesToSave, CancellationToken cancellationToken)
   at Microsoft.EntityFrameworkCore.ChangeTracking.Internal.StateManager.SaveChangesAsync(StateManager stateManager, Boolean acceptAllChangesOnSuccess, CancellationToken cancellationToken)
   at Microsoft.EntityFrameworkCore.DbContext.SaveChangesAsync(Boolean acceptAllChangesOnSuccess, CancellationToken cancellationToken)
   at Payroll.Api.Middleware.AuditMiddleware.InvokeAsync(HttpContext context, AppDbContext db) in C:\Users\g990564\source\repos\payrollsa\payrollsa\Backend\src\Payroll.Api\Middleware\AuditMiddleware.cs:line 46
2026-09-08 22:29:12.160 +02:00 [INF] HTTP POST /api/auth/login responded 200 in 122.7833 ms
2026-09-08 22:29:12.185 +02:00 [INF] HTTP OPTIONS /api/dashboard/summary responded 204 in 2.9406 ms
2026-09-08 22:29:12.190 +02:00 [INF] HTTP OPTIONS /api/dashboard/summary responded 204 in 3.3143 ms
2026-09-08 22:29:12.211 +02:00 [INF] HTTP GET /api/dashboard/summary responded 403 in 20.4651 ms
2026-09-08 22:29:12.219 +02:00 [INF] HTTP GET /api/dashboard/summary responded 403 in 3.8962 ms
2026-09-08 22:29:16.506 +02:00 [INF] HTTP OPTIONS /api/payslips/me responded 204 in 2.3857 ms
2026-09-08 22:29:16.545 +02:00 [INF] HTTP GET /api/payslips/me responded 200 in 33.3654 ms
2026-09-08 22:29:19.282 +02:00 [INF] HTTP OPTIONS /api/payslips/87c959f5-f2fb-4fcf-9cb8-ca58ce2db128/detail responded 204 in 2.1980 ms
2026-09-08 22:29:19.328 +02:00 [WRN] Compiling a query which loads related collections for more than one collection navigation, either via 'Include' or through projection, but no 'QuerySplittingBehavior' has been configured. By default, Entity Framework will use 'QuerySplittingBehavior.SingleQuery', which can potentially result in slow query performance. See https://go.microsoft.com/fwlink/?linkid=2134277 for more information. To identify the query that's triggering this warning call 'ConfigureWarnings(w => w.Throw(RelationalEventId.MultipleCollectionIncludeWarning))'.
2026-09-08 22:29:19.414 +02:00 [INF] HTTP GET /api/payslips/87c959f5-f2fb-4fcf-9cb8-ca58ce2db128/detail responded 200 in 126.0194 ms
2026-09-08 22:29:26.053 +02:00 [INF] HTTP OPTIONS /api/payslips/87c959f5-f2fb-4fcf-9cb8-ca58ce2db128/download responded 204 in 21.6053 ms
2026-09-08 22:29:26.125 +02:00 [INF] HTTP GET /api/payslips/87c959f5-f2fb-4fcf-9cb8-ca58ce2db128/download responded 200 in 68.1764 ms
2026-09-08 22:31:38.630 +02:00 [INF] HTTP OPTIONS /api/leave responded 204 in 3.9925 ms
2026-09-08 22:31:38.639 +02:00 [INF] HTTP GET /api/leave responded 200 in 3.7185 ms
2026-09-08 22:31:42.553 +02:00 [INF] HTTP OPTIONS /api/settings/leave-types responded 204 in 3.8729 ms
2026-09-08 22:31:42.565 +02:00 [INF] HTTP GET /api/settings/leave-types responded 403 in 3.4309 ms
2026-09-08 22:31:50.504 +02:00 [INF] HTTP OPTIONS /api/leave responded 204 in 3.1352 ms
2026-09-08 22:31:50.514 +02:00 [INF] HTTP GET /api/leave responded 200 in 4.3350 ms
2026-09-08 22:31:51.978 +02:00 [INF] HTTP OPTIONS /api/settings/leave-types responded 204 in 3.6760 ms
2026-09-08 22:31:51.990 +02:00 [INF] HTTP GET /api/settings/leave-types responded 200 in 6.1193 ms
2026-09-08 22:31:55.005 +02:00 [INF] HTTP OPTIONS /api/settings/leave-types responded 204 in 3.2167 ms
2026-09-08 22:31:55.011 +02:00 [INF] HTTP OPTIONS /api/settings/leave-types responded 204 in 5.4890 ms
2026-09-08 22:31:55.020 +02:00 [INF] HTTP GET /api/settings/leave-types responded 403 in 3.3771 ms
2026-09-08 22:31:55.031 +02:00 [INF] HTTP GET /api/settings/leave-types responded 403 in 4.0198 ms
2026-09-08 22:35:07.024 +02:00 [INF] HTTP OPTIONS /api/dashboard/summary responded 204 in 2.7113 ms
2026-09-08 22:35:07.035 +02:00 [INF] HTTP GET /api/dashboard/summary responded 200 in 4.7502 ms
2026-09-08 22:37:18.884 +02:00 [INF] HTTP OPTIONS /api/dashboard/summary responded 204 in 4.2419 ms
2026-09-08 22:37:18.934 +02:00 [INF] HTTP OPTIONS /api/dashboard/summary responded 204 in 7.8538 ms
2026-09-08 22:37:18.943 +02:00 [INF] HTTP GET /api/dashboard/summary responded 200 in 10.8190 ms
2026-09-08 22:37:19.006 +02:00 [INF] HTTP GET /api/dashboard/summary responded 200 in 10.2675 ms
2026-09-08 22:37:19.104 +02:00 [INF] HTTP OPTIONS /api/companies responded 204 in 3.0658 ms
2026-09-08 22:37:19.119 +02:00 [INF] HTTP GET /api/companies responded 200 in 4.6519 ms
2026-09-08 22:37:19.156 +02:00 [INF] HTTP GET /api/companies responded 200 in 4.6370 ms
2026-09-08 22:37:19.193 +02:00 [INF] HTTP OPTIONS /api/employees responded 204 in 5.5604 ms
2026-09-08 22:37:19.200 +02:00 [INF] HTTP OPTIONS /api/users responded 204 in 4.3601 ms
2026-09-08 22:37:19.202 +02:00 [INF] HTTP OPTIONS /api/users responded 204 in 3.5256 ms
2026-09-08 22:37:19.206 +02:00 [INF] HTTP OPTIONS /api/employees responded 204 in 8.6409 ms
2026-09-08 22:37:19.216 +02:00 [INF] HTTP GET /api/users responded 200 in 6.5505 ms
2026-09-08 22:37:19.218 +02:00 [INF] HTTP GET /api/employees responded 200 in 3.4048 ms
2026-09-08 22:37:19.222 +02:00 [INF] HTTP GET /api/users responded 200 in 8.5415 ms
2026-09-08 22:37:19.327 +02:00 [INF] HTTP OPTIONS /api/settings/leave-types responded 204 in 3.8706 ms
2026-09-08 22:37:19.342 +02:00 [INF] HTTP GET /api/settings/leave-types responded 403 in 4.4640 ms
2026-09-08 22:37:19.358 +02:00 [INF] HTTP GET /api/employees responded 200 in 156.8438 ms
2026-09-08 22:37:19.369 +02:00 [INF] HTTP GET /api/settings/leave-types responded 403 in 3.5463 ms
2026-09-08 22:37:33.114 +02:00 [INF] HTTP OPTIONS /api/dashboard/summary responded 204 in 3.2868 ms
2026-09-08 22:37:33.116 +02:00 [INF] HTTP OPTIONS /api/dashboard/summary responded 204 in 2.9105 ms
2026-09-08 22:37:33.131 +02:00 [INF] HTTP GET /api/dashboard/summary responded 200 in 6.8604 ms
2026-09-08 22:37:33.137 +02:00 [INF] HTTP GET /api/dashboard/summary responded 200 in 7.2972 ms
2026-09-08 22:37:33.499 +02:00 [INF] HTTP OPTIONS /api/companies responded 204 in 2.1032 ms
2026-09-08 22:37:33.509 +02:00 [INF] HTTP GET /api/companies responded 200 in 6.0406 ms
2026-09-08 22:37:33.527 +02:00 [INF] HTTP GET /api/companies responded 200 in 4.6638 ms
2026-09-08 22:37:33.556 +02:00 [INF] HTTP OPTIONS /api/employees responded 204 in 3.3884 ms
2026-09-08 22:37:33.567 +02:00 [INF] HTTP OPTIONS /api/employees responded 204 in 9.6790 ms
2026-09-08 22:37:33.569 +02:00 [INF] HTTP OPTIONS /api/users responded 204 in 9.2668 ms
2026-09-08 22:37:33.571 +02:00 [INF] HTTP GET /api/employees responded 200 in 3.3650 ms
2026-09-08 22:37:33.578 +02:00 [INF] HTTP GET /api/employees responded 200 in 5.2171 ms
2026-09-08 22:37:33.583 +02:00 [INF] HTTP GET /api/users responded 200 in 5.8464 ms
2026-09-08 22:37:33.721 +02:00 [INF] HTTP OPTIONS /api/users responded 204 in 168.2307 ms
2026-09-08 22:37:33.730 +02:00 [INF] HTTP GET /api/users responded 200 in 4.6484 ms
2026-09-08 22:37:33.768 +02:00 [INF] HTTP OPTIONS /api/settings/leave-types responded 204 in 2.9148 ms
2026-09-08 22:37:33.779 +02:00 [INF] HTTP GET /api/settings/leave-types responded 403 in 3.6063 ms
2026-09-08 22:37:33.790 +02:00 [INF] HTTP GET /api/settings/leave-types responded 403 in 3.4658 ms
2026-09-08 23:00:08.161 +02:00 [INF] Server pf66lh68:28464:a7ee820f caught stopping signal...
2026-09-08 23:00:08.192 +02:00 [INF] Server pf66lh68:28464:a7ee820f All dispatchers stopped
2026-09-08 23:00:08.199 +02:00 [INF] Server pf66lh68:28464:a7ee820f successfully reported itself as stopped in 4.7531 ms
2026-09-08 23:00:08.201 +02:00 [INF] Server pf66lh68:28464:a7ee820f has been stopped in total 16.6463 ms
2026-09-08 23:02:32.064 +02:00 [WRN] No instantiatable types implementing `IEntityTypeConfiguration` were found while scanning assembly 'Payroll.Infrastructure, Version=1.0.0.0, Culture=neutral, PublicKeyToken=null'.
2026-09-08 23:02:33.226 +02:00 [WRN] The WebRootPath was not found: C:\Users\g990564\source\repos\payrollsa\payrollsa\Backend\src\Payroll.Api\wwwroot. Static files may be unavailable.
2026-09-08 23:02:33.307 +02:00 [WRN] The WebRootPath was not found: C:\Users\g990564\source\repos\payrollsa\payrollsa\Backend\src\Payroll.Api\wwwroot. Static files may be unavailable.
2026-09-08 23:02:33.398 +02:00 [INF] Starting Hangfire Server using job storage: 'In-Memory Storage'
2026-09-08 23:02:33.399 +02:00 [INF] Using the following options for Hangfire Server:
    Worker count: 20
    Listening queues: 'default'
    Shutdown timeout: 00:00:15
    Schedule polling interval: 00:00:15
2026-09-08 23:02:33.424 +02:00 [INF] Server pf66lh68:6020:8db01a65 successfully announced in 3.8351 ms
2026-09-08 23:02:33.429 +02:00 [INF] Server pf66lh68:6020:8db01a65 is starting the registered dispatchers: ServerWatchdog, ServerJobCancellationWatcher, Worker, DelayedJobScheduler, RecurringJobScheduler...
2026-09-08 23:02:33.445 +02:00 [INF] Server pf66lh68:6020:8db01a65 all the dispatchers started
2026-09-08 23:02:49.471 +02:00 [WRN] Failed to determine the https port for redirect.
2026-09-08 23:02:49.686 +02:00 [INF] HTTP OPTIONS /api/dashboard/summary responded 204 in 221.4595 ms
2026-09-08 23:02:49.832 +02:00 [WRN] You do not have a valid license key for the Lucky Penny software MediatR. This is allowed for development and testing scenarios. If you are running in production you are required to have a licensed version. Please visit https://luckypennysoftware.com to obtain a valid license.
2026-09-08 23:02:49.839 +02:00 [INF] HTTP OPTIONS /api/dashboard/summary responded 204 in 376.0437 ms
2026-09-08 23:02:50.112 +02:00 [INF] HTTP GET /api/dashboard/summary responded 200 in 408.3047 ms
2026-09-08 23:02:50.271 +02:00 [INF] HTTP GET /api/dashboard/summary responded 200 in 198.5424 ms
2026-09-08 23:02:58.653 +02:00 [INF] HTTP OPTIONS /api/employees responded 204 in 7.2923 ms
2026-09-08 23:02:58.728 +02:00 [INF] HTTP GET /api/employees responded 200 in 65.7373 ms
2026-09-08 23:03:02.757 +02:00 [INF] HTTP OPTIONS /api/employee-deductions responded 204 in 6.5259 ms
2026-09-08 23:03:02.766 +02:00 [INF] HTTP GET /index.html responded 404 in 2.5528 ms
2026-09-08 23:08:04.354 +02:00 [INF] HTTP OPTIONS /api/employee-deductions responded 204 in 3.7668 ms
2026-09-08 23:08:04.365 +02:00 [INF] HTTP POST /api/employee-deductions responded 405 in 5.0312 ms
2026-09-08 23:08:09.419 +02:00 [INF] HTTP OPTIONS /api/employees responded 204 in 3.2842 ms
2026-09-08 23:08:09.424 +02:00 [INF] HTTP OPTIONS /api/employees responded 204 in 4.2603 ms
2026-09-08 23:08:09.441 +02:00 [INF] HTTP GET /api/employees responded 200 in 11.1847 ms
2026-09-08 23:08:09.453 +02:00 [INF] HTTP GET /api/employees responded 200 in 11.6176 ms
2026-09-08 23:08:12.197 +02:00 [INF] HTTP OPTIONS /api/employee-deductions responded 204 in 5.0736 ms
2026-09-08 23:08:12.203 +02:00 [INF] HTTP GET /index.html responded 404 in 0.7882 ms
2026-09-08 23:08:21.230 +02:00 [INF] HTTP OPTIONS /api/employees responded 204 in 6.7737 ms
2026-09-08 23:08:21.255 +02:00 [INF] HTTP GET /api/employees responded 200 in 7.6947 ms
2026-09-08 23:08:21.262 +02:00 [INF] HTTP GET /api/employees responded 200 in 9.5692 ms
2026-09-08 23:08:22.920 +02:00 [INF] HTTP OPTIONS /api/employee-deductions responded 204 in 4.7489 ms
2026-09-08 23:08:22.928 +02:00 [INF] HTTP GET /index.html responded 404 in 0.9365 ms
2026-09-08 23:11:01.842 +02:00 [INF] Server pf66lh68:6020:8db01a65 caught stopping signal...
2026-09-08 23:11:01.847 +02:00 [INF] Server pf66lh68:6020:8db01a65 All dispatchers stopped
2026-09-08 23:11:01.851 +02:00 [INF] Server pf66lh68:6020:8db01a65 successfully reported itself as stopped in 0.5277 ms
2026-09-08 23:11:01.852 +02:00 [INF] Server pf66lh68:6020:8db01a65 has been stopped in total 7.8109 ms
2026-09-08 23:11:11.597 +02:00 [WRN] No instantiatable types implementing `IEntityTypeConfiguration` were found while scanning assembly 'Payroll.Infrastructure, Version=1.0.0.0, Culture=neutral, PublicKeyToken=null'.
2026-09-08 23:11:12.229 +02:00 [WRN] The WebRootPath was not found: C:\Users\g990564\source\repos\payrollsa\payrollsa\Backend\src\Payroll.Api\wwwroot. Static files may be unavailable.
2026-09-08 23:11:12.269 +02:00 [WRN] The WebRootPath was not found: C:\Users\g990564\source\repos\payrollsa\payrollsa\Backend\src\Payroll.Api\wwwroot. Static files may be unavailable.
2026-09-08 23:11:12.324 +02:00 [INF] Starting Hangfire Server using job storage: 'In-Memory Storage'
2026-09-08 23:11:12.325 +02:00 [INF] Using the following options for Hangfire Server:
    Worker count: 20
    Listening queues: 'default'
    Shutdown timeout: 00:00:15
    Schedule polling interval: 00:00:15
2026-09-08 23:11:12.337 +02:00 [INF] Server pf66lh68:14500:cd35ab31 successfully announced in 2.3201 ms
2026-09-08 23:11:12.341 +02:00 [INF] Server pf66lh68:14500:cd35ab31 is starting the registered dispatchers: ServerWatchdog, ServerJobCancellationWatcher, Worker, DelayedJobScheduler, RecurringJobScheduler...
2026-09-08 23:11:12.347 +02:00 [INF] Server pf66lh68:14500:cd35ab31 all the dispatchers started
2026-09-08 23:11:55.594 +02:00 [WRN] Failed to determine the https port for redirect.
2026-09-08 23:11:55.788 +02:00 [INF] HTTP OPTIONS /api/employees responded 204 in 198.9319 ms
2026-09-08 23:11:55.913 +02:00 [WRN] You do not have a valid license key for the Lucky Penny software MediatR. This is allowed for development and testing scenarios. If you are running in production you are required to have a licensed version. Please visit https://luckypennysoftware.com to obtain a valid license.
2026-09-08 23:11:55.948 +02:00 [INF] HTTP OPTIONS /api/employees responded 204 in 359.5427 ms
2026-09-08 23:11:56.046 +02:00 [INF] HTTP GET /api/employees responded 200 in 245.0288 ms
2026-09-08 23:11:56.051 +02:00 [INF] HTTP GET /api/employees responded 200 in 11.2335 ms
2026-09-08 23:11:57.264 +02:00 [INF] HTTP OPTIONS /api/employee-deductions responded 204 in 6.8727 ms
2026-09-08 23:11:57.276 +02:00 [INF] HTTP GET /index.html responded 404 in 6.1460 ms
2026-09-08 23:12:42.650 +02:00 [INF] HTTP OPTIONS /api/employee-deductions responded 204 in 7.6396 ms
2026-09-08 23:12:42.656 +02:00 [INF] HTTP GET /index.html responded 404 in 1.3159 ms
2026-09-08 23:13:16.071 +02:00 [INF] HTTP OPTIONS /api/auth/login responded 204 in 3.5463 ms
2026-09-08 23:13:16.275 +02:00 [ERR] Could not persist audit log for /api/auth/login
Microsoft.EntityFrameworkCore.DbUpdateConcurrencyException: The database operation was expected to affect 1 row(s), but actually affected 0 row(s); data may have been modified or deleted since entities were loaded. See https://go.microsoft.com/fwlink/?LinkId=527962 for information on understanding and handling optimistic concurrency exceptions.
   at Microsoft.EntityFrameworkCore.Update.AffectedCountModificationCommandBatch.ThrowAggregateUpdateConcurrencyExceptionAsync(RelationalDataReader reader, Int32 commandIndex, Int32 expectedRowsAffected, Int32 rowsAffected, CancellationToken cancellationToken)
   at Microsoft.EntityFrameworkCore.Update.AffectedCountModificationCommandBatch.ConsumeResultSetWithRowsAffectedOnlyAsync(Int32 commandIndex, RelationalDataReader reader, CancellationToken cancellationToken)
   at Microsoft.EntityFrameworkCore.Update.AffectedCountModificationCommandBatch.ConsumeAsync(RelationalDataReader reader, CancellationToken cancellationToken)
   at Microsoft.EntityFrameworkCore.Update.ReaderModificationCommandBatch.ExecuteAsync(IRelationalConnection connection, CancellationToken cancellationToken)
   at Microsoft.EntityFrameworkCore.Update.ReaderModificationCommandBatch.ExecuteAsync(IRelationalConnection connection, CancellationToken cancellationToken)
   at Microsoft.EntityFrameworkCore.Update.Internal.BatchExecutor.ExecuteAsync(IEnumerable`1 commandBatches, IRelationalConnection connection, CancellationToken cancellationToken)
   at Microsoft.EntityFrameworkCore.Update.Internal.BatchExecutor.ExecuteAsync(IEnumerable`1 commandBatches, IRelationalConnection connection, CancellationToken cancellationToken)
   at Microsoft.EntityFrameworkCore.Update.Internal.BatchExecutor.ExecuteAsync(IEnumerable`1 commandBatches, IRelationalConnection connection, CancellationToken cancellationToken)
   at Microsoft.EntityFrameworkCore.Storage.RelationalDatabase.SaveChangesAsync(IList`1 entries, CancellationToken cancellationToken)
   at Microsoft.EntityFrameworkCore.ChangeTracking.Internal.StateManager.SaveChangesAsync(IList`1 entriesToSave, CancellationToken cancellationToken)
   at Microsoft.EntityFrameworkCore.ChangeTracking.Internal.StateManager.SaveChangesAsync(StateManager stateManager, Boolean acceptAllChangesOnSuccess, CancellationToken cancellationToken)
   at Microsoft.EntityFrameworkCore.DbContext.SaveChangesAsync(Boolean acceptAllChangesOnSuccess, CancellationToken cancellationToken)
   at Payroll.Api.Middleware.AuditMiddleware.InvokeAsync(HttpContext context, AppDbContext db) in C:\Users\g990564\source\repos\payrollsa\payrollsa\Backend\src\Payroll.Api\Middleware\AuditMiddleware.cs:line 46
2026-09-08 23:13:16.289 +02:00 [INF] HTTP POST /api/auth/login responded 200 in 212.8273 ms
2026-09-08 23:13:16.638 +02:00 [INF] HTTP OPTIONS /api/dashboard/summary responded 204 in 3.9841 ms
2026-09-08 23:13:16.794 +02:00 [INF] HTTP OPTIONS /api/dashboard/summary responded 204 in 159.6771 ms
2026-09-08 23:13:16.821 +02:00 [INF] HTTP GET /api/dashboard/summary responded 200 in 22.4858 ms
2026-09-08 23:13:16.977 +02:00 [INF] HTTP GET /api/dashboard/summary responded 200 in 328.6440 ms
2026-09-08 23:13:19.576 +02:00 [INF] HTTP OPTIONS /api/employees responded 204 in 4.6257 ms
2026-09-08 23:13:19.591 +02:00 [INF] HTTP GET /api/employees responded 200 in 9.4658 ms
2026-09-08 23:13:21.303 +02:00 [INF] HTTP OPTIONS /api/employee-deductions responded 204 in 4.6621 ms
2026-09-08 23:13:21.308 +02:00 [INF] HTTP GET /index.html responded 404 in 0.7992 ms
2026-09-08 23:13:26.412 +02:00 [INF] HTTP OPTIONS /api/employee-deductions responded 204 in 5.1515 ms
2026-09-08 23:13:26.419 +02:00 [INF] HTTP GET /index.html responded 404 in 0.8181 ms
2026-09-08 23:13:28.618 +02:00 [INF] HTTP OPTIONS /api/employee-deductions responded 204 in 5.1386 ms
2026-09-08 23:13:28.623 +02:00 [INF] HTTP GET /index.html responded 404 in 0.6509 ms
2026-09-08 23:13:31.065 +02:00 [INF] HTTP OPTIONS /api/employees responded 204 in 5.1021 ms
2026-09-08 23:13:31.087 +02:00 [INF] HTTP GET /api/employees responded 200 in 13.8369 ms
2026-09-08 23:13:31.098 +02:00 [INF] HTTP GET /api/employees responded 200 in 16.7590 ms
2026-09-08 23:13:33.125 +02:00 [INF] HTTP GET /index.html responded 404 in 0.6671 ms
2026-09-08 23:14:49.707 +02:00 [INF] Server pf66lh68:14500:cd35ab31 caught stopping signal...
2026-09-08 23:14:49.711 +02:00 [INF] Server pf66lh68:14500:cd35ab31 All dispatchers stopped
2026-09-08 23:14:49.714 +02:00 [INF] Server pf66lh68:14500:cd35ab31 successfully reported itself as stopped in 0.3802 ms
2026-09-08 23:14:49.715 +02:00 [INF] Server pf66lh68:14500:cd35ab31 has been stopped in total 6.652 ms
2026-09-08 23:14:58.710 +02:00 [WRN] No instantiatable types implementing `IEntityTypeConfiguration` were found while scanning assembly 'Payroll.Infrastructure, Version=1.0.0.0, Culture=neutral, PublicKeyToken=null'.
2026-09-08 23:14:59.750 +02:00 [WRN] The WebRootPath was not found: C:\Users\g990564\source\repos\payrollsa\payrollsa\Backend\src\Payroll.Api\wwwroot. Static files may be unavailable.
2026-09-08 23:14:59.819 +02:00 [WRN] The WebRootPath was not found: C:\Users\g990564\source\repos\payrollsa\payrollsa\Backend\src\Payroll.Api\wwwroot. Static files may be unavailable.
2026-09-08 23:14:59.885 +02:00 [INF] Starting Hangfire Server using job storage: 'In-Memory Storage'
2026-09-08 23:14:59.887 +02:00 [INF] Using the following options for Hangfire Server:
    Worker count: 20
    Listening queues: 'default'
    Shutdown timeout: 00:00:15
    Schedule polling interval: 00:00:15
2026-09-08 23:14:59.907 +02:00 [INF] Server pf66lh68:2736:99319b24 successfully announced in 3.7587 ms
2026-09-08 23:14:59.911 +02:00 [INF] Server pf66lh68:2736:99319b24 is starting the registered dispatchers: ServerWatchdog, ServerJobCancellationWatcher, Worker, DelayedJobScheduler, RecurringJobScheduler...
2026-09-08 23:14:59.926 +02:00 [INF] Server pf66lh68:2736:99319b24 all the dispatchers started
2026-09-08 23:15:04.152 +02:00 [WRN] Failed to determine the https port for redirect.
2026-09-08 23:15:04.418 +02:00 [INF] HTTP OPTIONS /api/employees responded 204 in 274.5400 ms
2026-09-08 23:15:04.573 +02:00 [INF] HTTP OPTIONS /api/employees responded 204 in 431.4894 ms
2026-09-08 23:15:04.574 +02:00 [WRN] You do not have a valid license key for the Lucky Penny software MediatR. This is allowed for development and testing scenarios. If you are running in production you are required to have a licensed version. Please visit https://luckypennysoftware.com to obtain a valid license.
2026-09-08 23:15:04.737 +02:00 [INF] HTTP GET /api/employees responded 200 in 302.1630 ms
2026-09-08 23:15:04.747 +02:00 [INF] HTTP GET /api/employees responded 200 in 17.0521 ms
2026-09-08 23:15:05.951 +02:00 [INF] HTTP OPTIONS /api/employee-deductions responded 204 in 14.6995 ms
2026-09-08 23:15:05.963 +02:00 [INF] HTTP GET /index.html responded 404 in 6.1651 ms
2026-09-08 23:15:08.752 +02:00 [INF] HTTP GET /api/employees responded 200 in 14.2633 ms
2026-09-08 23:15:08.802 +02:00 [INF] HTTP GET /api/employees responded 200 in 13.0024 ms
2026-09-08 23:15:10.989 +02:00 [INF] HTTP OPTIONS /api/employee-deductions responded 204 in 3.9505 ms
2026-09-08 23:15:10.995 +02:00 [INF] HTTP GET /index.html responded 404 in 1.2382 ms
2026-09-08 23:15:27.656 +02:00 [INF] HTTP OPTIONS /api/auth/login responded 204 in 4.5111 ms
2026-09-08 23:15:27.805 +02:00 [INF] HTTP POST /api/auth/login responded 400 in 142.8321 ms
2026-09-08 23:15:35.774 +02:00 [INF] HTTP OPTIONS /api/auth/login responded 204 in 4.6898 ms
2026-09-08 23:15:35.950 +02:00 [ERR] Could not persist audit log for /api/auth/login
Microsoft.EntityFrameworkCore.DbUpdateConcurrencyException: The database operation was expected to affect 1 row(s), but actually affected 0 row(s); data may have been modified or deleted since entities were loaded. See https://go.microsoft.com/fwlink/?LinkId=527962 for information on understanding and handling optimistic concurrency exceptions.
   at Microsoft.EntityFrameworkCore.Update.AffectedCountModificationCommandBatch.ThrowAggregateUpdateConcurrencyExceptionAsync(RelationalDataReader reader, Int32 commandIndex, Int32 expectedRowsAffected, Int32 rowsAffected, CancellationToken cancellationToken)
   at Microsoft.EntityFrameworkCore.Update.AffectedCountModificationCommandBatch.ConsumeResultSetWithRowsAffectedOnlyAsync(Int32 commandIndex, RelationalDataReader reader, CancellationToken cancellationToken)
   at Microsoft.EntityFrameworkCore.Update.AffectedCountModificationCommandBatch.ConsumeAsync(RelationalDataReader reader, CancellationToken cancellationToken)
   at Microsoft.EntityFrameworkCore.Update.ReaderModificationCommandBatch.ExecuteAsync(IRelationalConnection connection, CancellationToken cancellationToken)
   at Microsoft.EntityFrameworkCore.Update.ReaderModificationCommandBatch.ExecuteAsync(IRelationalConnection connection, CancellationToken cancellationToken)
   at Microsoft.EntityFrameworkCore.Update.Internal.BatchExecutor.ExecuteAsync(IEnumerable`1 commandBatches, IRelationalConnection connection, CancellationToken cancellationToken)
   at Microsoft.EntityFrameworkCore.Update.Internal.BatchExecutor.ExecuteAsync(IEnumerable`1 commandBatches, IRelationalConnection connection, CancellationToken cancellationToken)
   at Microsoft.EntityFrameworkCore.Update.Internal.BatchExecutor.ExecuteAsync(IEnumerable`1 commandBatches, IRelationalConnection connection, CancellationToken cancellationToken)
   at Microsoft.EntityFrameworkCore.Storage.RelationalDatabase.SaveChangesAsync(IList`1 entries, CancellationToken cancellationToken)
   at Microsoft.EntityFrameworkCore.ChangeTracking.Internal.StateManager.SaveChangesAsync(IList`1 entriesToSave, CancellationToken cancellationToken)
   at Microsoft.EntityFrameworkCore.ChangeTracking.Internal.StateManager.SaveChangesAsync(StateManager stateManager, Boolean acceptAllChangesOnSuccess, CancellationToken cancellationToken)
   at Microsoft.EntityFrameworkCore.DbContext.SaveChangesAsync(Boolean acceptAllChangesOnSuccess, CancellationToken cancellationToken)
   at Payroll.Api.Middleware.AuditMiddleware.InvokeAsync(HttpContext context, AppDbContext db) in C:\Users\g990564\source\repos\payrollsa\payrollsa\Backend\src\Payroll.Api\Middleware\AuditMiddleware.cs:line 46
2026-09-08 23:15:35.965 +02:00 [INF] HTTP POST /api/auth/login responded 200 in 185.8073 ms
2026-09-08 23:15:36.323 +02:00 [INF] HTTP OPTIONS /api/dashboard/summary responded 204 in 7.0310 ms
2026-09-08 23:15:36.490 +02:00 [INF] HTTP OPTIONS /api/dashboard/summary responded 204 in 172.5557 ms
2026-09-08 23:15:36.540 +02:00 [INF] HTTP GET /api/dashboard/summary responded 200 in 29.5868 ms
2026-09-08 23:15:36.705 +02:00 [INF] HTTP GET /api/dashboard/summary responded 200 in 364.5059 ms
2026-09-08 23:15:41.144 +02:00 [INF] HTTP OPTIONS /api/employees responded 204 in 5.3136 ms
2026-09-08 23:15:41.163 +02:00 [INF] HTTP GET /api/employees responded 200 in 12.2059 ms
2026-09-08 23:15:43.132 +02:00 [INF] HTTP OPTIONS /api/employee-deductions responded 204 in 7.3152 ms
2026-09-08 23:15:43.138 +02:00 [INF] HTTP GET /index.html responded 404 in 0.7253 ms
2026-09-08 23:17:26.813 +02:00 [WRN] No instantiatable types implementing `IEntityTypeConfiguration` were found while scanning assembly 'Payroll.Infrastructure, Version=1.0.0.0, Culture=neutral, PublicKeyToken=null'.
2026-09-08 23:17:27.960 +02:00 [WRN] The WebRootPath was not found: C:\Users\g990564\source\repos\payrollsa\payrollsa\Backend\src\Payroll.Api\wwwroot. Static files may be unavailable.
2026-09-08 23:17:28.039 +02:00 [WRN] The WebRootPath was not found: C:\Users\g990564\source\repos\payrollsa\payrollsa\Backend\src\Payroll.Api\wwwroot. Static files may be unavailable.
2026-09-08 23:17:28.101 +02:00 [INF] Starting Hangfire Server using job storage: 'In-Memory Storage'
2026-09-08 23:17:28.102 +02:00 [INF] Using the following options for Hangfire Server:
    Worker count: 20
    Listening queues: 'default'
    Shutdown timeout: 00:00:15
    Schedule polling interval: 00:00:15
2026-09-08 23:17:28.117 +02:00 [INF] Server pf66lh68:30920:3cb04f74 successfully announced in 3.0542 ms
2026-09-08 23:17:28.122 +02:00 [INF] Server pf66lh68:30920:3cb04f74 is starting the registered dispatchers: ServerWatchdog, ServerJobCancellationWatcher, Worker, DelayedJobScheduler, RecurringJobScheduler...
2026-09-08 23:17:28.134 +02:00 [INF] Server pf66lh68:30920:3cb04f74 all the dispatchers started
2026-09-08 23:17:48.108 +02:00 [WRN] Failed to determine the https port for redirect.
2026-09-08 23:17:48.512 +02:00 [INF] HTTP OPTIONS /api/employees responded 204 in 411.9612 ms
2026-09-08 23:17:48.689 +02:00 [INF] HTTP OPTIONS /api/employees responded 204 in 591.8163 ms
2026-09-08 23:17:49.591 +02:00 [WRN] You do not have a valid license key for the Lucky Penny software MediatR. This is allowed for development and testing scenarios. If you are running in production you are required to have a licensed version. Please visit https://luckypennysoftware.com to obtain a valid license.
2026-09-08 23:17:50.378 +02:00 [INF] HTTP GET /api/employees responded 200 in 1654.9753 ms
2026-09-08 23:17:50.497 +02:00 [INF] HTTP GET /api/employees responded 200 in 89.4845 ms
2026-09-08 23:17:51.882 +02:00 [INF] HTTP OPTIONS /api/employee-deductions responded 204 in 17.4036 ms
2026-09-08 23:17:52.046 +02:00 [INF] HTTP GET /index.html responded 404 in 20.3164 ms
2026-09-08 23:17:56.149 +02:00 [INF] HTTP OPTIONS /api/employees responded 204 in 7.5918 ms
2026-09-08 23:17:56.178 +02:00 [INF] HTTP OPTIONS /api/employees responded 204 in 11.5945 ms
2026-09-08 23:17:56.190 +02:00 [INF] HTTP GET /api/employees responded 200 in 19.0973 ms
2026-09-08 23:17:56.212 +02:00 [INF] HTTP GET /api/employees responded 200 in 13.4450 ms
2026-09-08 23:17:58.184 +02:00 [INF] HTTP OPTIONS /api/employee-deductions responded 204 in 7.0480 ms
2026-09-08 23:17:58.193 +02:00 [INF] HTTP GET /index.html responded 404 in 1.1623 ms
2026-09-08 23:18:13.598 +02:00 [INF] HTTP OPTIONS /api/auth/login responded 204 in 4.8935 ms
2026-09-08 23:18:13.706 +02:00 [INF] HTTP POST /api/auth/login responded 400 in 102.4482 ms
2026-09-08 23:18:23.373 +02:00 [INF] HTTP OPTIONS /api/auth/login responded 204 in 4.3549 ms
2026-09-08 23:18:23.617 +02:00 [ERR] Could not persist audit log for /api/auth/login
Microsoft.EntityFrameworkCore.DbUpdateConcurrencyException: The database operation was expected to affect 1 row(s), but actually affected 0 row(s); data may have been modified or deleted since entities were loaded. See https://go.microsoft.com/fwlink/?LinkId=527962 for information on understanding and handling optimistic concurrency exceptions.
   at Microsoft.EntityFrameworkCore.Update.AffectedCountModificationCommandBatch.ThrowAggregateUpdateConcurrencyExceptionAsync(RelationalDataReader reader, Int32 commandIndex, Int32 expectedRowsAffected, Int32 rowsAffected, CancellationToken cancellationToken)
   at Microsoft.EntityFrameworkCore.Update.AffectedCountModificationCommandBatch.ConsumeResultSetWithRowsAffectedOnlyAsync(Int32 commandIndex, RelationalDataReader reader, CancellationToken cancellationToken)
   at Microsoft.EntityFrameworkCore.Update.AffectedCountModificationCommandBatch.ConsumeAsync(RelationalDataReader reader, CancellationToken cancellationToken)
   at Microsoft.EntityFrameworkCore.Update.ReaderModificationCommandBatch.ExecuteAsync(IRelationalConnection connection, CancellationToken cancellationToken)
   at Microsoft.EntityFrameworkCore.Update.ReaderModificationCommandBatch.ExecuteAsync(IRelationalConnection connection, CancellationToken cancellationToken)
   at Microsoft.EntityFrameworkCore.Update.Internal.BatchExecutor.ExecuteAsync(IEnumerable`1 commandBatches, IRelationalConnection connection, CancellationToken cancellationToken)
   at Microsoft.EntityFrameworkCore.Update.Internal.BatchExecutor.ExecuteAsync(IEnumerable`1 commandBatches, IRelationalConnection connection, CancellationToken cancellationToken)
   at Microsoft.EntityFrameworkCore.Update.Internal.BatchExecutor.ExecuteAsync(IEnumerable`1 commandBatches, IRelationalConnection connection, CancellationToken cancellationToken)
   at Microsoft.EntityFrameworkCore.Storage.RelationalDatabase.SaveChangesAsync(IList`1 entries, CancellationToken cancellationToken)
   at Microsoft.EntityFrameworkCore.ChangeTracking.Internal.StateManager.SaveChangesAsync(IList`1 entriesToSave, CancellationToken cancellationToken)
   at Microsoft.EntityFrameworkCore.ChangeTracking.Internal.StateManager.SaveChangesAsync(StateManager stateManager, Boolean acceptAllChangesOnSuccess, CancellationToken cancellationToken)
   at Microsoft.EntityFrameworkCore.DbContext.SaveChangesAsync(Boolean acceptAllChangesOnSuccess, CancellationToken cancellationToken)
   at Payroll.Api.Middleware.AuditMiddleware.InvokeAsync(HttpContext context, AppDbContext db) in C:\Users\g990564\source\repos\payrollsa\payrollsa\Backend\src\Payroll.Api\Middleware\AuditMiddleware.cs:line 46
2026-09-08 23:18:23.634 +02:00 [INF] HTTP POST /api/auth/login responded 200 in 256.1765 ms
2026-09-08 23:18:23.704 +02:00 [INF] HTTP OPTIONS /api/dashboard/summary responded 204 in 3.1592 ms
2026-09-08 23:18:23.871 +02:00 [INF] HTTP OPTIONS /api/dashboard/summary responded 204 in 170.8954 ms
2026-09-08 23:18:24.037 +02:00 [INF] HTTP GET /api/dashboard/summary responded 200 in 307.3093 ms
2026-09-08 23:18:24.203 +02:00 [INF] HTTP GET /api/dashboard/summary responded 200 in 212.2632 ms
2026-09-08 23:18:27.130 +02:00 [INF] HTTP OPTIONS /api/employees responded 204 in 4.7072 ms
2026-09-08 23:18:27.142 +02:00 [INF] HTTP GET /api/employees responded 200 in 6.0989 ms
2026-09-08 23:18:35.588 +02:00 [INF] HTTP OPTIONS /api/employees responded 204 in 3.8375 ms
2026-09-08 23:18:35.601 +02:00 [INF] HTTP GET /api/employees responded 200 in 5.7576 ms
2026-09-08 23:18:36.896 +02:00 [INF] HTTP OPTIONS /api/employee-deductions responded 204 in 5.1469 ms
2026-09-08 23:18:36.902 +02:00 [INF] HTTP GET /index.html responded 404 in 0.6316 ms
2026-09-08 23:18:51.780 +02:00 [INF] Server pf66lh68:30920:3cb04f74 caught stopping signal...
2026-09-08 23:18:51.784 +02:00 [INF] Server pf66lh68:30920:3cb04f74 All dispatchers stopped
2026-09-08 23:18:51.792 +02:00 [INF] Server pf66lh68:30920:3cb04f74 successfully reported itself as stopped in 0.5502 ms
2026-09-08 23:18:51.794 +02:00 [INF] Server pf66lh68:30920:3cb04f74 has been stopped in total 12.503 ms
2026-09-08 23:19:05.421 +02:00 [WRN] No instantiatable types implementing `IEntityTypeConfiguration` were found while scanning assembly 'Payroll.Infrastructure, Version=1.0.0.0, Culture=neutral, PublicKeyToken=null'.
2026-09-08 23:19:07.041 +02:00 [WRN] The WebRootPath was not found: C:\Users\g990564\source\repos\payrollsa\payrollsa\Backend\src\Payroll.Api\wwwroot. Static files may be unavailable.
2026-09-08 23:19:07.138 +02:00 [WRN] The WebRootPath was not found: C:\Users\g990564\source\repos\payrollsa\payrollsa\Backend\src\Payroll.Api\wwwroot. Static files may be unavailable.
2026-09-08 23:19:07.245 +02:00 [INF] Starting Hangfire Server using job storage: 'In-Memory Storage'
2026-09-08 23:19:07.248 +02:00 [INF] Using the following options for Hangfire Server:
    Worker count: 20
    Listening queues: 'default'
    Shutdown timeout: 00:00:15
    Schedule polling interval: 00:00:15
2026-09-08 23:19:07.280 +02:00 [INF] Server pf66lh68:4004:e2ca1fbc successfully announced in 6.2442 ms
2026-09-08 23:19:07.289 +02:00 [INF] Server pf66lh68:4004:e2ca1fbc is starting the registered dispatchers: ServerWatchdog, ServerJobCancellationWatcher, Worker, DelayedJobScheduler, RecurringJobScheduler...
2026-09-08 23:19:07.310 +02:00 [INF] Server pf66lh68:4004:e2ca1fbc all the dispatchers started
2026-09-08 23:20:18.947 +02:00 [WRN] Failed to determine the https port for redirect.
2026-09-08 23:20:19.154 +02:00 [INF] HTTP OPTIONS /api/employees responded 204 in 214.1858 ms
2026-09-08 23:20:19.360 +02:00 [WRN] You do not have a valid license key for the Lucky Penny software MediatR. This is allowed for development and testing scenarios. If you are running in production you are required to have a licensed version. Please visit https://luckypennysoftware.com to obtain a valid license.
2026-09-08 23:20:19.502 +02:00 [INF] HTTP GET /api/employees responded 200 in 332.5923 ms
2026-09-08 23:20:22.873 +02:00 [INF] HTTP OPTIONS /api/leave responded 204 in 7.2397 ms
2026-09-08 23:20:22.961 +02:00 [INF] HTTP GET /api/leave responded 200 in 83.0330 ms
2026-09-08 23:20:29.696 +02:00 [INF] HTTP OPTIONS /api/leave responded 204 in 5.5242 ms
2026-09-08 23:20:29.715 +02:00 [INF] HTTP GET /api/leave responded 200 in 14.1048 ms
2026-09-08 23:20:33.023 +02:00 [INF] HTTP OPTIONS /api/payroll/periods responded 204 in 5.2355 ms
2026-09-08 23:20:33.083 +02:00 [INF] HTTP GET /api/payroll/periods responded 200 in 54.0357 ms
2026-09-08 23:20:34.515 +02:00 [INF] HTTP OPTIONS /api/payroll/27cdd050-7e7f-42cc-af9d-0a293476871a responded 204 in 4.4493 ms
2026-09-08 23:20:34.519 +02:00 [INF] HTTP OPTIONS /api/payroll/27cdd050-7e7f-42cc-af9d-0a293476871a/lines responded 204 in 6.9756 ms
2026-09-08 23:20:34.605 +02:00 [WRN] Compiling a query which loads related collections for more than one collection navigation, either via 'Include' or through projection, but no 'QuerySplittingBehavior' has been configured. By default, Entity Framework will use 'QuerySplittingBehavior.SingleQuery', which can potentially result in slow query performance. See https://go.microsoft.com/fwlink/?linkid=2134277 for more information. To identify the query that's triggering this warning call 'ConfigureWarnings(w => w.Throw(RelationalEventId.MultipleCollectionIncludeWarning))'.
2026-09-08 23:20:34.672 +02:00 [INF] HTTP GET /api/payroll/27cdd050-7e7f-42cc-af9d-0a293476871a responded 200 in 142.3161 ms
2026-09-08 23:20:34.845 +02:00 [INF] HTTP GET /api/payroll/27cdd050-7e7f-42cc-af9d-0a293476871a/lines responded 200 in 310.3005 ms
2026-09-08 23:21:36.148 +02:00 [INF] Server pf66lh68:4004:e2ca1fbc caught stopping signal...
2026-09-08 23:21:36.152 +02:00 [INF] Server pf66lh68:4004:e2ca1fbc All dispatchers stopped
2026-09-08 23:21:36.155 +02:00 [INF] Server pf66lh68:4004:e2ca1fbc successfully reported itself as stopped in 0.7178 ms
2026-09-08 23:21:36.155 +02:00 [INF] Server pf66lh68:4004:e2ca1fbc has been stopped in total 5.6691 ms
2026-09-08 23:21:43.475 +02:00 [WRN] No instantiatable types implementing `IEntityTypeConfiguration` were found while scanning assembly 'Payroll.Infrastructure, Version=1.0.0.0, Culture=neutral, PublicKeyToken=null'.
2026-09-08 23:21:45.115 +02:00 [WRN] The WebRootPath was not found: C:\Users\g990564\source\repos\payrollsa\payrollsa\Backend\src\Payroll.Api\wwwroot. Static files may be unavailable.
2026-09-08 23:21:45.177 +02:00 [WRN] The WebRootPath was not found: C:\Users\g990564\source\repos\payrollsa\payrollsa\Backend\src\Payroll.Api\wwwroot. Static files may be unavailable.
2026-09-08 23:21:45.262 +02:00 [INF] Starting Hangfire Server using job storage: 'In-Memory Storage'
2026-09-08 23:21:45.264 +02:00 [INF] Using the following options for Hangfire Server:
    Worker count: 20
    Listening queues: 'default'
    Shutdown timeout: 00:00:15
    Schedule polling interval: 00:00:15
2026-09-08 23:21:45.293 +02:00 [INF] Server pf66lh68:30600:641795ea successfully announced in 6.4329 ms
2026-09-08 23:21:45.299 +02:00 [INF] Server pf66lh68:30600:641795ea is starting the registered dispatchers: ServerWatchdog, ServerJobCancellationWatcher, Worker, DelayedJobScheduler, RecurringJobScheduler...
2026-09-08 23:21:45.318 +02:00 [INF] Server pf66lh68:30600:641795ea all the dispatchers started
2026-09-08 23:22:03.925 +02:00 [WRN] Failed to determine the https port for redirect.
2026-09-08 23:22:04.569 +02:00 [INF] HTTP OPTIONS /api/payroll/27cdd050-7e7f-42cc-af9d-0a293476871a/lines responded 204 in 638.1624 ms
2026-09-08 23:22:04.569 +02:00 [INF] HTTP OPTIONS /api/payroll/27cdd050-7e7f-42cc-af9d-0a293476871a responded 204 in 658.3224 ms
2026-09-08 23:22:04.710 +02:00 [INF] HTTP OPTIONS /api/payroll/27cdd050-7e7f-42cc-af9d-0a293476871a/lines responded 204 in 801.8304 ms
2026-09-08 23:22:04.861 +02:00 [INF] HTTP OPTIONS /api/payroll/27cdd050-7e7f-42cc-af9d-0a293476871a responded 204 in 948.8923 ms
2026-09-08 23:22:04.905 +02:00 [WRN] You do not have a valid license key for the Lucky Penny software MediatR. This is allowed for development and testing scenarios. If you are running in production you are required to have a licensed version. Please visit https://luckypennysoftware.com to obtain a valid license.
2026-09-08 23:22:04.905 +02:00 [WRN] You do not have a valid license key for the Lucky Penny software MediatR. This is allowed for development and testing scenarios. If you are running in production you are required to have a licensed version. Please visit https://luckypennysoftware.com to obtain a valid license.
2026-09-08 23:22:05.248 +02:00 [WRN] Compiling a query which loads related collections for more than one collection navigation, either via 'Include' or through projection, but no 'QuerySplittingBehavior' has been configured. By default, Entity Framework will use 'QuerySplittingBehavior.SingleQuery', which can potentially result in slow query performance. See https://go.microsoft.com/fwlink/?linkid=2134277 for more information. To identify the query that's triggering this warning call 'ConfigureWarnings(w => w.Throw(RelationalEventId.MultipleCollectionIncludeWarning))'.
2026-09-08 23:22:05.514 +02:00 [INF] HTTP GET /api/payroll/27cdd050-7e7f-42cc-af9d-0a293476871a responded 200 in 910.1581 ms
2026-09-08 23:22:05.672 +02:00 [INF] HTTP GET /api/payroll/27cdd050-7e7f-42cc-af9d-0a293476871a responded 200 in 244.9142 ms
2026-09-08 23:22:05.732 +02:00 [INF] HTTP GET /api/payroll/27cdd050-7e7f-42cc-af9d-0a293476871a/lines responded 200 in 1127.6988 ms
2026-09-08 23:22:05.893 +02:00 [INF] HTTP GET /api/payroll/27cdd050-7e7f-42cc-af9d-0a293476871a/lines responded 200 in 283.9019 ms
2026-09-08 23:23:44.525 +02:00 [INF] Server pf66lh68:30600:641795ea caught stopping signal...
2026-09-08 23:23:44.529 +02:00 [INF] Server pf66lh68:30600:641795ea All dispatchers stopped
2026-09-08 23:23:44.533 +02:00 [INF] Server pf66lh68:30600:641795ea successfully reported itself as stopped in 0.6126 ms
2026-09-08 23:23:44.534 +02:00 [INF] Server pf66lh68:30600:641795ea has been stopped in total 7.7419 ms
2026-09-08 23:23:51.920 +02:00 [WRN] No instantiatable types implementing `IEntityTypeConfiguration` were found while scanning assembly 'Payroll.Infrastructure, Version=1.0.0.0, Culture=neutral, PublicKeyToken=null'.
2026-09-08 23:23:52.731 +02:00 [WRN] The WebRootPath was not found: C:\Users\g990564\source\repos\payrollsa\payrollsa\Backend\src\Payroll.Api\wwwroot. Static files may be unavailable.
2026-09-08 23:23:52.792 +02:00 [WRN] The WebRootPath was not found: C:\Users\g990564\source\repos\payrollsa\payrollsa\Backend\src\Payroll.Api\wwwroot. Static files may be unavailable.
2026-09-08 23:23:52.867 +02:00 [INF] Starting Hangfire Server using job storage: 'In-Memory Storage'
2026-09-08 23:23:52.869 +02:00 [INF] Using the following options for Hangfire Server:
    Worker count: 20
    Listening queues: 'default'
    Shutdown timeout: 00:00:15
    Schedule polling interval: 00:00:15
2026-09-08 23:23:52.890 +02:00 [INF] Server pf66lh68:34616:dd0f3323 successfully announced in 3.7533 ms
2026-09-08 23:23:52.895 +02:00 [INF] Server pf66lh68:34616:dd0f3323 is starting the registered dispatchers: ServerWatchdog, ServerJobCancellationWatcher, Worker, DelayedJobScheduler, RecurringJobScheduler...
2026-09-08 23:23:52.912 +02:00 [INF] Server pf66lh68:34616:dd0f3323 all the dispatchers started
2026-09-08 23:23:59.818 +02:00 [WRN] Failed to determine the https port for redirect.
2026-09-08 23:24:00.086 +02:00 [INF] HTTP OPTIONS /api/payroll/27cdd050-7e7f-42cc-af9d-0a293476871a responded 204 in 277.8031 ms
2026-09-08 23:24:00.086 +02:00 [INF] HTTP OPTIONS /api/payroll/27cdd050-7e7f-42cc-af9d-0a293476871a/lines responded 204 in 277.8233 ms
2026-09-08 23:24:00.234 +02:00 [INF] HTTP OPTIONS /api/payroll/27cdd050-7e7f-42cc-af9d-0a293476871a responded 204 in 427.5039 ms
2026-09-08 23:24:00.241 +02:00 [WRN] You do not have a valid license key for the Lucky Penny software MediatR. This is allowed for development and testing scenarios. If you are running in production you are required to have a licensed version. Please visit https://luckypennysoftware.com to obtain a valid license.
2026-09-08 23:24:00.241 +02:00 [WRN] You do not have a valid license key for the Lucky Penny software MediatR. This is allowed for development and testing scenarios. If you are running in production you are required to have a licensed version. Please visit https://luckypennysoftware.com to obtain a valid license.
2026-09-08 23:24:00.386 +02:00 [INF] HTTP OPTIONS /api/payroll/27cdd050-7e7f-42cc-af9d-0a293476871a/lines responded 204 in 579.2833 ms
2026-09-08 23:24:00.387 +02:00 [WRN] Compiling a query which loads related collections for more than one collection navigation, either via 'Include' or through projection, but no 'QuerySplittingBehavior' has been configured. By default, Entity Framework will use 'QuerySplittingBehavior.SingleQuery', which can potentially result in slow query performance. See https://go.microsoft.com/fwlink/?linkid=2134277 for more information. To identify the query that's triggering this warning call 'ConfigureWarnings(w => w.Throw(RelationalEventId.MultipleCollectionIncludeWarning))'.
2026-09-08 23:24:00.517 +02:00 [INF] HTTP GET /api/payroll/27cdd050-7e7f-42cc-af9d-0a293476871a responded 200 in 410.9614 ms
2026-09-08 23:24:00.614 +02:00 [INF] HTTP GET /api/payroll/27cdd050-7e7f-42cc-af9d-0a293476871a/lines responded 200 in 508.7566 ms
2026-09-08 23:24:00.676 +02:00 [INF] HTTP GET /api/payroll/27cdd050-7e7f-42cc-af9d-0a293476871a responded 200 in 206.0221 ms
2026-09-08 23:24:00.765 +02:00 [INF] HTTP GET /api/payroll/27cdd050-7e7f-42cc-af9d-0a293476871a/lines responded 200 in 211.5627 ms
2026-09-08 23:24:08.001 +02:00 [INF] HTTP OPTIONS /api/employees responded 204 in 8.5227 ms
2026-09-08 23:24:08.067 +02:00 [INF] HTTP GET /api/employees responded 200 in 59.2970 ms
2026-09-08 23:24:09.908 +02:00 [INF] HTTP OPTIONS /api/employee-deductions responded 204 in 5.2220 ms
2026-09-08 23:24:09.934 +02:00 [INF] HTTP GET /api/employee-deductions responded 200 in 20.4583 ms
2026-09-08 23:24:36.177 +02:00 [INF] HTTP OPTIONS /api/employee-deductions responded 204 in 3.4831 ms
2026-09-08 23:24:36.262 +02:00 [INF] HTTP POST /api/employee-deductions responded 200 in 80.0574 ms
2026-09-08 23:24:36.275 +02:00 [INF] HTTP OPTIONS /api/employee-deductions responded 204 in 3.6130 ms
2026-09-08 23:24:36.290 +02:00 [INF] HTTP GET /api/employee-deductions responded 200 in 11.0914 ms
2026-09-08 23:25:17.594 +02:00 [INF] HTTP OPTIONS /api/employee-deductions responded 204 in 5.5604 ms
2026-09-08 23:25:17.611 +02:00 [INF] HTTP POST /api/employee-deductions responded 200 in 11.1910 ms
2026-09-08 23:25:17.626 +02:00 [INF] HTTP OPTIONS /api/employee-deductions responded 204 in 3.5110 ms
2026-09-08 23:25:17.642 +02:00 [INF] HTTP GET /api/employee-deductions responded 200 in 7.6352 ms
2026-09-08 23:25:22.900 +02:00 [INF] HTTP OPTIONS /api/payslips/periods responded 204 in 4.0975 ms
2026-09-08 23:25:22.953 +02:00 [INF] HTTP GET /api/payslips/periods responded 200 in 47.4705 ms
2026-09-08 23:25:24.407 +02:00 [INF] HTTP OPTIONS /api/payslips/period/27cdd050-7e7f-42cc-af9d-0a293476871a responded 204 in 3.6225 ms
2026-09-08 23:25:24.434 +02:00 [INF] HTTP GET /api/payslips/period/27cdd050-7e7f-42cc-af9d-0a293476871a responded 200 in 21.3714 ms
2026-09-08 23:25:26.553 +02:00 [INF] HTTP OPTIONS /api/payslips/87c959f5-f2fb-4fcf-9cb8-ca58ce2db128/detail responded 204 in 3.6833 ms
2026-09-08 23:25:26.582 +02:00 [WRN] Compiling a query which loads related collections for more than one collection navigation, either via 'Include' or through projection, but no 'QuerySplittingBehavior' has been configured. By default, Entity Framework will use 'QuerySplittingBehavior.SingleQuery', which can potentially result in slow query performance. See https://go.microsoft.com/fwlink/?linkid=2134277 for more information. To identify the query that's triggering this warning call 'ConfigureWarnings(w => w.Throw(RelationalEventId.MultipleCollectionIncludeWarning))'.
2026-09-08 23:25:26.643 +02:00 [INF] HTTP GET /api/payslips/87c959f5-f2fb-4fcf-9cb8-ca58ce2db128/detail responded 200 in 84.5595 ms
2026-09-08 23:25:38.195 +02:00 [INF] HTTP OPTIONS /api/payslips/period/27cdd050-7e7f-42cc-af9d-0a293476871a responded 204 in 6.0418 ms
2026-09-08 23:25:38.207 +02:00 [INF] HTTP GET /api/payslips/period/27cdd050-7e7f-42cc-af9d-0a293476871a responded 200 in 7.0657 ms
2026-09-08 23:25:40.629 +02:00 [INF] HTTP OPTIONS /api/payroll/periods responded 204 in 4.3889 ms
2026-09-08 23:25:40.652 +02:00 [INF] HTTP GET /api/payroll/periods responded 200 in 18.1773 ms
2026-09-08 23:25:42.153 +02:00 [INF] HTTP OPTIONS /api/payroll/generate responded 204 in 4.0390 ms
2026-09-08 23:25:42.180 +02:00 [INF] HTTP POST /api/payroll/generate responded 400 in 23.9987 ms
2026-09-08 23:25:43.818 +02:00 [INF] HTTP POST /api/payroll/generate responded 400 in 7.8109 ms
2026-09-08 23:25:47.165 +02:00 [INF] HTTP POST /api/payroll/generate responded 400 in 11.8275 ms
2026-09-08 23:25:49.490 +02:00 [INF] HTTP OPTIONS /api/payroll/generate responded 204 in 6.1678 ms
2026-09-08 23:25:49.500 +02:00 [INF] HTTP POST /api/payroll/generate responded 400 in 5.2758 ms
2026-09-08 23:26:04.190 +02:00 [INF] HTTP OPTIONS /api/payroll/27cdd050-7e7f-42cc-af9d-0a293476871a responded 204 in 4.8710 ms
2026-09-08 23:26:04.204 +02:00 [INF] HTTP GET /api/payroll/27cdd050-7e7f-42cc-af9d-0a293476871a responded 200 in 7.3661 ms
2026-09-08 23:26:04.346 +02:00 [INF] HTTP OPTIONS /api/payroll/27cdd050-7e7f-42cc-af9d-0a293476871a/lines responded 204 in 159.2181 ms
2026-09-08 23:26:04.357 +02:00 [INF] HTTP GET /api/payroll/27cdd050-7e7f-42cc-af9d-0a293476871a/lines responded 200 in 6.7982 ms
2026-09-08 23:29:44.241 +02:00 [INF] HTTP OPTIONS /api/payroll/27cdd050-7e7f-42cc-af9d-0a293476871a responded 204 in 21.0112 ms
2026-09-08 23:29:44.258 +02:00 [INF] HTTP OPTIONS /api/payroll/27cdd050-7e7f-42cc-af9d-0a293476871a/lines responded 204 in 11.5396 ms
2026-09-08 23:29:44.261 +02:00 [INF] HTTP OPTIONS /api/payroll/27cdd050-7e7f-42cc-af9d-0a293476871a/lines responded 204 in 3.0266 ms
2026-09-08 23:29:44.266 +02:00 [INF] HTTP OPTIONS /api/payroll/27cdd050-7e7f-42cc-af9d-0a293476871a responded 204 in 7.9824 ms
2026-09-08 23:29:44.286 +02:00 [INF] HTTP GET /api/payroll/27cdd050-7e7f-42cc-af9d-0a293476871a responded 200 in 11.0552 ms
2026-09-08 23:29:44.300 +02:00 [INF] HTTP GET /api/payroll/27cdd050-7e7f-42cc-af9d-0a293476871a/lines responded 200 in 16.9082 ms
2026-09-08 23:29:44.315 +02:00 [INF] HTTP GET /api/payroll/27cdd050-7e7f-42cc-af9d-0a293476871a/lines responded 200 in 18.7503 ms
2026-09-08 23:29:44.470 +02:00 [INF] HTTP GET /api/payroll/27cdd050-7e7f-42cc-af9d-0a293476871a responded 200 in 162.5402 ms
2026-09-08 23:30:50.874 +02:00 [INF] HTTP OPTIONS /api/payroll/27cdd050-7e7f-42cc-af9d-0a293476871a responded 204 in 4.7995 ms
2026-09-08 23:30:50.880 +02:00 [INF] HTTP OPTIONS /api/payroll/27cdd050-7e7f-42cc-af9d-0a293476871a/lines responded 204 in 3.8471 ms
2026-09-08 23:30:50.903 +02:00 [INF] HTTP OPTIONS /api/payroll/27cdd050-7e7f-42cc-af9d-0a293476871a responded 204 in 5.3982 ms
2026-09-08 23:30:50.912 +02:00 [INF] HTTP OPTIONS /api/payroll/27cdd050-7e7f-42cc-af9d-0a293476871a/lines responded 204 in 4.8778 ms
2026-09-08 23:30:50.942 +02:00 [INF] HTTP GET /api/payroll/27cdd050-7e7f-42cc-af9d-0a293476871a/lines responded 200 in 26.2187 ms
2026-09-08 23:30:50.961 +02:00 [INF] HTTP GET /api/payroll/27cdd050-7e7f-42cc-af9d-0a293476871a responded 200 in 37.8179 ms
2026-09-08 23:30:50.994 +02:00 [INF] HTTP GET /api/payroll/27cdd050-7e7f-42cc-af9d-0a293476871a/lines responded 200 in 9.9783 ms
2026-09-08 23:30:51.079 +02:00 [INF] HTTP GET /api/payroll/27cdd050-7e7f-42cc-af9d-0a293476871a responded 200 in 172.3844 ms
2026-09-08 23:31:06.869 +02:00 [INF] HTTP OPTIONS /api/payroll/27cdd050-7e7f-42cc-af9d-0a293476871a/lines responded 204 in 9.4002 ms
2026-09-08 23:31:06.873 +02:00 [INF] HTTP OPTIONS /api/payroll/27cdd050-7e7f-42cc-af9d-0a293476871a responded 204 in 13.2964 ms
2026-09-08 23:31:06.915 +02:00 [INF] HTTP GET /api/payroll/27cdd050-7e7f-42cc-af9d-0a293476871a/lines responded 200 in 9.4606 ms
2026-09-08 23:31:07.017 +02:00 [INF] HTTP OPTIONS /api/payroll/27cdd050-7e7f-42cc-af9d-0a293476871a responded 204 in 157.3356 ms
2026-09-08 23:31:07.025 +02:00 [INF] HTTP GET /api/payroll/27cdd050-7e7f-42cc-af9d-0a293476871a responded 200 in 4.2209 ms
2026-09-08 23:31:07.033 +02:00 [INF] HTTP OPTIONS /api/payroll/27cdd050-7e7f-42cc-af9d-0a293476871a/lines responded 204 in 173.5225 ms
2026-09-08 23:31:07.042 +02:00 [INF] HTTP GET /api/payroll/27cdd050-7e7f-42cc-af9d-0a293476871a/lines responded 200 in 4.6955 ms
2026-09-08 23:31:07.082 +02:00 [INF] HTTP GET /api/payroll/27cdd050-7e7f-42cc-af9d-0a293476871a responded 200 in 172.9910 ms
2026-09-08 23:31:32.244 +02:00 [INF] HTTP OPTIONS /api/payroll/27cdd050-7e7f-42cc-af9d-0a293476871a responded 204 in 13.3706 ms
2026-09-08 23:31:32.251 +02:00 [INF] HTTP OPTIONS /api/payroll/27cdd050-7e7f-42cc-af9d-0a293476871a/lines responded 204 in 4.6983 ms
2026-09-08 23:31:32.264 +02:00 [INF] HTTP OPTIONS /api/payroll/27cdd050-7e7f-42cc-af9d-0a293476871a responded 204 in 3.6302 ms
2026-09-08 23:31:32.279 +02:00 [INF] HTTP GET /api/payroll/27cdd050-7e7f-42cc-af9d-0a293476871a responded 200 in 20.5604 ms
2026-09-08 23:31:32.282 +02:00 [INF] HTTP OPTIONS /api/payroll/27cdd050-7e7f-42cc-af9d-0a293476871a/lines responded 204 in 5.4103 ms
2026-09-08 23:31:32.290 +02:00 [INF] HTTP GET /api/payroll/27cdd050-7e7f-42cc-af9d-0a293476871a/lines responded 200 in 9.0328 ms
2026-09-08 23:31:32.307 +02:00 [INF] HTTP GET /api/payroll/27cdd050-7e7f-42cc-af9d-0a293476871a responded 200 in 8.5497 ms
2026-09-08 23:31:32.317 +02:00 [INF] HTTP GET /api/payroll/27cdd050-7e7f-42cc-af9d-0a293476871a/lines responded 200 in 14.1112 ms
2026-09-08 23:32:44.638 +02:00 [INF] Server pf66lh68:34616:dd0f3323 caught stopping signal...
2026-09-08 23:32:44.643 +02:00 [INF] Server pf66lh68:34616:dd0f3323 All dispatchers stopped
2026-09-08 23:32:44.646 +02:00 [INF] Server pf66lh68:34616:dd0f3323 successfully reported itself as stopped in 0.7463 ms
2026-09-08 23:32:44.647 +02:00 [INF] Server pf66lh68:34616:dd0f3323 has been stopped in total 7.6918 ms
2026-09-08 23:32:52.401 +02:00 [WRN] No instantiatable types implementing `IEntityTypeConfiguration` were found while scanning assembly 'Payroll.Infrastructure, Version=1.0.0.0, Culture=neutral, PublicKeyToken=null'.
2026-09-08 23:32:53.255 +02:00 [WRN] The WebRootPath was not found: C:\Users\g990564\source\repos\payrollsa\payrollsa\Backend\src\Payroll.Api\wwwroot. Static files may be unavailable.
2026-09-08 23:32:53.306 +02:00 [WRN] The WebRootPath was not found: C:\Users\g990564\source\repos\payrollsa\payrollsa\Backend\src\Payroll.Api\wwwroot. Static files may be unavailable.
2026-09-08 23:32:53.381 +02:00 [INF] Starting Hangfire Server using job storage: 'In-Memory Storage'
2026-09-08 23:32:53.383 +02:00 [INF] Using the following options for Hangfire Server:
    Worker count: 20
    Listening queues: 'default'
    Shutdown timeout: 00:00:15
    Schedule polling interval: 00:00:15
2026-09-08 23:32:53.400 +02:00 [INF] Server pf66lh68:34244:4c4def06 successfully announced in 3.0925 ms
2026-09-08 23:32:53.404 +02:00 [INF] Server pf66lh68:34244:4c4def06 is starting the registered dispatchers: ServerWatchdog, ServerJobCancellationWatcher, Worker, DelayedJobScheduler, RecurringJobScheduler...
2026-09-08 23:32:53.415 +02:00 [INF] Server pf66lh68:34244:4c4def06 all the dispatchers started
2026-09-08 23:33:00.449 +02:00 [WRN] Failed to determine the https port for redirect.
2026-09-08 23:33:00.621 +02:00 [INF] HTTP OPTIONS /api/dashboard/summary responded 204 in 176.6355 ms
2026-09-08 23:33:00.763 +02:00 [WRN] You do not have a valid license key for the Lucky Penny software MediatR. This is allowed for development and testing scenarios. If you are running in production you are required to have a licensed version. Please visit https://luckypennysoftware.com to obtain a valid license.
2026-09-08 23:33:01.074 +02:00 [INF] HTTP GET /api/dashboard/summary responded 200 in 436.3089 ms
2026-09-08 23:33:04.745 +02:00 [INF] HTTP OPTIONS /api/tax/year responded 204 in 8.4122 ms
2026-09-08 23:33:04.785 +02:00 [WRN] Compiling a query which loads related collections for more than one collection navigation, either via 'Include' or through projection, but no 'QuerySplittingBehavior' has been configured. By default, Entity Framework will use 'QuerySplittingBehavior.SingleQuery', which can potentially result in slow query performance. See https://go.microsoft.com/fwlink/?linkid=2134277 for more information. To identify the query that's triggering this warning call 'ConfigureWarnings(w => w.Throw(RelationalEventId.MultipleCollectionIncludeWarning))'.
2026-09-08 23:33:04.904 +02:00 [INF] HTTP GET /api/tax/year responded 200 in 154.5981 ms
2026-09-08 23:33:09.743 +02:00 [INF] HTTP OPTIONS /api/dashboard/summary responded 204 in 4.5767 ms
2026-09-08 23:33:09.765 +02:00 [INF] HTTP GET /api/dashboard/summary responded 200 in 15.0790 ms
2026-09-08 23:33:19.631 +02:00 [INF] HTTP OPTIONS /api/payroll/periods responded 204 in 5.3618 ms
2026-09-08 23:33:19.682 +02:00 [INF] HTTP GET /api/payroll/periods responded 200 in 45.8959 ms
2026-09-08 23:33:21.219 +02:00 [INF] HTTP OPTIONS /api/payroll/27cdd050-7e7f-42cc-af9d-0a293476871a responded 204 in 6.0173 ms
2026-09-08 23:33:21.221 +02:00 [INF] HTTP OPTIONS /api/payroll/27cdd050-7e7f-42cc-af9d-0a293476871a/lines responded 204 in 6.0387 ms
2026-09-08 23:33:21.255 +02:00 [WRN] Compiling a query which loads related collections for more than one collection navigation, either via 'Include' or through projection, but no 'QuerySplittingBehavior' has been configured. By default, Entity Framework will use 'QuerySplittingBehavior.SingleQuery', which can potentially result in slow query performance. See https://go.microsoft.com/fwlink/?linkid=2134277 for more information. To identify the query that's triggering this warning call 'ConfigureWarnings(w => w.Throw(RelationalEventId.MultipleCollectionIncludeWarning))'.
2026-09-08 23:33:21.257 +02:00 [INF] HTTP GET /api/payroll/27cdd050-7e7f-42cc-af9d-0a293476871a responded 200 in 31.8011 ms
2026-09-08 23:33:21.390 +02:00 [INF] HTTP GET /api/payroll/27cdd050-7e7f-42cc-af9d-0a293476871a/lines responded 200 in 163.5311 ms
2026-09-08 23:33:28.223 +02:00 [INF] HTTP OPTIONS /api/payroll/periods responded 204 in 5.6944 ms
2026-09-08 23:33:28.234 +02:00 [INF] HTTP GET /api/payroll/periods responded 200 in 6.6188 ms
2026-09-08 23:33:34.266 +02:00 [INF] HTTP OPTIONS /api/payroll/generate responded 204 in 3.8844 ms
2026-09-08 23:33:34.306 +02:00 [INF] HTTP POST /api/payroll/generate responded 400 in 35.7867 ms
2026-09-08 23:33:39.641 +02:00 [INF] HTTP OPTIONS /api/payroll/27cdd050-7e7f-42cc-af9d-0a293476871a responded 204 in 4.6236 ms
2026-09-08 23:33:39.653 +02:00 [INF] HTTP GET /api/payroll/27cdd050-7e7f-42cc-af9d-0a293476871a responded 200 in 6.5525 ms
2026-09-08 23:33:39.804 +02:00 [INF] HTTP OPTIONS /api/payroll/27cdd050-7e7f-42cc-af9d-0a293476871a/lines responded 204 in 166.2532 ms
2026-09-08 23:33:39.814 +02:00 [INF] HTTP GET /api/payroll/27cdd050-7e7f-42cc-af9d-0a293476871a/lines responded 200 in 6.1932 ms
2026-09-08 23:33:45.185 +02:00 [INF] HTTP OPTIONS /api/payroll/27cdd050-7e7f-42cc-af9d-0a293476871a/approve responded 204 in 3.9344 ms
2026-09-08 23:33:45.214 +02:00 [INF] HTTP POST /api/payroll/27cdd050-7e7f-42cc-af9d-0a293476871a/approve responded 400 in 24.3386 ms
2026-09-08 23:33:59.228 +02:00 [INF] HTTP OPTIONS /api/payroll/27cdd050-7e7f-42cc-af9d-0a293476871a/mark-paid responded 204 in 5.1796 ms
2026-09-08 23:33:59.249 +02:00 [INF] HTTP POST /api/payroll/27cdd050-7e7f-42cc-af9d-0a293476871a/mark-paid responded 400 in 16.6599 ms
2026-09-08 23:34:06.800 +02:00 [INF] HTTP OPTIONS /api/payroll/periods responded 204 in 4.2564 ms
2026-09-08 23:34:06.811 +02:00 [INF] HTTP GET /api/payroll/periods responded 200 in 6.2040 ms
2026-09-08 23:34:10.775 +02:00 [INF] HTTP OPTIONS /api/payslips/periods responded 204 in 4.1064 ms
2026-09-08 23:34:10.800 +02:00 [INF] HTTP GET /api/payslips/periods responded 200 in 19.9363 ms
2026-09-08 23:34:12.697 +02:00 [INF] HTTP OPTIONS /api/payslips/period/27cdd050-7e7f-42cc-af9d-0a293476871a responded 204 in 5.6427 ms
2026-09-08 23:34:12.727 +02:00 [INF] HTTP GET /api/payslips/period/27cdd050-7e7f-42cc-af9d-0a293476871a responded 200 in 26.0888 ms
2026-09-08 23:34:16.495 +02:00 [INF] HTTP OPTIONS /api/payslips/87c959f5-f2fb-4fcf-9cb8-ca58ce2db128/detail responded 204 in 4.8433 ms
2026-09-08 23:34:16.521 +02:00 [WRN] Compiling a query which loads related collections for more than one collection navigation, either via 'Include' or through projection, but no 'QuerySplittingBehavior' has been configured. By default, Entity Framework will use 'QuerySplittingBehavior.SingleQuery', which can potentially result in slow query performance. See https://go.microsoft.com/fwlink/?linkid=2134277 for more information. To identify the query that's triggering this warning call 'ConfigureWarnings(w => w.Throw(RelationalEventId.MultipleCollectionIncludeWarning))'.
2026-09-08 23:34:16.590 +02:00 [INF] HTTP GET /api/payslips/87c959f5-f2fb-4fcf-9cb8-ca58ce2db128/detail responded 200 in 90.6887 ms
2026-09-08 23:34:25.354 +02:00 [INF] HTTP OPTIONS /api/payslips/period/27cdd050-7e7f-42cc-af9d-0a293476871a responded 204 in 8.3148 ms
2026-09-08 23:34:25.367 +02:00 [INF] HTTP GET /api/payslips/period/27cdd050-7e7f-42cc-af9d-0a293476871a responded 200 in 7.4802 ms
2026-09-08 23:34:32.937 +02:00 [INF] HTTP OPTIONS /api/payslips/periods responded 204 in 6.4705 ms
2026-09-08 23:34:32.946 +02:00 [INF] HTTP GET /api/payslips/periods responded 200 in 5.5225 ms
2026-09-08 23:34:41.240 +02:00 [INF] HTTP OPTIONS /api/employees responded 204 in 9.3451 ms
2026-09-08 23:34:41.280 +02:00 [INF] HTTP GET /api/employees responded 200 in 35.1133 ms
2026-09-08 23:34:43.282 +02:00 [INF] HTTP OPTIONS /api/employee-deductions responded 204 in 3.9684 ms
2026-09-08 23:34:43.307 +02:00 [INF] HTTP GET /api/employee-deductions responded 200 in 20.8268 ms
2026-09-08 23:34:51.649 +02:00 [INF] HTTP OPTIONS /api/settings/leave-types responded 204 in 4.0619 ms
2026-09-08 23:34:51.677 +02:00 [INF] HTTP GET /api/settings/leave-types responded 200 in 22.1961 ms
2026-09-08 23:35:16.124 +02:00 [INF] HTTP OPTIONS /api/companies responded 204 in 3.9183 ms
2026-09-08 23:35:16.150 +02:00 [INF] HTTP GET /api/companies responded 401 in 21.4106 ms
2026-09-08 23:35:16.161 +02:00 [INF] HTTP GET /api/companies responded 401 in 4.1492 ms
2026-09-08 23:35:22.382 +02:00 [INF] HTTP OPTIONS /api/tax/year responded 204 in 2.9931 ms
2026-09-08 23:35:22.397 +02:00 [INF] HTTP GET /api/tax/year responded 200 in 9.1145 ms
2026-09-08 23:35:24.804 +02:00 [INF] HTTP OPTIONS /api/leave responded 204 in 4.5535 ms
2026-09-08 23:35:24.869 +02:00 [INF] HTTP GET /api/leave responded 200 in 60.9780 ms
2026-09-08 23:35:27.208 +02:00 [INF] HTTP OPTIONS /api/employees responded 204 in 3.0031 ms
2026-09-08 23:35:27.218 +02:00 [INF] HTTP GET /api/employees responded 200 in 5.6127 ms
2026-09-08 23:35:30.149 +02:00 [INF] HTTP OPTIONS /api/payroll/periods responded 204 in 3.9544 ms
2026-09-08 23:35:30.159 +02:00 [INF] HTTP GET /api/payroll/periods responded 200 in 4.7298 ms
2026-09-08 23:35:32.946 +02:00 [INF] HTTP OPTIONS /api/payroll/27cdd050-7e7f-42cc-af9d-0a293476871a responded 204 in 4.6979 ms
2026-09-08 23:35:32.955 +02:00 [INF] HTTP GET /api/payroll/27cdd050-7e7f-42cc-af9d-0a293476871a responded 200 in 4.7155 ms
2026-09-08 23:35:33.102 +02:00 [INF] HTTP OPTIONS /api/payroll/27cdd050-7e7f-42cc-af9d-0a293476871a/lines responded 204 in 160.4485 ms
2026-09-08 23:35:33.117 +02:00 [INF] HTTP GET /api/payroll/27cdd050-7e7f-42cc-af9d-0a293476871a/lines responded 200 in 6.7721 ms
2026-09-08 23:36:53.020 +02:00 [INF] HTTP OPTIONS /api/payslips/periods responded 204 in 6.6761 ms
2026-09-08 23:36:53.037 +02:00 [INF] HTTP GET /api/payslips/periods responded 200 in 9.1522 ms
2026-09-08 23:36:55.469 +02:00 [INF] HTTP OPTIONS /api/payslips/period/27cdd050-7e7f-42cc-af9d-0a293476871a responded 204 in 5.1238 ms
2026-09-08 23:36:55.481 +02:00 [INF] HTTP GET /api/payslips/period/27cdd050-7e7f-42cc-af9d-0a293476871a responded 200 in 6.8629 ms
2026-09-08 23:36:57.606 +02:00 [INF] HTTP OPTIONS /api/payroll/periods responded 204 in 4.0076 ms
2026-09-08 23:36:57.615 +02:00 [INF] HTTP GET /api/payroll/periods responded 200 in 4.7525 ms
2026-09-08 23:36:58.449 +02:00 [INF] HTTP OPTIONS /api/payroll/27cdd050-7e7f-42cc-af9d-0a293476871a responded 204 in 4.3069 ms
2026-09-08 23:36:58.460 +02:00 [INF] HTTP GET /api/payroll/27cdd050-7e7f-42cc-af9d-0a293476871a responded 200 in 5.3428 ms
2026-09-08 23:36:58.606 +02:00 [INF] HTTP OPTIONS /api/payroll/27cdd050-7e7f-42cc-af9d-0a293476871a/lines responded 204 in 158.7297 ms
2026-09-08 23:36:58.617 +02:00 [INF] HTTP GET /api/payroll/27cdd050-7e7f-42cc-af9d-0a293476871a/lines responded 200 in 7.7656 ms
2026-09-08 23:38:03.412 +02:00 [INF] Server pf66lh68:34244:4c4def06 caught stopping signal...
2026-09-08 23:38:03.416 +02:00 [INF] Server pf66lh68:34244:4c4def06 All dispatchers stopped
2026-09-08 23:38:03.419 +02:00 [INF] Server pf66lh68:34244:4c4def06 successfully reported itself as stopped in 0.8765 ms
2026-09-08 23:38:03.420 +02:00 [INF] Server pf66lh68:34244:4c4def06 has been stopped in total 6.2883 ms
2026-09-08 23:39:15.881 +02:00 [WRN] No instantiatable types implementing `IEntityTypeConfiguration` were found while scanning assembly 'Payroll.Infrastructure, Version=1.0.0.0, Culture=neutral, PublicKeyToken=null'.
2026-09-08 23:39:16.939 +02:00 [WRN] The WebRootPath was not found: C:\Users\g990564\source\repos\payrollsa\payrollsa\Backend\src\Payroll.Api\wwwroot. Static files may be unavailable.
2026-09-08 23:39:17.000 +02:00 [WRN] The WebRootPath was not found: C:\Users\g990564\source\repos\payrollsa\payrollsa\Backend\src\Payroll.Api\wwwroot. Static files may be unavailable.
2026-09-08 23:39:17.062 +02:00 [INF] Starting Hangfire Server using job storage: 'In-Memory Storage'
2026-09-08 23:39:17.064 +02:00 [INF] Using the following options for Hangfire Server:
    Worker count: 20
    Listening queues: 'default'
    Shutdown timeout: 00:00:15
    Schedule polling interval: 00:00:15
2026-09-08 23:39:17.081 +02:00 [INF] Server pf66lh68:42484:3a043263 successfully announced in 2.6371 ms
2026-09-08 23:39:17.085 +02:00 [INF] Server pf66lh68:42484:3a043263 is starting the registered dispatchers: ServerWatchdog, ServerJobCancellationWatcher, Worker, DelayedJobScheduler, RecurringJobScheduler...
2026-09-08 23:39:17.097 +02:00 [INF] Server pf66lh68:42484:3a043263 all the dispatchers started
2026-09-08 23:39:33.797 +02:00 [WRN] Failed to determine the https port for redirect.
2026-09-08 23:39:33.989 +02:00 [INF] HTTP OPTIONS /api/payroll/27cdd050-7e7f-42cc-af9d-0a293476871a responded 204 in 195.6408 ms
2026-09-08 23:39:34.100 +02:00 [WRN] You do not have a valid license key for the Lucky Penny software MediatR. This is allowed for development and testing scenarios. If you are running in production you are required to have a licensed version. Please visit https://luckypennysoftware.com to obtain a valid license.
2026-09-08 23:39:34.141 +02:00 [INF] HTTP OPTIONS /api/payroll/27cdd050-7e7f-42cc-af9d-0a293476871a/lines responded 204 in 349.1991 ms
2026-09-08 23:39:34.242 +02:00 [WRN] Compiling a query which loads related collections for more than one collection navigation, either via 'Include' or through projection, but no 'QuerySplittingBehavior' has been configured. By default, Entity Framework will use 'QuerySplittingBehavior.SingleQuery', which can potentially result in slow query performance. See https://go.microsoft.com/fwlink/?linkid=2134277 for more information. To identify the query that's triggering this warning call 'ConfigureWarnings(w => w.Throw(RelationalEventId.MultipleCollectionIncludeWarning))'.
2026-09-08 23:39:34.307 +02:00 [INF] HTTP OPTIONS /api/payroll/27cdd050-7e7f-42cc-af9d-0a293476871a/lines responded 204 in 515.5253 ms
2026-09-08 23:39:34.364 +02:00 [INF] HTTP GET /api/payroll/27cdd050-7e7f-42cc-af9d-0a293476871a responded 200 in 363.5627 ms
2026-09-08 23:39:34.451 +02:00 [INF] HTTP GET /api/payroll/27cdd050-7e7f-42cc-af9d-0a293476871a/lines responded 200 in 305.5035 ms
2026-09-08 23:39:34.456 +02:00 [INF] HTTP OPTIONS /api/payroll/27cdd050-7e7f-42cc-af9d-0a293476871a responded 204 in 664.3048 ms
2026-09-08 23:39:34.467 +02:00 [INF] HTTP GET /api/payroll/27cdd050-7e7f-42cc-af9d-0a293476871a responded 200 in 7.1514 ms
2026-09-08 23:39:34.613 +02:00 [INF] HTTP GET /api/payroll/27cdd050-7e7f-42cc-af9d-0a293476871a/lines responded 200 in 220.1829 ms
2026-09-08 23:39:39.116 +02:00 [INF] HTTP OPTIONS /api/payroll/periods responded 204 in 6.5389 ms
2026-09-08 23:39:39.168 +02:00 [INF] HTTP GET /api/payroll/periods responded 200 in 47.9864 ms
2026-09-08 23:39:50.915 +02:00 [INF] HTTP OPTIONS /api/payroll/generate responded 204 in 5.8142 ms
2026-09-08 23:39:50.954 +02:00 [INF] HTTP POST /api/payroll/generate responded 400 in 35.9725 ms
2026-09-08 23:43:17.726 +02:00 [INF] HTTP OPTIONS /api/dashboard/summary responded 204 in 3.5795 ms
2026-09-08 23:43:17.793 +02:00 [INF] HTTP GET /api/dashboard/summary responded 200 in 61.2240 ms
2026-09-08 23:43:20.593 +02:00 [INF] HTTP OPTIONS /api/employees responded 204 in 4.4090 ms
2026-09-08 23:43:20.634 +02:00 [INF] HTTP GET /api/employees responded 200 in 36.6177 ms
2026-09-08 23:43:22.229 +02:00 [INF] HTTP OPTIONS /api/payroll/periods responded 204 in 6.5645 ms
2026-09-08 23:43:22.240 +02:00 [INF] HTTP GET /api/payroll/periods responded 200 in 7.2058 ms
2026-09-08 23:43:23.509 +02:00 [INF] HTTP OPTIONS /api/leave responded 204 in 3.3686 ms
2026-09-08 23:43:23.548 +02:00 [INF] HTTP GET /api/leave responded 200 in 33.0844 ms
2026-09-08 23:43:26.584 +02:00 [INF] HTTP OPTIONS /api/payslips/periods responded 204 in 4.6455 ms
2026-09-08 23:43:26.606 +02:00 [INF] HTTP GET /api/payslips/periods responded 200 in 17.6449 ms
2026-09-08 23:43:31.310 +02:00 [INF] HTTP OPTIONS /api/settings/leave-types responded 204 in 3.8210 ms
2026-09-08 23:43:31.327 +02:00 [INF] HTTP OPTIONS /api/settings/leave-types responded 204 in 6.8995 ms
2026-09-08 23:43:31.341 +02:00 [INF] HTTP GET /api/settings/leave-types responded 401 in 18.2470 ms
2026-09-08 23:43:31.357 +02:00 [INF] HTTP GET /api/settings/leave-types responded 401 in 9.2309 ms
2026-09-08 23:43:46.450 +02:00 [INF] HTTP OPTIONS /api/auth/login responded 204 in 4.1894 ms
2026-09-08 23:43:46.765 +02:00 [ERR] Could not persist audit log for /api/auth/login
Microsoft.EntityFrameworkCore.DbUpdateConcurrencyException: The database operation was expected to affect 1 row(s), but actually affected 0 row(s); data may have been modified or deleted since entities were loaded. See https://go.microsoft.com/fwlink/?LinkId=527962 for information on understanding and handling optimistic concurrency exceptions.
   at Microsoft.EntityFrameworkCore.Update.AffectedCountModificationCommandBatch.ThrowAggregateUpdateConcurrencyExceptionAsync(RelationalDataReader reader, Int32 commandIndex, Int32 expectedRowsAffected, Int32 rowsAffected, CancellationToken cancellationToken)
   at Microsoft.EntityFrameworkCore.Update.AffectedCountModificationCommandBatch.ConsumeResultSetWithRowsAffectedOnlyAsync(Int32 commandIndex, RelationalDataReader reader, CancellationToken cancellationToken)
   at Microsoft.EntityFrameworkCore.Update.AffectedCountModificationCommandBatch.ConsumeAsync(RelationalDataReader reader, CancellationToken cancellationToken)
   at Microsoft.EntityFrameworkCore.Update.ReaderModificationCommandBatch.ExecuteAsync(IRelationalConnection connection, CancellationToken cancellationToken)
   at Microsoft.EntityFrameworkCore.Update.ReaderModificationCommandBatch.ExecuteAsync(IRelationalConnection connection, CancellationToken cancellationToken)
   at Microsoft.EntityFrameworkCore.Update.Internal.BatchExecutor.ExecuteAsync(IEnumerable`1 commandBatches, IRelationalConnection connection, CancellationToken cancellationToken)
   at Microsoft.EntityFrameworkCore.Update.Internal.BatchExecutor.ExecuteAsync(IEnumerable`1 commandBatches, IRelationalConnection connection, CancellationToken cancellationToken)
   at Microsoft.EntityFrameworkCore.Update.Internal.BatchExecutor.ExecuteAsync(IEnumerable`1 commandBatches, IRelationalConnection connection, CancellationToken cancellationToken)
   at Microsoft.EntityFrameworkCore.Storage.RelationalDatabase.SaveChangesAsync(IList`1 entries, CancellationToken cancellationToken)
   at Microsoft.EntityFrameworkCore.ChangeTracking.Internal.StateManager.SaveChangesAsync(IList`1 entriesToSave, CancellationToken cancellationToken)
   at Microsoft.EntityFrameworkCore.ChangeTracking.Internal.StateManager.SaveChangesAsync(StateManager stateManager, Boolean acceptAllChangesOnSuccess, CancellationToken cancellationToken)
   at Microsoft.EntityFrameworkCore.DbContext.SaveChangesAsync(Boolean acceptAllChangesOnSuccess, CancellationToken cancellationToken)
   at Payroll.Api.Middleware.AuditMiddleware.InvokeAsync(HttpContext context, AppDbContext db) in C:\Users\g990564\source\repos\payrollsa\payrollsa\Backend\src\Payroll.Api\Middleware\AuditMiddleware.cs:line 46
2026-09-08 23:43:46.785 +02:00 [INF] HTTP POST /api/auth/login responded 200 in 330.7702 ms
2026-09-08 23:43:46.815 +02:00 [INF] HTTP OPTIONS /api/dashboard/summary responded 204 in 3.9596 ms
2026-09-08 23:43:46.822 +02:00 [INF] HTTP OPTIONS /api/dashboard/summary responded 204 in 6.7580 ms
2026-09-08 23:43:46.839 +02:00 [INF] HTTP GET /api/dashboard/summary responded 403 in 8.0796 ms
2026-09-08 23:43:46.846 +02:00 [INF] HTTP GET /api/dashboard/summary responded 403 in 4.0971 ms
2026-09-08 23:43:49.090 +02:00 [INF] HTTP OPTIONS /api/leave responded 204 in 4.1182 ms
2026-09-08 23:43:49.107 +02:00 [INF] HTTP GET /api/leave responded 200 in 8.9455 ms
2026-09-08 23:43:51.022 +02:00 [INF] HTTP OPTIONS /api/payslips/me responded 204 in 3.8365 ms
2026-09-08 23:43:51.071 +02:00 [INF] HTTP GET /api/payslips/me responded 200 in 43.6598 ms
2026-09-08 23:43:53.172 +02:00 [INF] HTTP GET /api/payslips/me responded 200 in 8.1091 ms
2026-09-08 23:43:55.368 +02:00 [INF] HTTP OPTIONS /api/leave responded 204 in 6.5296 ms
2026-09-08 23:43:55.385 +02:00 [INF] HTTP GET /api/leave responded 200 in 8.8905 ms
2026-09-08 23:43:58.700 +02:00 [INF] HTTP OPTIONS /api/settings/leave-types responded 204 in 4.7391 ms
2026-09-08 23:43:58.742 +02:00 [INF] HTTP GET /api/settings/leave-types responded 200 in 34.0328 ms
2026-09-08 23:44:20.288 +02:00 [INF] HTTP OPTIONS /api/leave/request responded 204 in 4.0878 ms
2026-09-08 23:44:20.438 +02:00 [INF] HTTP POST /api/leave/request responded 200 in 144.2321 ms
2026-09-08 23:44:26.655 +02:00 [INF] HTTP OPTIONS /api/leave responded 204 in 3.0068 ms
2026-09-08 23:44:26.674 +02:00 [INF] HTTP GET /api/leave responded 200 in 12.6225 ms
2026-09-08 23:49:21.136 +02:00 [INF] HTTP OPTIONS /api/settings/leave-types responded 204 in 10.4946 ms
2026-09-08 23:49:21.154 +02:00 [INF] HTTP GET /api/settings/leave-types responded 200 in 8.0600 ms
2026-09-08 23:49:21.298 +02:00 [INF] HTTP OPTIONS /api/settings/leave-types responded 204 in 166.8956 ms
2026-09-08 23:49:21.324 +02:00 [INF] HTTP GET /api/settings/leave-types responded 200 in 8.2799 ms
2026-09-08 23:49:21.983 +02:00 [INF] HTTP OPTIONS /api/leave responded 204 in 3.7628 ms
2026-09-08 23:49:21.999 +02:00 [INF] HTTP GET /api/leave responded 200 in 8.5426 ms
2026-09-08 23:49:22.008 +02:00 [INF] HTTP GET /api/leave responded 200 in 4.9890 ms
2026-09-08 23:50:14.003 +02:00 [INF] HTTP OPTIONS /api/employees responded 204 in 2.4977 ms
2026-09-08 23:50:14.019 +02:00 [INF] HTTP GET /api/employees responded 200 in 7.8105 ms
2026-09-08 23:50:15.550 +02:00 [INF] HTTP OPTIONS /api/employee-deductions responded 204 in 3.5592 ms
2026-09-08 23:50:15.578 +02:00 [INF] HTTP GET /api/employee-deductions responded 200 in 23.7966 ms
2026-09-08 23:52:58.013 +02:00 [INF] Server pf66lh68:42484:3a043263 caught stopping signal...
2026-09-08 23:52:58.017 +02:00 [INF] Server pf66lh68:42484:3a043263 All dispatchers stopped
2026-09-08 23:52:58.021 +02:00 [INF] Server pf66lh68:42484:3a043263 successfully reported itself as stopped in 0.729 ms
2026-09-08 23:52:58.021 +02:00 [INF] Server pf66lh68:42484:3a043263 has been stopped in total 7.1896 ms
